audio_file|text
/root/f5-tts-marathi/datasets/syspin_marathi_female/extracted/IISc_SYSPIN_Data/IISc_SYSPINProject_Marathi_Female_Spk001_HC/wav/IISc_SYSPINProject_mr_f_BOOK_02045.wav|ब्राझील उच्चभूमीच्या पूर्वभागात हे पाणलोट क्षेत्र आहे.
/root/f5-tts-marathi/datasets/syspin_marathi_female/extracted/IISc_SYSPIN_Data/IISc_SYSPINProject_Marathi_Female_Spk001_HC/wav/IISc_SYSPINProject_mr_f_FINA_02726.wav|उर्वरित रकमेसाठी व्याजाने रक्कम घेऊ इच्छिणाऱ्या संस्थांना कर्ज देण्यासाठी महाराष्ट्र ग्रामीण बंक आणि विदर्भ ग्रामीण बंकेने पुढाकार घ्यावा, असे जानकर यांनी बंकेच्या अधिकाऱ्यांना यावेळी सांगितले.
/root/f5-tts-marathi/datasets/syspin_marathi_female/extracted/IISc_SYSPIN_Data/IISc_SYSPINProject_Marathi_Female_Spk001_HC/wav/IISc_SYSPINProject_mr_f_BOOK_02987.wav|रंगून, पेगू, प्रोम ही ठिकाणे इंग्रजांनी जिंकून घेतली.
/root/f5-tts-marathi/datasets/syspin_marathi_female/extracted/IISc_SYSPIN_Data/IISc_SYSPINProject_Marathi_Female_Spk001_HC/wav/IISc_SYSPINProject_mr_f_AGRI_03054.wav|बांबू हस्तशिल्प, बांबू अलंकार, बांबू गृहनिर्माण, बांबू लागवड या विषयात लक्षणीय कार्य केले आहे.
/root/f5-tts-marathi/datasets/syspin_marathi_female/extracted/IISc_SYSPIN_Data/IISc_SYSPINProject_Marathi_Female_Spk001_HC/wav/IISc_SYSPINProject_mr_f_FINA_01334.wav|पुढील हंगामासाठी केंद्र शासनाने धान्याची आधारभूत किंमत निश्चित केली आहे.
/root/f5-tts-marathi/datasets/syspin_marathi_female/extracted/IISc_SYSPIN_Data/IISc_SYSPINProject_Marathi_Female_Spk001_HC/wav/IISc_SYSPINProject_mr_f_WEAT_01161.wav|येत्या आठवड्यात हे विनोदवीर 'अग्गंबाई सासूबाई' या मालिकेवर आधारित एक विनोदी स्किट सादर करणार आहेत.
/root/f5-tts-marathi/datasets/syspin_marathi_female/extracted/IISc_SYSPIN_Data/IISc_SYSPINProject_Marathi_Female_Spk001_HC/wav/IISc_SYSPINProject_mr_f_FINA_02398.wav|उच्च शिक्षणातील अनुदान कमी करण्यात येणार असून ते कमी झाल्यानंतर संबंधित संस्थांना कर्ज उभं करावे लागणार अहे.
/root/f5-tts-marathi/datasets/syspin_marathi_female/extracted/IISc_SYSPIN_Data/IISc_SYSPINProject_Marathi_Female_Spk001_HC/wav/IISc_SYSPINProject_mr_f_WEAT_01468.wav|शनिवारी भोपाळमध्ये स्पोर्ट्स ओथॉरिटी ओफ इंडियाच्या कंपसमध्ये सेल्फी घेत असताना तिचा तोल गेल्याने फिश हार्वेस्टिंग प्लांटमध्ये पडली.
/root/f5-tts-marathi/datasets/syspin_marathi_female/extracted/IISc_SYSPIN_Data/IISc_SYSPINProject_Marathi_Female_Spk001_HC/wav/IISc_SYSPINProject_mr_f_BOOK_00395.wav|भूमिज शैलीत क्रमशः लहान होत जाणाऱ्या शिखरांच्या प्रतिकृती वरपर्यंत रचलेल्या असतात.
/root/f5-tts-marathi/datasets/syspin_marathi_female/extracted/IISc_SYSPIN_Data/IISc_SYSPINProject_Marathi_Female_Spk001_HC/wav/IISc_SYSPINProject_mr_f_BOOK_00188.wav|भारताच्या सांस्कृतिक आणि राजकीय घडणीत दलित वर्गाचा मोठा वाटा आह.
/root/f5-tts-marathi/datasets/syspin_marathi_female/extracted/IISc_SYSPIN_Data/IISc_SYSPINProject_Marathi_Female_Spk001_HC/wav/IISc_SYSPINProject_mr_f_HEAL_03807.wav|दिवसा फिरायला घ्यावी, रोज नवीन माहिती घ्यावी, आठवड्यात किमान एक नवीन ओळख करून घ्यावी, झोप लागत नाही याचीही सारखी तक्रार मनातल्या मनातही करू नये.
/root/f5-tts-marathi/datasets/syspin_marathi_female/extracted/IISc_SYSPIN_Data/IISc_SYSPINProject_Marathi_Female_Spk001_HC/wav/IISc_SYSPINProject_mr_f_OTHE_00403.wav|त्यांनी हल्ले कायम ठेवले तर त्याचे काय परिणाम होतील हे सांगता येणार नाहीत अशा शब्दांमध्ये इस्रायलची भूमिका त्यांनी रेडिओवर स्पष्ट केली.
/root/f5-tts-marathi/datasets/syspin_marathi_female/extracted/IISc_SYSPIN_Data/IISc_SYSPINProject_Marathi_Female_Spk001_HC/wav/IISc_SYSPINProject_mr_f_BOOK_04400.wav|तसेच या सर्वांमुळे जमिनीचा कस कमी होतो. त्यामुळे माणसे, प्राणी आणि वनस्पती यांच्यामध्ये अनेक प्रकारच्या रोगांचा प्रादुर्भाव होऊन आरोग्याला हानी पोचवणारी परिस्थिती निर्माण होत आहे.
/root/f5-tts-marathi/datasets/syspin_marathi_female/extracted/IISc_SYSPIN_Data/IISc_SYSPINProject_Marathi_Female_Spk001_HC/wav/IISc_SYSPINProject_mr_f_BOOK_00449.wav|कलेचा इतिहास ही एक ज्ञानशाखा आहे.
/root/f5-tts-marathi/datasets/syspin_marathi_female/extracted/IISc_SYSPIN_Data/IISc_SYSPINProject_Marathi_Female_Spk001_HC/wav/IISc_SYSPINProject_mr_f_HEAL_02890.wav|मानवीय शरीरावर एकाचवेळी अधिक भिन्न कार्यांचा परिणाम होतो,यामुळे त्याचे उपचार करणे अधिक अवघड होवून बसते.
/root/f5-tts-marathi/datasets/syspin_marathi_female/extracted/IISc_SYSPIN_Data/IISc_SYSPINProject_Marathi_Female_Spk001_HC/wav/IISc_SYSPINProject_mr_f_POLI_00326.wav|मुंबई मराठी पत्रकार संघ, मंत्रालय विधिमंडळ पत्रकार संघ या संघटनांचे प्रतिनिधी यावेळी उपस्थित होते.
/root/f5-tts-marathi/datasets/syspin_marathi_female/extracted/IISc_SYSPIN_Data/IISc_SYSPINProject_Marathi_Female_Spk001_HC/wav/IISc_SYSPINProject_mr_f_GENE_02724.wav|केरॉन पोलार्ड व हार्दिक पंड्या हे निर्णायक षटकात स्फोटक फलंदाजीची क्षमता राखून असल्याने या आघाडीवर देखील मुंबई इंडियन्सचा संघ निश्चिंत असेल.
/root/f5-tts-marathi/datasets/syspin_marathi_female/extracted/IISc_SYSPIN_Data/IISc_SYSPINProject_Marathi_Female_Spk001_HC/wav/IISc_SYSPINProject_mr_f_POLI_02952.wav|त्यामुळे दोन पक्षांमधील मुख्यमंत्री पदाचा तिढा सुटेपर्यंत मुख्यमंत्री पदाचा पदभार माझ्याकडे द्या अशी मागणी या शेतकऱ्याने केली आहे.
/root/f5-tts-marathi/datasets/syspin_marathi_female/extracted/IISc_SYSPIN_Data/IISc_SYSPINProject_Marathi_Female_Spk001_HC/wav/IISc_SYSPINProject_mr_f_BOOK_02385.wav|भारताच्या अंतर्गत सुरक्षेला असणारा धोका हेराष्ट्रीय सुरक्षेसाठी एक मोठे आव्हान आहे.
/root/f5-tts-marathi/datasets/syspin_marathi_female/extracted/IISc_SYSPIN_Data/IISc_SYSPINProject_Marathi_Female_Spk001_HC/wav/IISc_SYSPINProject_mr_f_AGRI_03366.wav|मूग, मटकी, चवळी, उडीद या पिकांच्या परिपक्व झालेल्या शेंगांची तोडणी करून शेंगा सावलीत सुकवाव्यात किंवा उन्हात वाळवून बडवून दाणे वेगळे करून पोत्यात भरून ठेवावे.
/root/f5-tts-marathi/datasets/syspin_marathi_female/extracted/IISc_SYSPIN_Data/IISc_SYSPINProject_Marathi_Female_Spk001_HC/wav/IISc_SYSPINProject_mr_f_HEAL_00746.wav|कपालभाती आसन केल्यास शरीरातील कार्बन डायक्सॉईड हटवून रक्त साफ करण्यास मदत करते
/root/f5-tts-marathi/datasets/syspin_marathi_female/extracted/IISc_SYSPIN_Data/IISc_SYSPINProject_Marathi_Female_Spk001_HC/wav/IISc_SYSPINProject_mr_f_HEAL_04367.wav|साधारणपणे रासायनिक चिकित्सा ही टप्प्याटप्प्याने दिली जाते किंवा ठराविक दिवसांच्या कालावधीने दिली जाते.
/root/f5-tts-marathi/datasets/syspin_marathi_female/extracted/IISc_SYSPIN_Data/IISc_SYSPINProject_Marathi_Female_Spk001_HC/wav/IISc_SYSPINProject_mr_f_AGRI_04261.wav|बटाटा पिकावर प्रामुख्याने मावा, तुडतुडे, बटाटा पोखरणारी अळी या किडींचा तसेच लवकर व उशिरा येणारा करपा आणि विषाणूजन्य रोगांचा प्रादुर्भाव होतो.
/root/f5-tts-marathi/datasets/syspin_marathi_female/extracted/IISc_SYSPIN_Data/IISc_SYSPINProject_Marathi_Female_Spk001_HC/wav/IISc_SYSPINProject_mr_f_OTHE_00277.wav|दिल्लीतील सरकारी शाळेत सुरु असलेल्या हेप्पीनेस क्लासचे 'खुशी के पाठ्यक्रम' असे या पाठ्यक्रमाचे नाव आहे .
/root/f5-tts-marathi/datasets/syspin_marathi_female/extracted/IISc_SYSPIN_Data/IISc_SYSPINProject_Marathi_Female_Spk001_HC/wav/IISc_SYSPINProject_mr_f_POLI_02718.wav|दरम्यान, सुप्रीम कोर्टानेही याप्रकरणी यावर सुनावणी करणं न्यायालयाच्या अधिकार क्षेत्रात आहे की, नाही हे पाहावं लागणार असल्याचं स्पष्ट केलं.
/root/f5-tts-marathi/datasets/syspin_marathi_female/extracted/IISc_SYSPIN_Data/IISc_SYSPINProject_Marathi_Female_Spk001_HC/wav/IISc_SYSPINProject_mr_f_BOOK_04733.wav|शुक्राणू व अंडपेशी एकत्र येऊन युग्मनज तयार होण्याच्या प्रक्रियेस फलन म्हणतात.
/root/f5-tts-marathi/datasets/syspin_marathi_female/extracted/IISc_SYSPIN_Data/IISc_SYSPINProject_Marathi_Female_Spk001_HC/wav/IISc_SYSPINProject_mr_f_EDUC_00632.wav|छत्रपती संभाजी महाराजांची भूमिका साकारत असलेल्या डाक्टर् कोल्हेंना रसिकांचं उत्स्फुर्त प्रेम मिळत आहे.
/root/f5-tts-marathi/datasets/syspin_marathi_female/extracted/IISc_SYSPIN_Data/IISc_SYSPINProject_Marathi_Female_Spk001_HC/wav/IISc_SYSPINProject_mr_f_OTHE_02779.wav|लीना नेटके, गिता एल्लाराम, स्वप्निल चिंतल, रसिका म्याना, सुदर्शनी गांधी, राज एल्लराम, सुरभी गांधी उपस्थित होते
/root/f5-tts-marathi/datasets/syspin_marathi_female/extracted/IISc_SYSPIN_Data/IISc_SYSPINProject_Marathi_Female_Spk001_HC/wav/IISc_SYSPINProject_mr_f_GENE_02590.wav|हे टाळण्यासाठी श्री विचारे ग्रामीण भागात विविध कार्यक्रम ठेवून पारंपरिक कला जतन करण्याचे कार्य गेली अनेक वर्षे करीत आहेत.
/root/f5-tts-marathi/datasets/syspin_marathi_female/extracted/IISc_SYSPIN_Data/IISc_SYSPINProject_Marathi_Female_Spk001_HC/wav/IISc_SYSPINProject_mr_f_OTHE_01355.wav|कायद्याच्या चौकटीत वर्षोनुवर्षे चालणाऱ्या या प्रकरणांची लोकांना नंतर आठवणही राहत नाही.
/root/f5-tts-marathi/datasets/syspin_marathi_female/extracted/IISc_SYSPIN_Data/IISc_SYSPINProject_Marathi_Female_Spk001_HC/wav/IISc_SYSPINProject_mr_f_BOOK_03428.wav|जनजागरण करणे आणि लढा उभारणे या कामासाठी त्यांनी वृत्तपत्रांकडे चळवळीचे एक हत्यार म्हणून पाहिले.
/root/f5-tts-marathi/datasets/syspin_marathi_female/extracted/IISc_SYSPIN_Data/IISc_SYSPINProject_Marathi_Female_Spk001_HC/wav/IISc_SYSPINProject_mr_f_OTHE_00299.wav|खान्देशी पदार्थ 'विकणारी' हॉटेल्स पुण्यात कमी नाहीत पण, निलेश चौधरीच्या 'खान्देश जंक्शन'मध्ये मिळणाऱ्या पदार्थांना खान्देशाची चव आहे.
/root/f5-tts-marathi/datasets/syspin_marathi_female/extracted/IISc_SYSPIN_Data/IISc_SYSPINProject_Marathi_Female_Spk001_HC/wav/IISc_SYSPINProject_mr_f_WEAT_02153.wav|"माझ्या आईचं एक वाक्य मी कायम लक्षात ठेवते ""व्हॉट यू डोन्ट मेजर, यू केनॉट इम्प्रूव्ह"" त्यामुळे प्रगती हवी असेल तर मोजमाप केले पाहिजे."
/root/f5-tts-marathi/datasets/syspin_marathi_female/extracted/IISc_SYSPIN_Data/IISc_SYSPINProject_Marathi_Female_Spk001_HC/wav/IISc_SYSPINProject_mr_f_POLI_00566.wav|काठीण्य, स्मूथनेस आणि स्क्रेचिंगला अवरोध या गुणांमुळे त्याचा वापर वाढत आहे.
/root/f5-tts-marathi/datasets/syspin_marathi_female/extracted/IISc_SYSPIN_Data/IISc_SYSPINProject_Marathi_Female_Spk001_HC/wav/IISc_SYSPINProject_mr_f_HEAL_01028.wav|पालकाच्या भाजीत असलेले झिंक आणि फायबर मेंदू तल्लख करतात आणि त्वचा तजेलदार बनवतात
/root/f5-tts-marathi/datasets/syspin_marathi_female/extracted/IISc_SYSPIN_Data/IISc_SYSPINProject_Marathi_Female_Spk001_HC/wav/IISc_SYSPINProject_mr_f_WEAT_01139.wav|शारापोवाने सेरेनाच्या बॉयफ्रेंडच्या बाबतीतही असभ्य टिपण्या केल्या होत्या.
/root/f5-tts-marathi/datasets/syspin_marathi_female/extracted/IISc_SYSPIN_Data/IISc_SYSPINProject_Marathi_Female_Spk001_HC/wav/IISc_SYSPINProject_mr_f_BOOK_01772.wav|आपल्या प्रदेशाचा विकास करण्यासाठी त्यांना केवळ अधिकारांऐवजी स्वायत्तता आवश्यक वाटते.
/root/f5-tts-marathi/datasets/syspin_marathi_female/extracted/IISc_SYSPIN_Data/IISc_SYSPINProject_Marathi_Female_Spk001_HC/wav/IISc_SYSPINProject_mr_f_AGRI_03946.wav|या पिकावर भुरी रोग पडतो. त्यामुळे पाने काळी पडतात आणि सुकतात. त्यावर गंधकाची पूड फवारणे हा उपाय आहे.
/root/f5-tts-marathi/datasets/syspin_marathi_female/extracted/IISc_SYSPIN_Data/IISc_SYSPINProject_Marathi_Female_Spk001_HC/wav/IISc_SYSPINProject_mr_f_OTHE_01739.wav|खास बात म्हणजे ट्रस्टतर्फे दरवर्षी सादर केला जाणारा देखावा आणि विद्युत रोषणाई हा भाविकांच्या आकर्षणाचा केंद्रबिंदू ठरतो.
/root/f5-tts-marathi/datasets/syspin_marathi_female/extracted/IISc_SYSPIN_Data/IISc_SYSPINProject_Marathi_Female_Spk001_HC/wav/IISc_SYSPINProject_mr_f_BOOK_04410.wav|स्वतःच्या घरापासून सुरू झालेला उपक्रम त्यांनी बचतगटाच्या माध्यमातून सर्वत्र पोहचवायला सुरुवात केली.
/root/f5-tts-marathi/datasets/syspin_marathi_female/extracted/IISc_SYSPIN_Data/IISc_SYSPINProject_Marathi_Female_Spk001_HC/wav/IISc_SYSPINProject_mr_f_HEAL_04405.wav|रासायनिक चिकित्से दरम्यान अनेक कर्करोग बाधित रुग्णांच्या रक्तातील तांबड्या पेशींचे प्रमाण कमी होते.
/root/f5-tts-marathi/datasets/syspin_marathi_female/extracted/IISc_SYSPIN_Data/IISc_SYSPINProject_Marathi_Female_Spk001_HC/wav/IISc_SYSPINProject_mr_f_AGRI_02476.wav|पन्नास हजार गोणी फ्रेंच मिठाच्या बदल्यात 5000पाच हजार गाड्या कापूस देण्याची बोलणी करून त्यानुसार कापसाच्या 5000पाच हजार गाड्या रवाना केल्या.
/root/f5-tts-marathi/datasets/syspin_marathi_female/extracted/IISc_SYSPIN_Data/IISc_SYSPINProject_Marathi_Female_Spk001_HC/wav/IISc_SYSPINProject_mr_f_BOOK_05270.wav|औष्णिक-विद्युत निर्मिती हा जरी विद्युत निर्मितीसाठी मोठ्या प्रमाणावर वापरला जाणारा मार्ग असला तरी, अशा प्रकारच्या विद्युत निर्मितीमुळेकाही समस्याही निर्माण होतात.
/root/f5-tts-marathi/datasets/syspin_marathi_female/extracted/IISc_SYSPIN_Data/IISc_SYSPINProject_Marathi_Female_Spk001_HC/wav/IISc_SYSPINProject_mr_f_BOOK_03115.wav|यामुळे माल खरेदी करणे आणि विकणे जिकीरीचे होऊ लागले.
/root/f5-tts-marathi/datasets/syspin_marathi_female/extracted/IISc_SYSPIN_Data/IISc_SYSPINProject_Marathi_Female_Spk001_HC/wav/IISc_SYSPINProject_mr_f_OTHE_03355.wav|साहूने केलेले कृत्य आयुष्यभर मनात साठलेला क्रोधाचा लाव्ह्याला आऊटलेट मिळाल्याने केले.
/root/f5-tts-marathi/datasets/syspin_marathi_female/extracted/IISc_SYSPIN_Data/IISc_SYSPINProject_Marathi_Female_Spk001_HC/wav/IISc_SYSPINProject_mr_f_AGRI_03941.wav|खताचा पुरवठा भरपूर लागतो, पण तो जिऱ्याच्या पिकापूर्वीच्या पिकाला द्यावा लागतो.
/root/f5-tts-marathi/datasets/syspin_marathi_female/extracted/IISc_SYSPIN_Data/IISc_SYSPINProject_Marathi_Female_Spk001_HC/wav/IISc_SYSPINProject_mr_f_GENE_02258.wav|पाण्याचा लोंढाच इतका जबरदस्त होता की शेवटी 12बारा जुलै 1961एकोणीसशे एकसष्ट ला पानशेत धरण फुटले.
/root/f5-tts-marathi/datasets/syspin_marathi_female/extracted/IISc_SYSPIN_Data/IISc_SYSPINProject_Marathi_Female_Spk001_HC/wav/IISc_SYSPINProject_mr_f_WEAT_03657.wav|मात्र इराणने देशातील सर्वात श्रीमंत व्यावसायिक, 900नऊशे अब्जांच्या संपत्तीचा मालक बबाक मुर्तुजा जंजानी याला मृत्यूदंडाची शिक्षा फर्मावून जगापुढे आदर्श निर्माण केला आहे.
/root/f5-tts-marathi/datasets/syspin_marathi_female/extracted/IISc_SYSPIN_Data/IISc_SYSPINProject_Marathi_Female_Spk001_HC/wav/IISc_SYSPINProject_mr_f_EDUC_01359.wav|पण, इलेक्शन पार पडताच पुन्हा या हेल्मेट कारवाईने जोर धरला असून, कारवाई तेजीत सुरू झाली आहे.
/root/f5-tts-marathi/datasets/syspin_marathi_female/extracted/IISc_SYSPIN_Data/IISc_SYSPINProject_Marathi_Female_Spk001_HC/wav/IISc_SYSPINProject_mr_f_BOOK_01510.wav|संविधानाने त्या दिशेने जाण्याचा मार्गही स्पष्ट केला आहे व त्या दिशेने आपली वाटचालही होत आहे.
/root/f5-tts-marathi/datasets/syspin_marathi_female/extracted/IISc_SYSPIN_Data/IISc_SYSPINProject_Marathi_Female_Spk001_HC/wav/IISc_SYSPINProject_mr_f_EDUC_00130.wav|झुंबा टोनिंग, झुंबा गोल्ड, झुंबा गोल्ड टोनिंग, झुंबा किड्स असे वेगवेगळे प्रकार यात आहेत.
/root/f5-tts-marathi/datasets/syspin_marathi_female/extracted/IISc_SYSPIN_Data/IISc_SYSPINProject_Marathi_Female_Spk001_HC/wav/IISc_SYSPINProject_mr_f_HEAL_00380.wav|एकंदर काय, जे जे सगुण असतं, ते ते साकार असतं आणि साकार असल्यामुळे त्याला निदान लज्जेचा पडदा तरी धरावाच लागतो
/root/f5-tts-marathi/datasets/syspin_marathi_female/extracted/IISc_SYSPIN_Data/IISc_SYSPINProject_Marathi_Female_Spk001_HC/wav/IISc_SYSPINProject_mr_f_POLI_01684.wav|बारावीच्या परिक्षांवर जिल्हाधिकारी आणि मुख्य कार्यकारी अधिकारी यांचे नियंत्रण असणार आहे.
/root/f5-tts-marathi/datasets/syspin_marathi_female/extracted/IISc_SYSPIN_Data/IISc_SYSPINProject_Marathi_Female_Spk001_HC/wav/IISc_SYSPINProject_mr_f_BOOK_05859.wav|या बटाट्यांना जनुकीय पारेषीत बटाटे म्हणतात.
/root/f5-tts-marathi/datasets/syspin_marathi_female/extracted/IISc_SYSPIN_Data/IISc_SYSPINProject_Marathi_Female_Spk001_HC/wav/IISc_SYSPINProject_mr_f_GENE_01466.wav|सण व उत्सवांसाठी दक्षिण भारत प्रसिद्ध असल्याने म्हैसूरचा दसरोत्सव, केरळचा ओणम, गोव्यातील शिमगोत्सव, मुंबईचा सार्वजनिक गणेशोत्सव या उत्सवांनाही पर्यटनाच्या माध्यमातून वेगळे महत्त्व आहे.
/root/f5-tts-marathi/datasets/syspin_marathi_female/extracted/IISc_SYSPIN_Data/IISc_SYSPINProject_Marathi_Female_Spk001_HC/wav/IISc_SYSPINProject_mr_f_WEAT_00248.wav|विन्स्टन चर्चिलच्या प्रभावी बोलण्याने दुसऱ्या महायुद्धात प्रचंड बॉम्बिंग होत असतानाही ब्रिटनच्या लोकांचे लढण्याचे धैर्य वाढले.
/root/f5-tts-marathi/datasets/syspin_marathi_female/extracted/IISc_SYSPIN_Data/IISc_SYSPINProject_Marathi_Female_Spk001_HC/wav/IISc_SYSPINProject_mr_f_AGRI_01577.wav|विहिरींची, बोअरवेलची वाढत जाणारी संख्या आणि खोली यामुळे जमिनीतील पाणी साठवून ठेवणारे खडक पोकळ होत आहेत.
/root/f5-tts-marathi/datasets/syspin_marathi_female/extracted/IISc_SYSPIN_Data/IISc_SYSPINProject_Marathi_Female_Spk001_HC/wav/IISc_SYSPINProject_mr_f_WEAT_03518.wav|ब्राझीलच्या उत्तर भागातील रोरेमा, एक्रे, रोंडोनिया, पारा, माटो ग्रोसो आणि अमेझॉन या राज्यांमध्ये वणव्यांमुळे संकट निर्माण झाले आहे.
/root/f5-tts-marathi/datasets/syspin_marathi_female/extracted/IISc_SYSPIN_Data/IISc_SYSPINProject_Marathi_Female_Spk001_HC/wav/IISc_SYSPINProject_mr_f_WEAT_03700.wav|या अत्यंत आधुनिक अशा नेनो क्रीस्टलाईन अलॉय रिबनच्या चुंबकीय व इलेक्ट्रॉनिक क्षेत्राशी निगडीत विशिष्ट गुणधर्माने या क्षेत्राला नवी दिशा मिळणार आहे.
/root/f5-tts-marathi/datasets/syspin_marathi_female/extracted/IISc_SYSPIN_Data/IISc_SYSPINProject_Marathi_Female_Spk001_HC/wav/IISc_SYSPINProject_mr_f_FINA_02391.wav|पायाभूत सुविधांसाठी 221दोनशे एकवीस लाख कोटींची तरतूद केली असून 97सत्याण्णव हजार कोटी रस्त्यांसाठी खर्च केले जातील, असे जेटली म्हणाले.
/root/f5-tts-marathi/datasets/syspin_marathi_female/extracted/IISc_SYSPIN_Data/IISc_SYSPINProject_Marathi_Female_Spk001_HC/wav/IISc_SYSPINProject_mr_f_AGRI_02265.wav|झाडांचा घेर कमी असल्याने घेरात हवा व सूर्यप्रकाश खेळता राहतो. त्यामध्ये कीड व रोगाचा प्रादुर्भाव कमी होऊन आकर्षक व दर्जेदार फळे मिळतात.
/root/f5-tts-marathi/datasets/syspin_marathi_female/extracted/IISc_SYSPIN_Data/IISc_SYSPINProject_Marathi_Female_Spk001_HC/wav/IISc_SYSPINProject_mr_f_HEAL_03927.wav|साधन काढून टाकताच पुन्हा लगेचच दिवस जाऊ शकतात, असे यांचे फायदे आहेत.
/root/f5-tts-marathi/datasets/syspin_marathi_female/extracted/IISc_SYSPIN_Data/IISc_SYSPINProject_Marathi_Female_Spk001_HC/wav/IISc_SYSPINProject_mr_f_EDUC_00935.wav|तसंच क्वीननंतर पुन्हा एकदा राजकुमार राव आणि कंगना राणौत स्क्रीन शेअर करणार आहेत, त्यामुळेही या चित्रपटाची चर्चा रंगत आहे.
/root/f5-tts-marathi/datasets/syspin_marathi_female/extracted/IISc_SYSPIN_Data/IISc_SYSPINProject_Marathi_Female_Spk001_HC/wav/IISc_SYSPINProject_mr_f_OTHE_01696.wav|पुढल्या दहाबारा वर्षात या वाहनांची संख्या तीन अब्जांपेक्षाही जास्त होईल, यात शंका नाही.
/root/f5-tts-marathi/datasets/syspin_marathi_female/extracted/IISc_SYSPIN_Data/IISc_SYSPINProject_Marathi_Female_Spk001_HC/wav/IISc_SYSPINProject_mr_f_WEAT_04370.wav|मार्च पासून केथोलिक पब्लिक स्कूल सिंगापूर येथे एक आठवड्याच्या अभ्यास दौऱ्यासाठी जाणार असल्याची माहिती संस्थेच्या अध्यक्षा उषा गित्ते यांनी दिली आहे.
/root/f5-tts-marathi/datasets/syspin_marathi_female/extracted/IISc_SYSPIN_Data/IISc_SYSPINProject_Marathi_Female_Spk001_HC/wav/IISc_SYSPINProject_mr_f_BOOK_05782.wav|स्त्रीयुग्मक व पुंयुग्मक यांचे मिलन झाल्यानंतर जे युग्मनज बनतेत्यापासून पुढील सजीव बनतो.
/root/f5-tts-marathi/datasets/syspin_marathi_female/extracted/IISc_SYSPIN_Data/IISc_SYSPINProject_Marathi_Female_Spk001_HC/wav/IISc_SYSPINProject_mr_f_WEAT_04168.wav|जगात सध्या तरी एक्टेरिना एवढे लांब पाय दुसऱ्या कोणाचे नसल्याने तिच्या या लांब पायांची नोंद गिनिज बुक ओफ वर्ल्ड रेकॉर्डमध्ये झाली आहे.
/root/f5-tts-marathi/datasets/syspin_marathi_female/extracted/IISc_SYSPIN_Data/IISc_SYSPINProject_Marathi_Female_Spk001_HC/wav/IISc_SYSPINProject_mr_f_BOOK_02916.wav|' कौन्सिल ओफ दी इंडिज 'या संघटनेद्वारे सत्ता राबवण्यात येऊ लागली.
/root/f5-tts-marathi/datasets/syspin_marathi_female/extracted/IISc_SYSPIN_Data/IISc_SYSPINProject_Marathi_Female_Spk001_HC/wav/IISc_SYSPINProject_mr_f_OTHE_00949.wav|आत्तापर्यंत प्लुटोचा आकार जितका सांगितला जात होता, त्यापेक्षा प्लुटो आकाराने खूपच मोठा ग्रह आहे.
/root/f5-tts-marathi/datasets/syspin_marathi_female/extracted/IISc_SYSPIN_Data/IISc_SYSPINProject_Marathi_Female_Spk001_HC/wav/IISc_SYSPINProject_mr_f_POLI_01496.wav|यामध्ये भाजपा नेते पत्रकारांना बंद लिफाफ्यांचे वाटप करत असल्याचे दिसत होते.
/root/f5-tts-marathi/datasets/syspin_marathi_female/extracted/IISc_SYSPIN_Data/IISc_SYSPINProject_Marathi_Female_Spk001_HC/wav/IISc_SYSPINProject_mr_f_BOOK_04677.wav|तर निदलपुंज आणि दलपुंज हे आतील मंडलांच्या संरक्षणाचे काम करतात म्हणून त्यांना 'अतिरिक्त मंडले' म्हणतात.
/root/f5-tts-marathi/datasets/syspin_marathi_female/extracted/IISc_SYSPIN_Data/IISc_SYSPINProject_Marathi_Female_Spk001_HC/wav/IISc_SYSPINProject_mr_f_BOOK_04832.wav|अशा अटी अभिक्रियादर्शक बाणाच्या खाली किंवा वर दर्शवितात.
/root/f5-tts-marathi/datasets/syspin_marathi_female/extracted/IISc_SYSPIN_Data/IISc_SYSPINProject_Marathi_Female_Spk001_HC/wav/IISc_SYSPINProject_mr_f_FINA_01205.wav|विमा पॉलिसी महागणार असून चेंज लिंक्ड आणि नॉन लिंक्ड जीवन विमा पॉलिसीमध्ये बदल करण्यात येणार आहेत.
/root/f5-tts-marathi/datasets/syspin_marathi_female/extracted/IISc_SYSPIN_Data/IISc_SYSPINProject_Marathi_Female_Spk001_HC/wav/IISc_SYSPINProject_mr_f_EVAL_00378.wav|प्रेक्षकात कोणीतरी स्वयंसेवक म्हणून त्याच्या जादूगाराला मंचावरून सामील होण्यास सांगितला.
/root/f5-tts-marathi/datasets/syspin_marathi_female/extracted/IISc_SYSPIN_Data/IISc_SYSPINProject_Marathi_Female_Spk001_HC/wav/IISc_SYSPINProject_mr_f_AGRI_03023.wav|या वर्षी ओक्टोबर व नोव्हेंबर महिन्यात झालेल्या अवकाळी पावसाने हातातोंडाशी आलेली खरीपाची पिके वाया गेली.
/root/f5-tts-marathi/datasets/syspin_marathi_female/extracted/IISc_SYSPIN_Data/IISc_SYSPINProject_Marathi_Female_Spk001_HC/wav/IISc_SYSPINProject_mr_f_BOOK_04497.wav|2016दोन हजार सोळा पासून या पर्यटकांना हिंदी, इंग्रजीशिवाय 10दहा परकीय भाषांमध्ये आठवड्याचे सर्व दिवस आणि 24चोवीस तास माहिती देण्याची सुविधा उपलब्ध करून दिली आहे.
/root/f5-tts-marathi/datasets/syspin_marathi_female/extracted/IISc_SYSPIN_Data/IISc_SYSPINProject_Marathi_Female_Spk001_HC/wav/IISc_SYSPINProject_mr_f_BOOK_03473.wav|1822अठराशे बावीस च्या दरम्यान 'हरिया' या भिल्लांच्या म्होरक्याचा उठाव केप्टन रॉबिन्सन याने दडपला.
/root/f5-tts-marathi/datasets/syspin_marathi_female/extracted/IISc_SYSPIN_Data/IISc_SYSPINProject_Marathi_Female_Spk001_HC/wav/IISc_SYSPINProject_mr_f_POLI_02433.wav|मोबाईल फोनद्वारे पाठवण्यात आलेल्या टेक्स्ट मेसेजद्वारे मतदान यंत्रात नोंदवण्यात आलेलं मत बदलता आलं
/root/f5-tts-marathi/datasets/syspin_marathi_female/extracted/IISc_SYSPIN_Data/IISc_SYSPINProject_Marathi_Female_Spk001_HC/wav/IISc_SYSPINProject_mr_f_WEAT_02624.wav|गाण्यासाठी लता मंगेशकर, वाणी जयराम, परवीन सुलताना, राजकुमारी, सुमन कल्याणपूर, शमशाद बेगम, आणि मोहम्मद रफी यांच्या आवाजाचा वापर करण्यात आला.
/root/f5-tts-marathi/datasets/syspin_marathi_female/extracted/IISc_SYSPIN_Data/IISc_SYSPINProject_Marathi_Female_Spk001_HC/wav/IISc_SYSPINProject_mr_f_BOOK_01966.wav|भारताच्या मुख्य भूमीच्या किनाऱ्याजवळ अनेक लहान-मोठी बेटे आहेत.
/root/f5-tts-marathi/datasets/syspin_marathi_female/extracted/IISc_SYSPIN_Data/IISc_SYSPINProject_Marathi_Female_Spk001_HC/wav/IISc_SYSPINProject_mr_f_BOOK_00564.wav|तंजावरच्या भोसले राजवंशाने मराठी व दाक्षिणात्य भाषांमध्ये नाटकांना उत्तेजन दिले.
/root/f5-tts-marathi/datasets/syspin_marathi_female/extracted/IISc_SYSPIN_Data/IISc_SYSPINProject_Marathi_Female_Spk001_HC/wav/IISc_SYSPINProject_mr_f_OTHE_03541.wav|तसेच प्रविना गावस, वैष्णवी धावस्कर, शान्व्ही देसाई यांचा सुगम संगीताचा कार्यक्रम झाला
/root/f5-tts-marathi/datasets/syspin_marathi_female/extracted/IISc_SYSPIN_Data/IISc_SYSPINProject_Marathi_Female_Spk001_HC/wav/IISc_SYSPINProject_mr_f_WEAT_01062.wav|पुढील महिन्यात होणारा आयसीसी वर्ल्डकप हा भारताचा कर्णधार महेंद्रसिंग धोनीसह सलामीवीर रोहित शर्मा आणि अष्टपैलू युवराज सिंगचा हा सलग सहावा टी ट्वेंटी वर्ल्डकप असेल.
/root/f5-tts-marathi/datasets/syspin_marathi_female/extracted/IISc_SYSPIN_Data/IISc_SYSPINProject_Marathi_Female_Spk001_HC/wav/IISc_SYSPINProject_mr_f_WEAT_03723.wav|अबोली रंगाचा फ्लोर लेंग्थ अनारकली कुर्ता, त्यावर मेचिंग झुळझुळती ओढणी असा ड्रेस तिला खुलून दिसत होता.
/root/f5-tts-marathi/datasets/syspin_marathi_female/extracted/IISc_SYSPIN_Data/IISc_SYSPINProject_Marathi_Female_Spk001_HC/wav/IISc_SYSPINProject_mr_f_POLI_01588.wav|दरम्यान, आज अटक केलेला आरोपी इन्तेखाब पटेल हा देखील भिवंडीत खाजगी क्लास चालवत होता. तसेच विद्यार्थ्यांना घरी जाऊनही शिकवत असे.
/root/f5-tts-marathi/datasets/syspin_marathi_female/extracted/IISc_SYSPIN_Data/IISc_SYSPINProject_Marathi_Female_Spk001_HC/wav/IISc_SYSPINProject_mr_f_WEAT_03217.wav|दोन दिवसांच्या या प्रवासात लंकेत जाणाऱ्या भाविकांना प्रभु श्रीरामाच्या पदस्पर्शाने पावन झालेले कोलंबो, कैंडी, नुवारा एलिया ही स्थळेसुद्धा पाहता येतील.
/root/f5-tts-marathi/datasets/syspin_marathi_female/extracted/IISc_SYSPIN_Data/IISc_SYSPINProject_Marathi_Female_Spk001_HC/wav/IISc_SYSPINProject_mr_f_BOOK_05158.wav|कोरड्या होत जाणाऱ्या हवामानामुळे जेव्हा जंगले नाहीशी होऊ लागली तेव्हा हे एप झाडावरून वास्तव्यासाठी खाली आले.
/root/f5-tts-marathi/datasets/syspin_marathi_female/extracted/IISc_SYSPIN_Data/IISc_SYSPINProject_Marathi_Female_Spk001_HC/wav/IISc_SYSPINProject_mr_f_HEAL_00086.wav|समवेदना गुंतागुंतीच्या शस्त्रकिया व उपचार यांसाठी आर्थिक मदत देऊन असहाय्य व आर्थिक दृष्ट्या कमकुवत रुग्णांना मृत्यू वा गंभीर आजार यांतून वाचवण्याचे महत्त्वाचे काम करते
/root/f5-tts-marathi/datasets/syspin_marathi_female/extracted/IISc_SYSPIN_Data/IISc_SYSPINProject_Marathi_Female_Spk001_HC/wav/IISc_SYSPINProject_mr_f_BOOK_04682.wav|जर फुलामध्ये वरील दोहोंपैकी एकच मंडल असेल तर अशा फुलाला 'एकलिंगी' फूल म्हणतात.
/root/f5-tts-marathi/datasets/syspin_marathi_female/extracted/IISc_SYSPIN_Data/IISc_SYSPINProject_Marathi_Female_Spk001_HC/wav/IISc_SYSPINProject_mr_f_GENE_02050.wav|त्यामुळे अमेरिकेने युनायटेड किंग्डमच्या संमतीने जपानच्या हिरोशिमा आणि नागासाकी या दोन विभक्त शहरांवर अणु हल्ला करण्याचा निर्णय घेतला.
/root/f5-tts-marathi/datasets/syspin_marathi_female/extracted/IISc_SYSPIN_Data/IISc_SYSPINProject_Marathi_Female_Spk001_HC/wav/IISc_SYSPINProject_mr_f_FINA_00144.wav|बुडीत कर्जाचे प्रमाण वाढल्याने आता देना बंकेवरही रिझर्व्ह बंकेने आर्थिक निर्बंध घातले असून आणखी काही बंका याच मार्गावर असणे चिंताजनक आहे.
/root/f5-tts-marathi/datasets/syspin_marathi_female/extracted/IISc_SYSPIN_Data/IISc_SYSPINProject_Marathi_Female_Spk001_HC/wav/IISc_SYSPINProject_mr_f_POLI_02595.wav|हरित वसई संरक्षण समितीचे अध्यक्ष मार्कुस डाबरे यांनीच समितीला घरचा आहेर दिला.
/root/f5-tts-marathi/datasets/syspin_marathi_female/extracted/IISc_SYSPIN_Data/IISc_SYSPINProject_Marathi_Female_Spk001_HC/wav/IISc_SYSPINProject_mr_f_HEAL_01145.wav|जोराच्या धडकेने अथवा इतर कारणामुळे जोराचा आघात झाल्यास दाताचे किंवा जबड्याचा अस्थिभंग फ्रेकचर होण्याची शक्यता असते
/root/f5-tts-marathi/datasets/syspin_marathi_female/extracted/IISc_SYSPIN_Data/IISc_SYSPINProject_Marathi_Female_Spk001_HC/wav/IISc_SYSPINProject_mr_f_HEAL_02129.wav|आम्ही नेहमी ऐकत आलो आहोत की ताप जास्त असेल तर गार पाण्याच्या पट्ट्या डोक्यावर ठेवाव्या
/root/f5-tts-marathi/datasets/syspin_marathi_female/extracted/IISc_SYSPIN_Data/IISc_SYSPINProject_Marathi_Female_Spk001_HC/wav/IISc_SYSPINProject_mr_f_HEAL_02673.wav|डॉक्टर्सने जेनेरिक औषधे लिहून दिली असतील तरी सुद्धा मेडिकल स्टोर्स रुग्णाला दुसर्या महागड्या कंपनीची औषधे देतात
/root/f5-tts-marathi/datasets/syspin_marathi_female/extracted/IISc_SYSPIN_Data/IISc_SYSPINProject_Marathi_Female_Spk001_HC/wav/IISc_SYSPINProject_mr_f_HEAL_03303.wav|खेड्यातील लोक लवकर दवाखान्यात जात नाही आणि त्यामुळे त्यांचा आजार जास्त प्रमाणात वाढतो.
/root/f5-tts-marathi/datasets/syspin_marathi_female/extracted/IISc_SYSPIN_Data/IISc_SYSPINProject_Marathi_Female_Spk001_HC/wav/IISc_SYSPINProject_mr_f_EDUC_02082.wav|मी शेतात गेलो की बैलगाडीच्या धुरीला बांधलेल्या दोन काठ्यांना शिंगोटा स्टंप करायचो आणि कच्च्या आंब्याचा चेंडू म्हणून मी त्याने गोलंदाजी करायचो.
/root/f5-tts-marathi/datasets/syspin_marathi_female/extracted/IISc_SYSPIN_Data/IISc_SYSPINProject_Marathi_Female_Spk001_HC/wav/IISc_SYSPINProject_mr_f_EVAL_00353.wav|मला बाई म्हातारीने विचारले पोस्ट ओफिस कुठे आहे.
/root/f5-tts-marathi/datasets/syspin_marathi_female/extracted/IISc_SYSPIN_Data/IISc_SYSPINProject_Marathi_Female_Spk001_HC/wav/IISc_SYSPINProject_mr_f_GENE_00710.wav|यावेळी अटर्नी जनरल के के वेणुगोपाल यांनी या याचिकांवर उत्तर देण्यासाठी चार आठवड्यांचा वेळ मागितला.
/root/f5-tts-marathi/datasets/syspin_marathi_female/extracted/IISc_SYSPIN_Data/IISc_SYSPINProject_Marathi_Female_Spk001_HC/wav/IISc_SYSPINProject_mr_f_WEAT_01838.wav|स्त्रीला देवत्व नकोच असते, केवळ माणूस म्हणून निर्धोकपणे जगता यावे, इतकीच अपेक्षा तिला असते.
/root/f5-tts-marathi/datasets/syspin_marathi_female/extracted/IISc_SYSPIN_Data/IISc_SYSPINProject_Marathi_Female_Spk001_HC/wav/IISc_SYSPINProject_mr_f_POLI_02368.wav|बल्गेरियाची एलिस मर्टेन्स व बेल्जियमची एरिना साबालेन्का यांनी संघर्षपूर्ण विजय मिळवित अमेरिकन ग्रंडस्लेम स्पर्धेत महिला दुहेरीचे जेतेपद पटकावले
/root/f5-tts-marathi/datasets/syspin_marathi_female/extracted/IISc_SYSPIN_Data/IISc_SYSPINProject_Marathi_Female_Spk001_HC/wav/IISc_SYSPINProject_mr_f_BOOK_03150.wav|डचांनी वखारींच्या इमारती बांधून त्याला तटबंदी करून संरक्षणार्थ तोफा ठेवायला सुरुवात केली.
/root/f5-tts-marathi/datasets/syspin_marathi_female/extracted/IISc_SYSPIN_Data/IISc_SYSPINProject_Marathi_Female_Spk001_HC/wav/IISc_SYSPINProject_mr_f_HEAL_03847.wav|अशा स्त्रियांना गालाच्या आतील भागात अथवा जिभेवर पांढरा चट्टा दिसला, तर ही सर्व लक्षणे तोंडाच्या कर्करोगाची आहेत.
/root/f5-tts-marathi/datasets/syspin_marathi_female/extracted/IISc_SYSPIN_Data/IISc_SYSPINProject_Marathi_Female_Spk001_HC/wav/IISc_SYSPINProject_mr_f_FINA_01831.wav|जमिनीतील घटते कर्ब प्रमाण, वाढता व्याजदर व विक्री खर्च विचारात घेता खर्चावर 50पन्नास टक्के नफ्यासह हमी भाव निर्धारित करणे आवश्यक आहे.
/root/f5-tts-marathi/datasets/syspin_marathi_female/extracted/IISc_SYSPIN_Data/IISc_SYSPINProject_Marathi_Female_Spk001_HC/wav/IISc_SYSPINProject_mr_f_FINA_03225.wav|जिथे सरकारी मालकीच्या बंका रिझर्व्ह बंकेने दोनदोनदा रेपो दर कपात करूनही आपले कर्जदर घटवत नाहीत, तेथे परदेशी संस्थांकडून मानांकन सुधाराची अपेक्षा काय करणार?
/root/f5-tts-marathi/datasets/syspin_marathi_female/extracted/IISc_SYSPIN_Data/IISc_SYSPINProject_Marathi_Female_Spk001_HC/wav/IISc_SYSPINProject_mr_f_GENE_02338.wav|एक उत्तम संगणक किंवा लेपटॉप, इंटरनेट आणि प्रिंटर स्केनर आणि त्यातूनही झेरॉक्स कॉपिअर असेल तर अधिक उत्तम होईल.
/root/f5-tts-marathi/datasets/syspin_marathi_female/extracted/IISc_SYSPIN_Data/IISc_SYSPINProject_Marathi_Female_Spk001_HC/wav/IISc_SYSPINProject_mr_f_HEAL_04069.wav|जागतिक आरोग्य संघटनेने 2008दोन हजार आठ मध्ये सर्वप्रथम हा दिवस साजरा केला.
/root/f5-tts-marathi/datasets/syspin_marathi_female/extracted/IISc_SYSPIN_Data/IISc_SYSPINProject_Marathi_Female_Spk001_HC/wav/IISc_SYSPINProject_mr_f_BOOK_00159.wav|असे करत असताना प्रसंगी ऐतिहासिक वास्तवाची चिकित्सापूर्वक छाननी करण्याकडे दुर्लक्ष केले गेले, असा आक्षेपही त्यांच्यावर घेतला जातो.
/root/f5-tts-marathi/datasets/syspin_marathi_female/extracted/IISc_SYSPIN_Data/IISc_SYSPINProject_Marathi_Female_Spk001_HC/wav/IISc_SYSPINProject_mr_f_HEAL_03902.wav|जीवाणूंपासून निर्माण झालेले विषारी पदार्थ पसरल्यामुळे जंतुजन्य रक्तदोषाचा धोका संभवतो आणि तो जीवघेणा ठरू शकतो.
/root/f5-tts-marathi/datasets/syspin_marathi_female/extracted/IISc_SYSPIN_Data/IISc_SYSPINProject_Marathi_Female_Spk001_HC/wav/IISc_SYSPINProject_mr_f_BOOK_05886.wav|बदलत्या सामाजिक परिस्थितीनुसार स्वतःचे वर्तन अनुकूल करता येणे हेच सामाजिक आरोग्याचे लक्षण आहे.
/root/f5-tts-marathi/datasets/syspin_marathi_female/extracted/IISc_SYSPIN_Data/IISc_SYSPINProject_Marathi_Female_Spk001_HC/wav/IISc_SYSPINProject_mr_f_EDUC_03250.wav|याच सर्व्हिस वायरमुळे दिवा येथील हरिओम चाळीतील शिवकुमार रामपोला याला जीव गमवावा लागला आहे.
/root/f5-tts-marathi/datasets/syspin_marathi_female/extracted/IISc_SYSPIN_Data/IISc_SYSPINProject_Marathi_Female_Spk001_HC/wav/IISc_SYSPINProject_mr_f_BOOK_01624.wav|पहिल्या लोकसभा निवडणुकीच्या वेळी मतदार याद्या तयार करण्याचे काम आव्हानात्मक होते.
/root/f5-tts-marathi/datasets/syspin_marathi_female/extracted/IISc_SYSPIN_Data/IISc_SYSPINProject_Marathi_Female_Spk001_HC/wav/IISc_SYSPINProject_mr_f_HEAL_02849.wav|त्यामुळे मुंबईत डेंग्यू आणि मलेरियाची वारंवार निर्माण होणारी साथ आणि या आजारांचा वाढत जाणारा प्रादुर्भाव यांना आळा घालावा.
/root/f5-tts-marathi/datasets/syspin_marathi_female/extracted/IISc_SYSPIN_Data/IISc_SYSPINProject_Marathi_Female_Spk001_HC/wav/IISc_SYSPINProject_mr_f_HEAL_03183.wav|परिणामी झटक्यात वजन वाढणं किंवा कमी होणं, थकवा येणे, त्वचा कोरडी होणे, चिडचिड होणे, उदास होणे, स्मरणशक्ती कमी होणे अशी लक्षणं नजरेस येतात
/root/f5-tts-marathi/datasets/syspin_marathi_female/extracted/IISc_SYSPIN_Data/IISc_SYSPINProject_Marathi_Female_Spk001_HC/wav/IISc_SYSPINProject_mr_f_BOOK_01261.wav|हे बल एकमेकांना आकर्षित करणाऱ्या वस्तूच्या वस्तुमानांच्या गुणाकाराशी समानुपाती आणि त्यामधील अंतराच्या वर्गाशी व्यस्तानुपाती असते.
/root/f5-tts-marathi/datasets/syspin_marathi_female/extracted/IISc_SYSPIN_Data/IISc_SYSPINProject_Marathi_Female_Spk001_HC/wav/IISc_SYSPINProject_mr_f_OTHE_01746.wav|शूज आणि बेग्ज या दोन्ही गोष्टी यादरम्यान खरेदीच्या टॉपमोस्ट लिस्टपैकी असतात.
/root/f5-tts-marathi/datasets/syspin_marathi_female/extracted/IISc_SYSPIN_Data/IISc_SYSPINProject_Marathi_Female_Spk001_HC/wav/IISc_SYSPINProject_mr_f_POLI_00505.wav|शांतता चर्चेसाठी आवश्यक शस्त्रसंधी ते मान्य करणार नसतील तर चर्चेतून सर्वमान्य तोडगा काढण्याचा त्यांना अधिकार नाही.
/root/f5-tts-marathi/datasets/syspin_marathi_female/extracted/IISc_SYSPIN_Data/IISc_SYSPINProject_Marathi_Female_Spk001_HC/wav/IISc_SYSPINProject_mr_f_POLI_00678.wav|तुम्ही त्यांना एकदाही भेटला तर नाहीतच, भेटलात ते विनोबा भाव्यांना जे थेट सूक्ष्मात आणि कुठल्यातरी पोरकट तंद्रीमध्ये मश्गूल होते.
/root/f5-tts-marathi/datasets/syspin_marathi_female/extracted/IISc_SYSPIN_Data/IISc_SYSPINProject_Marathi_Female_Spk001_HC/wav/IISc_SYSPINProject_mr_f_BOOK_04473.wav|खेळांचा विस्तार करणे, खेळाडूंना खेळांमध्ये प्रावीण्य मिळवण्यास मदत करणे, खेळांसाठी पूरक आणि मूलभूत सोयी उभारणे, राष्ट्रीय क्रीडा फेडरेशन आणि सहयोगी संस्थांना मदत करणे व खेळाडूंचा शोध घेणे, खेळांच्या प्रसारासाठी लोकसहभाग व जागृती करणे ही क्रीडा धोरणाची प्रमुख उद्दिष्टे आहेत.
/root/f5-tts-marathi/datasets/syspin_marathi_female/extracted/IISc_SYSPIN_Data/IISc_SYSPINProject_Marathi_Female_Spk001_HC/wav/IISc_SYSPINProject_mr_f_POLI_01462.wav|अशावेळी गुत्थी हे महिला पात्र रंगवणारा सुनील ग्रोवर आता दिसणार नाही.
/root/f5-tts-marathi/datasets/syspin_marathi_female/extracted/IISc_SYSPIN_Data/IISc_SYSPINProject_Marathi_Female_Spk001_HC/wav/IISc_SYSPINProject_mr_f_AGRI_02238.wav|काजू लागवड प्रकल्पासाठी सरकारने 1984एकोणीसशे चौऱ्याऐंशी मध्ये तालुक्यातील 65पासष्ट शेतकऱ्यांच्या जमिनी वार्षिक हेक्टरी 25पंचवीस रुपये या दराने 32बत्तीस वर्षांसाठी कराराने ताब्यात घेतल्या होत्या.
/root/f5-tts-marathi/datasets/syspin_marathi_female/extracted/IISc_SYSPIN_Data/IISc_SYSPINProject_Marathi_Female_Spk001_HC/wav/IISc_SYSPINProject_mr_f_EVAL_00167.wav|तुला मजा आली ना तिथे रहायला? मी ऐकलं की तुझं पाकीट हरवलं म्हणून, खरंय?
/root/f5-tts-marathi/datasets/syspin_marathi_female/extracted/IISc_SYSPIN_Data/IISc_SYSPINProject_Marathi_Female_Spk001_HC/wav/IISc_SYSPINProject_mr_f_BOOK_05890.wav|काही घरांमध्येमुलांना स्वैर स्वातंत्र्य दिले जाते, पण मुलींवर अनेक बंधने घातली जातात. घरातली कामे करण्यातून मुलांना सूट, तर मुलींना 'सवय हवी' म्हणून कामे करावीच लागतात.
/root/f5-tts-marathi/datasets/syspin_marathi_female/extracted/IISc_SYSPIN_Data/IISc_SYSPINProject_Marathi_Female_Spk001_HC/wav/IISc_SYSPINProject_mr_f_AGRI_00029.wav|तो कॉफी बनवण्याची पद्धत एकसारखी ठेवू लागला ज्यामुळे लोकांना नेहमी त्यांची मनपसंत कॉफी मिळू लागली.
/root/f5-tts-marathi/datasets/syspin_marathi_female/extracted/IISc_SYSPIN_Data/IISc_SYSPINProject_Marathi_Female_Spk001_HC/wav/IISc_SYSPINProject_mr_f_BOOK_03787.wav|त्यांनी आझाद गोमंतक दलाच्या सहकार्याने सशस्त्र हालचाली सुरू केल्या.
/root/f5-tts-marathi/datasets/syspin_marathi_female/extracted/IISc_SYSPIN_Data/IISc_SYSPINProject_Marathi_Female_Spk001_HC/wav/IISc_SYSPINProject_mr_f_AGRI_00358.wav|तर 'काळी माती नीळ पाणी हिरवं शिवार' या गीतावर अबल वृध्दांसह महिलांनीही ठेका धरला.
/root/f5-tts-marathi/datasets/syspin_marathi_female/extracted/IISc_SYSPIN_Data/IISc_SYSPINProject_Marathi_Female_Spk001_HC/wav/IISc_SYSPINProject_mr_f_OTHE_00752.wav|मला तो नव्याण्णव पॉइंट नव्याण्णव टक्के थापाडा आणि पॉइंट एक टक्का रंजक वाटायचा.
/root/f5-tts-marathi/datasets/syspin_marathi_female/extracted/IISc_SYSPIN_Data/IISc_SYSPINProject_Marathi_Female_Spk001_HC/wav/IISc_SYSPINProject_mr_f_AGRI_04019.wav|त्यामुळे राज्यात सध्या सोलापूर, नाशिक, अहमदनगर, पुणे, सांगली, सातारा, उस्मानाबाद आणि लातूर जिल्ह्यामध्ये व्यापारी तत्त्वावर डाळिंब पिकाची लागवड केली जाते.
/root/f5-tts-marathi/datasets/syspin_marathi_female/extracted/IISc_SYSPIN_Data/IISc_SYSPINProject_Marathi_Female_Spk001_HC/wav/IISc_SYSPINProject_mr_f_FINA_01765.wav|इतर अनेक गोष्टींसाठी आपण पैसे खर्च करत असतो, मग आपल्याकडे स्वतंत्र शौचालय हवे अशी निकड आपल्याला का वाटू नये?
/root/f5-tts-marathi/datasets/syspin_marathi_female/extracted/IISc_SYSPIN_Data/IISc_SYSPINProject_Marathi_Female_Spk001_HC/wav/IISc_SYSPINProject_mr_f_OTHE_03510.wav|अर्घ्य आयुष्याचे स्नेहाला, शौर्याला, दातृत्वाला देणारी ही भावगाथा आहे या मधुर गीतांना स्वरसाज चढविला आहे
/root/f5-tts-marathi/datasets/syspin_marathi_female/extracted/IISc_SYSPIN_Data/IISc_SYSPINProject_Marathi_Female_Spk001_HC/wav/IISc_SYSPINProject_mr_f_EDUC_03299.wav|आम्ही पण गोदरेज घेणार होतो पण, एलजी फ्रिज सिंगल बॉडी आणि इन्व्हर्टर टेक्नॉलॉजी आहे म्हणून घेतला.
/root/f5-tts-marathi/datasets/syspin_marathi_female/extracted/IISc_SYSPIN_Data/IISc_SYSPINProject_Marathi_Female_Spk001_HC/wav/IISc_SYSPINProject_mr_f_OTHE_00844.wav|संता द्राक्षं विकायला बसला होता. टोपलीत द्राक्ष असताना संता मात्र बटाटे घ्या, बटाटे घ्या असं ओरडत होता.
/root/f5-tts-marathi/datasets/syspin_marathi_female/extracted/IISc_SYSPIN_Data/IISc_SYSPINProject_Marathi_Female_Spk001_HC/wav/IISc_SYSPINProject_mr_f_WEAT_01931.wav|शेवटी तिचा कसा भ्रमनिरास होतो हे 'फॉरेन रिटर्न्ड' या कथेत प्रभावीपणे प्रकट झाले आहे.
/root/f5-tts-marathi/datasets/syspin_marathi_female/extracted/IISc_SYSPIN_Data/IISc_SYSPINProject_Marathi_Female_Spk001_HC/wav/IISc_SYSPINProject_mr_f_HEAL_04381.wav|काही वेळा जैविक चिकित्सा उपचारपद्धतीचा परिणाम अधिक चांगला होण्यासाठी रासायनिक चिकित्सेचा वापर केला जातो.
/root/f5-tts-marathi/datasets/syspin_marathi_female/extracted/IISc_SYSPIN_Data/IISc_SYSPINProject_Marathi_Female_Spk001_HC/wav/IISc_SYSPINProject_mr_f_WEAT_03752.wav|पक्षाचा अध्यक्ष कोण व्हावा इथपासून ते काश्मीर प्रश्नावर नेमकी काय भूमिका घ्यावी इथपर्यंत अनेक मुद्द्यांबाबत मोठी गोंधळाची परिस्थिती दिसून येते.
/root/f5-tts-marathi/datasets/syspin_marathi_female/extracted/IISc_SYSPIN_Data/IISc_SYSPINProject_Marathi_Female_Spk001_HC/wav/IISc_SYSPINProject_mr_f_EVAL_00277.wav|"कोणालाही अभिवादन करण्यासाठी ""नमस्ते"" किंवा ""नमस्कार"" म्हणणे आणि आपल्या ज्येष्ठांच्या चरणांना स्पर्श करणे या पारंपारिक पैलूंनी भारत समृद्ध आहे."
/root/f5-tts-marathi/datasets/syspin_marathi_female/extracted/IISc_SYSPIN_Data/IISc_SYSPINProject_Marathi_Female_Spk001_HC/wav/IISc_SYSPINProject_mr_f_FINA_01637.wav|जिल्हा परिषदेला प्राप्त होणाऱ्या निधीच्या तात्पुरत्या स्वरूपात मुदत ठेवी करून जिल्हा परिषदेला यंदाच्या वर्षात 12बारा कोटी व्याज अपेक्षित आहे.
/root/f5-tts-marathi/datasets/syspin_marathi_female/extracted/IISc_SYSPIN_Data/IISc_SYSPINProject_Marathi_Female_Spk001_HC/wav/IISc_SYSPINProject_mr_f_BOOK_02258.wav|भात आणि मका ही प्रमुख अन्नधान्याची पिके आहेत. मक्याचे पीक प्रामुख्याने मध्यभागात घेतले जाते. कॉफी, सोयाबीन, काकाओ, रबर आणि ऊस या नगदी पिकांचे उत्पादनही मोठ्या प्रमाणावर घेतले जाते.
/root/f5-tts-marathi/datasets/syspin_marathi_female/extracted/IISc_SYSPIN_Data/IISc_SYSPINProject_Marathi_Female_Spk001_HC/wav/IISc_SYSPINProject_mr_f_AGRI_03456.wav|सोनचाफ्याच्या झाडालासुद्धा या पध्दतीने चिक्कार फुले येतात व फुले काढणेही सोपे होते.
/root/f5-tts-marathi/datasets/syspin_marathi_female/extracted/IISc_SYSPIN_Data/IISc_SYSPINProject_Marathi_Female_Spk001_HC/wav/IISc_SYSPINProject_mr_f_OTHE_03917.wav|शतकाकडे वाटचाल करणाऱ्या मार्क्रमला बाद करत अश्विनने हिंदुस्थानच्या गोटात नवचैतन्य निर्माण केले
/root/f5-tts-marathi/datasets/syspin_marathi_female/extracted/IISc_SYSPIN_Data/IISc_SYSPINProject_Marathi_Female_Spk001_HC/wav/IISc_SYSPINProject_mr_f_AGRI_00027.wav|यामध्ये सूप, फुलांच्या करंड्या, पेपर स्टेंड, ट्रे, फाइल ट्रे, फुलांचा स्टंड, बांबू फुलांचा गुच्छ, आदी वस्तूंची मोठ्या प्रमाणात विक्री होते.
/root/f5-tts-marathi/datasets/syspin_marathi_female/extracted/IISc_SYSPIN_Data/IISc_SYSPINProject_Marathi_Female_Spk001_HC/wav/IISc_SYSPINProject_mr_f_POLI_00801.wav|महिला संघात ममतासह दिव्या देशपांडे, चार्वी कवळे, आश्लेषा त्रेहन आणि मृण्मयी म्हात्रेचा समावेश आहे.
/root/f5-tts-marathi/datasets/syspin_marathi_female/extracted/IISc_SYSPIN_Data/IISc_SYSPINProject_Marathi_Female_Spk001_HC/wav/IISc_SYSPINProject_mr_f_POLI_02909.wav|एका न्यूजचेनलवर तर या सगळ्यामागे एखादा सिरीयल किलर असण्याची आणि तरुण आणि श्रीमंत लोकांनाच टार्गेट करत असल्याचीही शक्यता व्यक्त केली होती.
/root/f5-tts-marathi/datasets/syspin_marathi_female/extracted/IISc_SYSPIN_Data/IISc_SYSPINProject_Marathi_Female_Spk001_HC/wav/IISc_SYSPINProject_mr_f_GENE_02723.wav|पृथ्वी उलथू पाहत होती. आकाशाला मोठमोठे धक्के बसत असल्याने नक्षत्रांचा सडा पडतो की काय, असे वाटू लागले.
/root/f5-tts-marathi/datasets/syspin_marathi_female/extracted/IISc_SYSPIN_Data/IISc_SYSPINProject_Marathi_Female_Spk001_HC/wav/IISc_SYSPINProject_mr_f_EDUC_02775.wav|रोह्याचे माजी नगराध्यक्ष, विद्यमान आमदार, प्रशासन आणि पक्षात दबदबा असणारे व्यक्तिमत्त्व आहे.
/root/f5-tts-marathi/datasets/syspin_marathi_female/extracted/IISc_SYSPIN_Data/IISc_SYSPINProject_Marathi_Female_Spk001_HC/wav/IISc_SYSPINProject_mr_f_WEAT_01163.wav|भगतसिंग, आझाद आणि राजगुरू, ज्यांच्या बलिदानाने आपल्या देशाला स्वांतत्र्य मिळाले, त्यांची आपण आठवण ठेवतो का?
/root/f5-tts-marathi/datasets/syspin_marathi_female/extracted/IISc_SYSPIN_Data/IISc_SYSPINProject_Marathi_Female_Spk001_HC/wav/IISc_SYSPINProject_mr_f_BOOK_03814.wav|उत्पादनासाठी यंत्राचा वापर मोठ्या प्रमाणावर केला जात होता.
/root/f5-tts-marathi/datasets/syspin_marathi_female/extracted/IISc_SYSPIN_Data/IISc_SYSPINProject_Marathi_Female_Spk001_HC/wav/IISc_SYSPINProject_mr_f_WEAT_00684.wav|प्री एक्झाम, मेन्स आणि मुलाखत अशा तीन टप्प्यांमधून गेल्यानंतर प्रशासकीय सेवेमध्ये रूजू होण्याचं स्वप्न पूर्ण होतं.
/root/f5-tts-marathi/datasets/syspin_marathi_female/extracted/IISc_SYSPIN_Data/IISc_SYSPINProject_Marathi_Female_Spk001_HC/wav/IISc_SYSPINProject_mr_f_GENE_02766.wav|उन्हाळ्यात तेव्हा सूर्य वगैरे असल्यामुळे रात्र पडलीय हे जाणवतच नाही, पण पोटात बोंबलणाऱ्या कावळ्यांनी जाणीव करून दिली होती की, डिनरची वेळ झालीय.
/root/f5-tts-marathi/datasets/syspin_marathi_female/extracted/IISc_SYSPIN_Data/IISc_SYSPINProject_Marathi_Female_Spk001_HC/wav/IISc_SYSPINProject_mr_f_EDUC_03252.wav|धनंजय मुंडे यांनी पुलवामा हल्ला, उज्वला, स्कील इंडिया, जीएसटी, मेक इन इंडिया, मुद्रा लोन या विविध मुद्दांवर नरेंद्र मोदींवर निशाणा साधला.
/root/f5-tts-marathi/datasets/syspin_marathi_female/extracted/IISc_SYSPIN_Data/IISc_SYSPINProject_Marathi_Female_Spk001_HC/wav/IISc_SYSPINProject_mr_f_AGRI_01107.wav|सामूहिक गोठा बांधणी, सेंद्रिय खतनिर्मिती, गांडूळ खत प्रकल्प, कंपोस्ट निर्मिती, मूरघास निर्मिती संयंत्र, दूध संकलन यंत्र आदींची उभारणी करता येऊ शकते.
/root/f5-tts-marathi/datasets/syspin_marathi_female/extracted/IISc_SYSPIN_Data/IISc_SYSPINProject_Marathi_Female_Spk001_HC/wav/IISc_SYSPINProject_mr_f_OTHE_02800.wav|जेएनपीटी पीयुबी बिल्डींग, करळ ब्रीज, बोकडवीरा, चारफाटा, सिडको स्टॉप, पीरवाडी बीच, उरण बाजारपेठ आदी विविध ठिकाणी आता शहाळे विक्रेते दिसू लागले आहेत
/root/f5-tts-marathi/datasets/syspin_marathi_female/extracted/IISc_SYSPIN_Data/IISc_SYSPINProject_Marathi_Female_Spk001_HC/wav/IISc_SYSPINProject_mr_f_OTHE_01761.wav|एकवीरा हा शब्द 'विहार' बुद्धभिक्षूंचे राहण्याचे स्थान यावरून आला असावा.
/root/f5-tts-marathi/datasets/syspin_marathi_female/extracted/IISc_SYSPIN_Data/IISc_SYSPINProject_Marathi_Female_Spk001_HC/wav/IISc_SYSPINProject_mr_f_BOOK_04438.wav|यामुळे हे लोक साक्षरता वर्गाला येऊ लागले. सरकार आणि लोक एकत्र आले तर संकटांवर विधायक इच्छाशक्ती कशी मात करू शकते याचेहे उत्तम उदाहरण आहे.
/root/f5-tts-marathi/datasets/syspin_marathi_female/extracted/IISc_SYSPIN_Data/IISc_SYSPINProject_Marathi_Female_Spk001_HC/wav/IISc_SYSPINProject_mr_f_FINA_03059.wav|भारतीय रिझर्व्ह बंकेने म्हणजे आरबीआयने व्होडाफोन एमपैसा सेवेचा कामकाज परवाना रद्द केला आहे.
/root/f5-tts-marathi/datasets/syspin_marathi_female/extracted/IISc_SYSPIN_Data/IISc_SYSPINProject_Marathi_Female_Spk001_HC/wav/IISc_SYSPINProject_mr_f_OTHE_00694.wav|प्रसिद्ध वाहन निर्माता कंपनी ह्युंदाई मोटर्सने नव्या वर्षात आपली हेचबेक कार सेन्ट्रोचं नवं मॉडेल लॉन्च करण्याची शक्यता आहे.
/root/f5-tts-marathi/datasets/syspin_marathi_female/extracted/IISc_SYSPIN_Data/IISc_SYSPINProject_Marathi_Female_Spk001_HC/wav/IISc_SYSPINProject_mr_f_GENE_01995.wav|बॉक्सर्सना सुवर्ण पंच मारता आला नाही तरी थाळीफेक आणि बेडमिंटन तसेच प्रथमच समावेश झालेल्या स्क्वॉश क्रीडा प्रकारातील बहारदार कामगिरीने भारताला तारले.
/root/f5-tts-marathi/datasets/syspin_marathi_female/extracted/IISc_SYSPIN_Data/IISc_SYSPINProject_Marathi_Female_Spk001_HC/wav/IISc_SYSPINProject_mr_f_AGRI_02403.wav|काहींचा कागद इतका हलक्या दर्जाचा असायचा, की फाउंटन पेन टेकवताच शाईचा डाग पानावर पसरायचा.
/root/f5-tts-marathi/datasets/syspin_marathi_female/extracted/IISc_SYSPIN_Data/IISc_SYSPINProject_Marathi_Female_Spk001_HC/wav/IISc_SYSPINProject_mr_f_AGRI_03234.wav|गहू पिकामध्ये तांबेरा प्रादुर्भाव झाल्यानंतर दुर्लक्ष केल्यास 80ऐंशी ते 100शंभर टक्क्यांपर्यंत उत्पादनात घट येऊ शकते.
/root/f5-tts-marathi/datasets/syspin_marathi_female/extracted/IISc_SYSPIN_Data/IISc_SYSPINProject_Marathi_Female_Spk001_HC/wav/IISc_SYSPINProject_mr_f_WEAT_00887.wav|सांगली जिल्हा अध्यक्ष डॉ उन्मेश देशमुख, प्रदेश कार्याध्यक्ष भिमाशंकर बिराजदार यांची प्रमुख उपस्थिती होती.
/root/f5-tts-marathi/datasets/syspin_marathi_female/extracted/IISc_SYSPIN_Data/IISc_SYSPINProject_Marathi_Female_Spk001_HC/wav/IISc_SYSPINProject_mr_f_FINA_02766.wav|आजपासून जुने मेग्नेटिक स्ट्रिप असलेले डेबिट किंवा क्रेडिट कार्ड वापरता येणार नाही.
/root/f5-tts-marathi/datasets/syspin_marathi_female/extracted/IISc_SYSPIN_Data/IISc_SYSPINProject_Marathi_Female_Spk001_HC/wav/IISc_SYSPINProject_mr_f_HEAL_01882.wav|ब्राझीलने जेतेपद पटकावले असते, तर निदान जनतेच्या मनातील रोष मावळला असता
/root/f5-tts-marathi/datasets/syspin_marathi_female/extracted/IISc_SYSPIN_Data/IISc_SYSPINProject_Marathi_Female_Spk001_HC/wav/IISc_SYSPINProject_mr_f_GENE_02722.wav|सिंधुदुर्गची शान असलेल्या किल्ले सिंधुदुर्गशी संबंधित आक्षेपार्ह फलक लावून बदनामी केल्याबद्दल किल्ला वाहतूक सेवा व सिंधुदुर्ग किल्ला रहिवासी संघानेही याचा निषेध केला.
/root/f5-tts-marathi/datasets/syspin_marathi_female/extracted/IISc_SYSPIN_Data/IISc_SYSPINProject_Marathi_Female_Spk001_HC/wav/IISc_SYSPINProject_mr_f_FINA_03611.wav|कंपनी प्रवक्त्याने स्पष्ट केले की, कंपनीचा वार्षिक देखभाल खर्च जास्त असल्या कारणाने हा प्रकल्प बंद करण्यात येत आहे.
/root/f5-tts-marathi/datasets/syspin_marathi_female/extracted/IISc_SYSPIN_Data/IISc_SYSPINProject_Marathi_Female_Spk001_HC/wav/IISc_SYSPINProject_mr_f_AGRI_01984.wav|थोड्याच दिवसांत छोटीछोटी फिक्कट हिरव्या रंगाची लांबट फळे धरू लागतात एखाद महिन्यात ह्या फळांना चांगले बाळसे धरते.
/root/f5-tts-marathi/datasets/syspin_marathi_female/extracted/IISc_SYSPIN_Data/IISc_SYSPINProject_Marathi_Female_Spk001_HC/wav/IISc_SYSPINProject_mr_f_BOOK_03973.wav|त्यामुळे इंग्लंडची शक्ती कमी झाली.
/root/f5-tts-marathi/datasets/syspin_marathi_female/extracted/IISc_SYSPIN_Data/IISc_SYSPINProject_Marathi_Female_Spk001_HC/wav/IISc_SYSPINProject_mr_f_HEAL_00646.wav|सातत्यने कचऱ्याच्या सानिध्यात असल्यामुळे महिलांना दुर्धर आजार होण्याची शक्यता असते, ते टाळण्यासाठी महिलांच्या शारीरिक स्वास्थ्याचा विचार करून या शिबिराचं आयोजन करण्यात आलं होतं
/root/f5-tts-marathi/datasets/syspin_marathi_female/extracted/IISc_SYSPIN_Data/IISc_SYSPINProject_Marathi_Female_Spk001_HC/wav/IISc_SYSPINProject_mr_f_EVAL_00373.wav|तुमची सोडू शकतो मन नसेल तर मी ओफिसला जाण्याच्या मार्गावर.
/root/f5-tts-marathi/datasets/syspin_marathi_female/extracted/IISc_SYSPIN_Data/IISc_SYSPINProject_Marathi_Female_Spk001_HC/wav/IISc_SYSPINProject_mr_f_AGRI_02429.wav|आपल्याकडे दोन शर्ट किंवा टीशर्ट असतील आणि दोन बांबू असतील तर दोन मिनिटांत उत्तम स्ट्रेचर बनतो.
/root/f5-tts-marathi/datasets/syspin_marathi_female/extracted/IISc_SYSPIN_Data/IISc_SYSPINProject_Marathi_Female_Spk001_HC/wav/IISc_SYSPINProject_mr_f_OTHE_02117.wav|तर विद्यार्थ्यांना प्रोत्साहन देण्यासाठी इफ्को, फिनोलेक्स पाईप आणि अपोलो पेट यांनी या प्रदर्शनाला अर्थसहाय्य केले आहे.
/root/f5-tts-marathi/datasets/syspin_marathi_female/extracted/IISc_SYSPIN_Data/IISc_SYSPINProject_Marathi_Female_Spk001_HC/wav/IISc_SYSPINProject_mr_f_POLI_01182.wav|तो इतका स्वच्छंद आहे, त्याला कसलीही स्पर्धा नाही किंवा घाई नाही.
/root/f5-tts-marathi/datasets/syspin_marathi_female/extracted/IISc_SYSPIN_Data/IISc_SYSPINProject_Marathi_Female_Spk001_HC/wav/IISc_SYSPINProject_mr_f_WEAT_02587.wav|बालाघाट, छतरपुर, छिंदवाडा, सिवनी, शहडोल, शिवपुरी, सीधी, उमरिया, विदिशामध्ये वादळ येऊ शकते.
/root/f5-tts-marathi/datasets/syspin_marathi_female/extracted/IISc_SYSPIN_Data/IISc_SYSPINProject_Marathi_Female_Spk001_HC/wav/IISc_SYSPINProject_mr_f_AGRI_01273.wav|यामुळे रेशीम उत्पादकांची गेल्या अनेक वर्षांची मागणी पूर्णत्वास जाणार असल्याने रेशीम कोश उत्पादकांनी देखील या प्रस्तावाचे स्वागत केले.
/root/f5-tts-marathi/datasets/syspin_marathi_female/extracted/IISc_SYSPIN_Data/IISc_SYSPINProject_Marathi_Female_Spk001_HC/wav/IISc_SYSPINProject_mr_f_POLI_03037.wav|त्यातच भरीस भर म्हणजे मानव विकासच्या गाड्यांनादेखील नामफलक नसल्याने विद्यार्थ्यांना मोठी कसरत करावी लागत आहे.
/root/f5-tts-marathi/datasets/syspin_marathi_female/extracted/IISc_SYSPIN_Data/IISc_SYSPINProject_Marathi_Female_Spk001_HC/wav/IISc_SYSPINProject_mr_f_HEAL_01389.wav|याव्यतिरिक्त, या व्हिटेमिन कॉम्प्लेक्समुळे रक्त प्रवाह वाढतो आणि संपूर्ण मज्जासंस्थेचे कार्य सुधारते.
/root/f5-tts-marathi/datasets/syspin_marathi_female/extracted/IISc_SYSPIN_Data/IISc_SYSPINProject_Marathi_Female_Spk001_HC/wav/IISc_SYSPINProject_mr_f_HEAL_03659.wav|या उपचार पद्धतीमध्ये जळू शरीरातील अनेक विषारी घटक शोषून घेऊन ते बाहेर सोडण्याचे कार्य करतात
/root/f5-tts-marathi/datasets/syspin_marathi_female/extracted/IISc_SYSPIN_Data/IISc_SYSPINProject_Marathi_Female_Spk001_HC/wav/IISc_SYSPINProject_mr_f_BOOK_04373.wav|या दृष्टीने 1993 एकोणीशे त्र्याण्णव चा 'मानव अधिकार संरक्षण कायदा' महत्त्वाचा आहे. या कायद्यान्वये 'राष्ट्रीय मानवाधिकार आयोगा'ची स्थापना करण्यात आली.
/root/f5-tts-marathi/datasets/syspin_marathi_female/extracted/IISc_SYSPIN_Data/IISc_SYSPINProject_Marathi_Female_Spk001_HC/wav/IISc_SYSPINProject_mr_f_AGRI_02933.wav|या समितीने भूजल संवर्धन, पुनर्भरण आणि पाण्याचा कार्यक्षम वापर यावर शेतकरी, संस्थांमध्ये व्यापक प्रबोधन करायला हवे.
/root/f5-tts-marathi/datasets/syspin_marathi_female/extracted/IISc_SYSPIN_Data/IISc_SYSPINProject_Marathi_Female_Spk001_HC/wav/IISc_SYSPINProject_mr_f_BOOK_01755.wav|प्रदेशांच्या भौगोलिक रूपातही विविधता आहे.
/root/f5-tts-marathi/datasets/syspin_marathi_female/extracted/IISc_SYSPIN_Data/IISc_SYSPINProject_Marathi_Female_Spk001_HC/wav/IISc_SYSPINProject_mr_f_FINA_01471.wav|विटा आणि कौले उत्पादनाच्या व्यवसायास वित्तीय संस्थांकडून सवलतीच्या दराने कर्ज पुरवठा करणे.
/root/f5-tts-marathi/datasets/syspin_marathi_female/extracted/IISc_SYSPIN_Data/IISc_SYSPINProject_Marathi_Female_Spk001_HC/wav/IISc_SYSPINProject_mr_f_WEAT_01754.wav|महिलांनी चालविलेला हा जगातील पहिला इकोटुरिझम प्रकल्प आहे, अशी माहिती अतुल हुले यांनी पत्रकार परिषदेत दिली.
/root/f5-tts-marathi/datasets/syspin_marathi_female/extracted/IISc_SYSPIN_Data/IISc_SYSPINProject_Marathi_Female_Spk001_HC/wav/IISc_SYSPINProject_mr_f_WEAT_01481.wav|महिलांच्या विरोधातील हिंसेला युरोपीय महासंघाच्या गुन्ह्यांच्या यादीत सामीले केले जाणार असल्याचे सांगत उर्सुला यांनी शरणार्थींच्या मुद्यावर काम करणार असल्याचे म्हटले आहे.
/root/f5-tts-marathi/datasets/syspin_marathi_female/extracted/IISc_SYSPIN_Data/IISc_SYSPINProject_Marathi_Female_Spk001_HC/wav/IISc_SYSPINProject_mr_f_BOOK_03542.wav|ब्रिटिश जनरल हडसनने बहादुरशाहास अटक केली व रंगूनला (म्यानमार) पाठविले.
/root/f5-tts-marathi/datasets/syspin_marathi_female/extracted/IISc_SYSPIN_Data/IISc_SYSPINProject_Marathi_Female_Spk001_HC/wav/IISc_SYSPINProject_mr_f_EDUC_00496.wav|बेतूल येथील, बाप्सोरा भागातील वेताळ देवस्थानच्या आवारातील तुळशी वृंदावनाची, अज्ञातांनी नासधूस केल्याचा प्रकार उघडकीस आला.
/root/f5-tts-marathi/datasets/syspin_marathi_female/extracted/IISc_SYSPIN_Data/IISc_SYSPINProject_Marathi_Female_Spk001_HC/wav/IISc_SYSPINProject_mr_f_WEAT_04418.wav|लासजान, सांगरी, पंथचौक, नौगम, राजबाग, जवाहर नगर आणि शाल्टेंग येथील शाळांचा यात समावेश आहे.
/root/f5-tts-marathi/datasets/syspin_marathi_female/extracted/IISc_SYSPIN_Data/IISc_SYSPINProject_Marathi_Female_Spk001_HC/wav/IISc_SYSPINProject_mr_f_FINA_02723.wav|बंका निव्वळ झोपल्या होत्या अथवा अगदी थेटच सांगायचे तर बंकांचे मल्ल्याच्या प्रकरणात काही तरी हितसंबंध होते, हे निश्चित!
/root/f5-tts-marathi/datasets/syspin_marathi_female/extracted/IISc_SYSPIN_Data/IISc_SYSPINProject_Marathi_Female_Spk001_HC/wav/IISc_SYSPINProject_mr_f_EDUC_00961.wav|दिल्लीमध्ये एकाच टेबलवर बसून आम्ही दोघांनी एकत्र जेवण केलं. यावेळी आमच्यात बऱ्याच मुद्दांवर चर्चा झाली.
/root/f5-tts-marathi/datasets/syspin_marathi_female/extracted/IISc_SYSPIN_Data/IISc_SYSPINProject_Marathi_Female_Spk001_HC/wav/IISc_SYSPINProject_mr_f_FINA_01679.wav|500पाचशे कोटी रुपयांवर अधिक कर्ज थकवणाऱ्या कंपन्यांची यादी सादर करावी, असे आदेश सर्वोच्च न्यायालयाने रिझर्व्ह बंकेला दिले आहेत.
/root/f5-tts-marathi/datasets/syspin_marathi_female/extracted/IISc_SYSPIN_Data/IISc_SYSPINProject_Marathi_Female_Spk001_HC/wav/IISc_SYSPINProject_mr_f_BOOK_05552.wav|आयनिक संयुगे पाण्यात द्रावणीय असतात कारण विचरण होऊन सुट्या झालेल्या आयनांभोवती पाण्याचे रेणू विशिष्ट प्रकारे अभिमुख होऊन रचले जातात.
/root/f5-tts-marathi/datasets/syspin_marathi_female/extracted/IISc_SYSPIN_Data/IISc_SYSPINProject_Marathi_Female_Spk001_HC/wav/IISc_SYSPINProject_mr_f_OTHE_03101.wav|स्टेनलेस स्टीलचे स्टोव्ह, प्रेशन कुकर तयार करणाऱ्या बटरफ्राय गांधीमती अप्लायन्सेस नावाच्या कंपनीतला हिस्सा आता डॉली खन्नांनी वाढवला आहे
/root/f5-tts-marathi/datasets/syspin_marathi_female/extracted/IISc_SYSPIN_Data/IISc_SYSPINProject_Marathi_Female_Spk001_HC/wav/IISc_SYSPINProject_mr_f_BOOK_04606.wav|पाच मिनिटांनंतर त्यातील एका मुळाचा भाग काचपट्टीवर घेऊन चिमट्याच्या सपाट चपट्या भागाकडूनदाबा.
/root/f5-tts-marathi/datasets/syspin_marathi_female/extracted/IISc_SYSPIN_Data/IISc_SYSPINProject_Marathi_Female_Spk001_HC/wav/IISc_SYSPINProject_mr_f_WEAT_02961.wav|मोहनीश बहल, पद्मिनी कोल्हापूरे, झीनत अमान, गश्मीर महाजनी अशी तगडी स्टारकास्ट या चित्रपटात दिसेल.
/root/f5-tts-marathi/datasets/syspin_marathi_female/extracted/IISc_SYSPIN_Data/IISc_SYSPINProject_Marathi_Female_Spk001_HC/wav/IISc_SYSPINProject_mr_f_WEAT_01176.wav|काही क्षणांत दोन्ही अश्वांनी 3तीन फेऱ्या पूर्ण केल्यानंतर रिंगण सोहळा झाला.
/root/f5-tts-marathi/datasets/syspin_marathi_female/extracted/IISc_SYSPIN_Data/IISc_SYSPINProject_Marathi_Female_Spk001_HC/wav/IISc_SYSPINProject_mr_f_WEAT_01783.wav|यापूर्वी तिचे पाच सिनेमातील काही बोल्ड सीनदेखील लीक झाले होते.
/root/f5-tts-marathi/datasets/syspin_marathi_female/extracted/IISc_SYSPIN_Data/IISc_SYSPINProject_Marathi_Female_Spk001_HC/wav/IISc_SYSPINProject_mr_f_BOOK_05405.wav|अशा रितीने आकृती मध्ये दाखवल्याप्रमाणे आपल्याला सात रंगात वर्णपंक्ती मिळते.
/root/f5-tts-marathi/datasets/syspin_marathi_female/extracted/IISc_SYSPIN_Data/IISc_SYSPINProject_Marathi_Female_Spk001_HC/wav/IISc_SYSPINProject_mr_f_WEAT_04320.wav|शुक्रवारी कर्फ्यू लागल्यावर फारूख अब्दुल्ला हे आपल्या घराजवळ असलेल्या मशिदीत राहत आहेत.
/root/f5-tts-marathi/datasets/syspin_marathi_female/extracted/IISc_SYSPIN_Data/IISc_SYSPINProject_Marathi_Female_Spk001_HC/wav/IISc_SYSPINProject_mr_f_WEAT_02274.wav|जिल्ह्यात नंदुरबार, नवापूर, तळोदा, शहादा, अक्कलकुंवा आणि अक्राणी धडगाव असे सहा तालुके आहेत.
/root/f5-tts-marathi/datasets/syspin_marathi_female/extracted/IISc_SYSPIN_Data/IISc_SYSPINProject_Marathi_Female_Spk001_HC/wav/IISc_SYSPINProject_mr_f_GENE_00415.wav|आजच्या जगातील अनेक सामाजिक आणि आर्थिक प्रश्नांवर मात करण्यासाठी अंतराळ तंत्रज्ञान म्हणजेच स्पेस टेक्नोलॉजीचा उपयोग होऊ शकतो.
/root/f5-tts-marathi/datasets/syspin_marathi_female/extracted/IISc_SYSPIN_Data/IISc_SYSPINProject_Marathi_Female_Spk001_HC/wav/IISc_SYSPINProject_mr_f_BOOK_04991.wav|त्यामुळे विद्युतवाहकाची हालचाल घडून येते. परंतु जर असे झाले की एखादा विद्युतवाहक चुंबकीय क्षेत्रात हलत आहे किंवा स्थिर विद्युतवाहकाभोवतीचे चुंबकीय क्षेत्र बदलते आहे, तर मग काय होईल?
/root/f5-tts-marathi/datasets/syspin_marathi_female/extracted/IISc_SYSPIN_Data/IISc_SYSPINProject_Marathi_Female_Spk001_HC/wav/IISc_SYSPINProject_mr_f_OTHE_04014.wav|या प्रदर्शनात पेंटिंग, ड्रॉईंग, मूर्तिकला, ग्राफिक, छायाचित्रे आणि मिश्रीत माध्यमांच्या कलाकृती अशी व्यापक विविधता आपल्याला पहायला मिळणार आहे
/root/f5-tts-marathi/datasets/syspin_marathi_female/extracted/IISc_SYSPIN_Data/IISc_SYSPINProject_Marathi_Female_Spk001_HC/wav/IISc_SYSPINProject_mr_f_AGRI_01405.wav|तिला निष्ठेचे खत व मनाच्या एकाग्रतेचे पाणी मिळाले तरच ती वाढते.
/root/f5-tts-marathi/datasets/syspin_marathi_female/extracted/IISc_SYSPIN_Data/IISc_SYSPINProject_Marathi_Female_Spk001_HC/wav/IISc_SYSPINProject_mr_f_OTHE_00344.wav|रेड कार्पेट वॉकसाठी सोनमने व्हाईट डिप प्लंगिंग लाईन टक्सीडो सूट निवडला.
/root/f5-tts-marathi/datasets/syspin_marathi_female/extracted/IISc_SYSPIN_Data/IISc_SYSPINProject_Marathi_Female_Spk001_HC/wav/IISc_SYSPINProject_mr_f_BOOK_05457.wav|त्यामुळे निकटदृष्टिदोषाच्या डोळ्यासाठी ऋण शक्तीचा चष्मा असतो. दोषाच्या प्रमाणानुसार वेगवेगळ्या डोळ्यांसाठी अंतर्गोल भिंगाची शक्ती वेगवेगळी असते.
/root/f5-tts-marathi/datasets/syspin_marathi_female/extracted/IISc_SYSPIN_Data/IISc_SYSPINProject_Marathi_Female_Spk001_HC/wav/IISc_SYSPINProject_mr_f_BOOK_04065.wav|इटलीमुळे आणि जर्मन सेनापती रोमेल याच्या चढाईमुळे ब्रिटिशांच्या आफ्रिकेतील साम्राज्यास धोका निर्माण झाला.
/root/f5-tts-marathi/datasets/syspin_marathi_female/extracted/IISc_SYSPIN_Data/IISc_SYSPINProject_Marathi_Female_Spk001_HC/wav/IISc_SYSPINProject_mr_f_GENE_02193.wav|रेडिओ या मालवणी भाषेतील चित्रपटाचे चित्रीकरण पूर्णत्वाकडे जात आहे.
/root/f5-tts-marathi/datasets/syspin_marathi_female/extracted/IISc_SYSPIN_Data/IISc_SYSPINProject_Marathi_Female_Spk001_HC/wav/IISc_SYSPINProject_mr_f_HEAL_01481.wav|आणि जोमाने कार्य करणारा मेंदू स्मरण कार्य पण अतिशय चांगलं करायला लागेल
/root/f5-tts-marathi/datasets/syspin_marathi_female/extracted/IISc_SYSPIN_Data/IISc_SYSPINProject_Marathi_Female_Spk001_HC/wav/IISc_SYSPINProject_mr_f_OTHE_03195.wav|"""काय म्हातारबुवा, भुत बघितलं काय? "" सरंजामेंनी स्वत:ला सावरत, खुर्चीत बसता बसता म्हाताऱ्याला प्रश्न केला"
/root/f5-tts-marathi/datasets/syspin_marathi_female/extracted/IISc_SYSPIN_Data/IISc_SYSPINProject_Marathi_Female_Spk001_HC/wav/IISc_SYSPINProject_mr_f_WEAT_02140.wav|परंतु तरीही आघाडीला बळ देण्यासाठी आता पवारांनी स्वत: मोर्चेबांधणी करण्यास सुरुवात केली आहे.
/root/f5-tts-marathi/datasets/syspin_marathi_female/extracted/IISc_SYSPIN_Data/IISc_SYSPINProject_Marathi_Female_Spk001_HC/wav/IISc_SYSPINProject_mr_f_BOOK_00873.wav|मध्ययुगात संत नामदेव, संत एकनाथ, गुरू नानकदेव, रामदास स्वामी हे भारतभ्रमण करत होते.
/root/f5-tts-marathi/datasets/syspin_marathi_female/extracted/IISc_SYSPIN_Data/IISc_SYSPINProject_Marathi_Female_Spk001_HC/wav/IISc_SYSPINProject_mr_f_FINA_00881.wav|चपलांवर 5पाच टक्के तर सेण्डलवर 10दहा टक्के कर निर्यात करताना आकारला जातो.
/root/f5-tts-marathi/datasets/syspin_marathi_female/extracted/IISc_SYSPIN_Data/IISc_SYSPINProject_Marathi_Female_Spk001_HC/wav/IISc_SYSPINProject_mr_f_OTHE_01883.wav|येथे नमूद केलेल्या गुणधर्माच्या काचा या कुठल्याही नंबरच्या चष्म्यांना सूट होतात.
/root/f5-tts-marathi/datasets/syspin_marathi_female/extracted/IISc_SYSPIN_Data/IISc_SYSPINProject_Marathi_Female_Spk001_HC/wav/IISc_SYSPINProject_mr_f_HEAL_03788.wav|वृद्ध व्यक्ती म्हणजेच ज्यांचे वय 85पंच्याऐंशी वर्षे किंवा त्यापेक्षा अधिक आहे, अशा व्यक्तींपैकी 50पन्नासटक्के व्यक्तींमध्ये हा आजार पाहावयास मिळतो.
/root/f5-tts-marathi/datasets/syspin_marathi_female/extracted/IISc_SYSPIN_Data/IISc_SYSPINProject_Marathi_Female_Spk001_HC/wav/IISc_SYSPINProject_mr_f_AGRI_00934.wav|गतवर्षी वेर्ले व तुडव येथे अटल ग्रामविकास योजनेच्या माध्यमातून स्ट्रॉबेरीची लागवड करून चांगले पीक घेण्यात आले.
/root/f5-tts-marathi/datasets/syspin_marathi_female/extracted/IISc_SYSPIN_Data/IISc_SYSPINProject_Marathi_Female_Spk001_HC/wav/IISc_SYSPINProject_mr_f_GENE_03281.wav|या स्पर्धेत अरूण मजुमदार व वैष्णवी अडकर यांनी उच्चस्तरीय टेनिस खेळ दर्शवला.
/root/f5-tts-marathi/datasets/syspin_marathi_female/extracted/IISc_SYSPIN_Data/IISc_SYSPINProject_Marathi_Female_Spk001_HC/wav/IISc_SYSPINProject_mr_f_BOOK_02399.wav|जम्मू आणि काश्मीरमधील जनतेला ज्या सामाजिक व आर्थिक समस्यांना तोंड द्यावेलागतेत्या समस्यांची वेळीच दखल घेण्याचा प्रयत्न शासनानेकेला आहे.
/root/f5-tts-marathi/datasets/syspin_marathi_female/extracted/IISc_SYSPIN_Data/IISc_SYSPINProject_Marathi_Female_Spk001_HC/wav/IISc_SYSPINProject_mr_f_WEAT_04144.wav|नुकतेच श्रीदेवीची मुलगी जान्हवी कपूरचा देखील 1एक पार्टी डान्स सोशल मीडियावर फार व्हायरल झाला.
/root/f5-tts-marathi/datasets/syspin_marathi_female/extracted/IISc_SYSPIN_Data/IISc_SYSPINProject_Marathi_Female_Spk001_HC/wav/IISc_SYSPINProject_mr_f_HEAL_01933.wav|स्तनांचा, प्रोस्टेट किंवा पौरुष ग्रंथी आणि मोठ्या आतड्याचा कर्करोग प्रौढपणी होतो
/root/f5-tts-marathi/datasets/syspin_marathi_female/extracted/IISc_SYSPIN_Data/IISc_SYSPINProject_Marathi_Female_Spk001_HC/wav/IISc_SYSPINProject_mr_f_WEAT_01835.wav|म्हणजे, दोन सेकंदांत केवळ हिंदी सिनेमांतच आढळणारी गोळ्यांनी लोडेड पिस्तूल तुमच्या होल्स्टरमध्ये जाऊन बसेल.
/root/f5-tts-marathi/datasets/syspin_marathi_female/extracted/IISc_SYSPIN_Data/IISc_SYSPINProject_Marathi_Female_Spk001_HC/wav/IISc_SYSPINProject_mr_f_POLI_00629.wav|आपल्या अमोल कोल्हेंनी इतिहास पुढं आणला आहे असं म्हणत त्यांनी कोल्हेंची स्तुती केली आहे.
/root/f5-tts-marathi/datasets/syspin_marathi_female/extracted/IISc_SYSPIN_Data/IISc_SYSPINProject_Marathi_Female_Spk001_HC/wav/IISc_SYSPINProject_mr_f_WEAT_01524.wav|पालिकेच्या अग्निशमन दलात नऊ फायर टेंडर, दोन वॉटर टेंडर, तीन ब्रोंटो स्काय लिफ्ट, दोन रेस्क्यू टेंडर कार्यरत आहेत.
/root/f5-tts-marathi/datasets/syspin_marathi_female/extracted/IISc_SYSPIN_Data/IISc_SYSPINProject_Marathi_Female_Spk001_HC/wav/IISc_SYSPINProject_mr_f_FINA_02209.wav|अधिक अनुभवी आणि पात्र कर्मचार्याला अधिक वेतन दिलं गेलं पाहिजे.
/root/f5-tts-marathi/datasets/syspin_marathi_female/extracted/IISc_SYSPIN_Data/IISc_SYSPINProject_Marathi_Female_Spk001_HC/wav/IISc_SYSPINProject_mr_f_POLI_01628.wav|विश्व मराठी एकांकिका स्पर्धेची मूळ संकल्पना लीना गोगटे आणि अविनाश ओगले यांची आहे.
/root/f5-tts-marathi/datasets/syspin_marathi_female/extracted/IISc_SYSPIN_Data/IISc_SYSPINProject_Marathi_Female_Spk001_HC/wav/IISc_SYSPINProject_mr_f_GENE_01009.wav|कवितेत भगवंताची भरपूर कीर्ती, स्तुती असावी. कविता मन प्रसन्न करणारी व गोड असावी. कवितेमध्यें देवाचे पराक्रम काठोकाठ भरलेले असावे.
/root/f5-tts-marathi/datasets/syspin_marathi_female/extracted/IISc_SYSPIN_Data/IISc_SYSPINProject_Marathi_Female_Spk001_HC/wav/IISc_SYSPINProject_mr_f_GENE_00645.wav|अंतराळात असलेले तारे, आकाशगंगा व कृष्णविवरे यांच्या उगमाचा शोध घेतानाच ब्रह्मांडाच्या बाहेरच्या भागात असलेल्या अतिप्रगत जीवसृष्टीचा माग काढण्याचा प्रयत्न ही दुर्बीण करणार आहे.
/root/f5-tts-marathi/datasets/syspin_marathi_female/extracted/IISc_SYSPIN_Data/IISc_SYSPINProject_Marathi_Female_Spk001_HC/wav/IISc_SYSPINProject_mr_f_BOOK_00085.wav|इसवी सनाच्या पहिल्या शतकापासून धातूची नाणी, मूर्ती आणि शिल्पे, ताम्रपट इत्यादींवरील कोरीव लेख उपलब्ध होऊ लागतात.
/root/f5-tts-marathi/datasets/syspin_marathi_female/extracted/IISc_SYSPIN_Data/IISc_SYSPINProject_Marathi_Female_Spk001_HC/wav/IISc_SYSPINProject_mr_f_EDUC_03321.wav|स्मारकासाठी तयार करण्यात आलेल्या इमारतीचा हा असा वापर होऊ लागल्याने संगमेश्वर येथील संभाजीप्रेमी युवकांनी परशुराम पवार यांच्या नेतृत्वाखाली शासकीय यंत्रणेसह पोलिस यंत्रणेचं लक्ष वेधलं.
/root/f5-tts-marathi/datasets/syspin_marathi_female/extracted/IISc_SYSPIN_Data/IISc_SYSPINProject_Marathi_Female_Spk001_HC/wav/IISc_SYSPINProject_mr_f_BOOK_04745.wav|आर्तवचक्र ही एक नैसर्गिक प्रक्रिया असून 4चार संप्रेरकांद्वारेतिचे नियंत्रण होते.
/root/f5-tts-marathi/datasets/syspin_marathi_female/extracted/IISc_SYSPIN_Data/IISc_SYSPINProject_Marathi_Female_Spk001_HC/wav/IISc_SYSPINProject_mr_f_OTHE_01160.wav|जे पदाधिकारी निष्क्रीय असतील त्यांना नक्कीच बदलण्यात येईल, असेही रावते यांनी यावेळी सांगितले.
/root/f5-tts-marathi/datasets/syspin_marathi_female/extracted/IISc_SYSPIN_Data/IISc_SYSPINProject_Marathi_Female_Spk001_HC/wav/IISc_SYSPINProject_mr_f_POLI_00954.wav|ही महिला वसई तालुक्यातील वज्रेश्वरी रोडवरील सायवन गावातील छोट्याशा पाड्यात राहते.
/root/f5-tts-marathi/datasets/syspin_marathi_female/extracted/IISc_SYSPIN_Data/IISc_SYSPINProject_Marathi_Female_Spk001_HC/wav/IISc_SYSPINProject_mr_f_AGRI_02012.wav|गांडूळ माती उकरत खाली खाली जातो, माती त्यामुळे सच्छिद्र होते, हवा खेळती राहून मातीतला पाण्याचा माव वाढतो.
/root/f5-tts-marathi/datasets/syspin_marathi_female/extracted/IISc_SYSPIN_Data/IISc_SYSPINProject_Marathi_Female_Spk001_HC/wav/IISc_SYSPINProject_mr_f_BOOK_02031.wav|अमेझॉनमधील पाण्याच्या विसर्गाचे प्रमाण प्रचंड आहे.
/root/f5-tts-marathi/datasets/syspin_marathi_female/extracted/IISc_SYSPIN_Data/IISc_SYSPINProject_Marathi_Female_Spk001_HC/wav/IISc_SYSPINProject_mr_f_FINA_02393.wav|यावर स्पष्टीकरण देताना, चैनीच्या गोष्टींवर व 500पाचशे रुपये प्रति किलोपेक्षा महाग वस्तूंवर कर लावायचा निर्णय घेतल्याचं बिहार सरकारने म्हटलंय.
/root/f5-tts-marathi/datasets/syspin_marathi_female/extracted/IISc_SYSPIN_Data/IISc_SYSPINProject_Marathi_Female_Spk001_HC/wav/IISc_SYSPINProject_mr_f_EDUC_02612.wav|त्यावरून वन्यजीवन हे रात्रीच्या खेळांमुळे आणि पार्ट्यांमुळे कसे विस्कळीत झाले आहे याकडेही त्यांनी लक्ष वेधले होते.
/root/f5-tts-marathi/datasets/syspin_marathi_female/extracted/IISc_SYSPIN_Data/IISc_SYSPINProject_Marathi_Female_Spk001_HC/wav/IISc_SYSPINProject_mr_f_FINA_02250.wav|अनुदान जमा होण्यासाठी लाभार्थीचे बंकेत संयुक्त खाते उघडणे आवश्यक असताना आतापर्यंत एकही खाते उघडण्यात आलेले नाही, अशी धक्कादायक माहिती समोर आली आहे.
/root/f5-tts-marathi/datasets/syspin_marathi_female/extracted/IISc_SYSPIN_Data/IISc_SYSPINProject_Marathi_Female_Spk001_HC/wav/IISc_SYSPINProject_mr_f_FINA_00513.wav|रिझर्व्ह बंकेने क्लीन नोट पॉलिसी योजना जाहीर केली असून त्यात नागरिकांना त्यांच्या जुन्या नोटांच्या बदल्यात त्या किमतीची नाणी अथवा कोऱ्या नोटा मिळणार आहेत.
/root/f5-tts-marathi/datasets/syspin_marathi_female/extracted/IISc_SYSPIN_Data/IISc_SYSPINProject_Marathi_Female_Spk001_HC/wav/IISc_SYSPINProject_mr_f_FINA_03157.wav|आता करात सवलत दिल्यामुळे मध्यम वर्गाकडे कर्जाचे हप्ते देण्यासाठी रक्कम उरणार असल्याचे विकासकांना वाटते.
/root/f5-tts-marathi/datasets/syspin_marathi_female/extracted/IISc_SYSPIN_Data/IISc_SYSPINProject_Marathi_Female_Spk001_HC/wav/IISc_SYSPINProject_mr_f_GENE_03433.wav|या क्रिकेट स्पर्धेसाठी मुंबई, पुणे, सांगली, सातारा, कोल्हापूर, गोवा व सिंधुदुर्ग जिल्यातून 40चाळीस संघ सहभागी झाले आहेत.
/root/f5-tts-marathi/datasets/syspin_marathi_female/extracted/IISc_SYSPIN_Data/IISc_SYSPINProject_Marathi_Female_Spk001_HC/wav/IISc_SYSPINProject_mr_f_BOOK_00154.wav|अलीकडच्या काळात प्राच्यविद्यावंतांच्या लेखनामागील छुपे साम्राज्यवादी हितसंबंध प्रकाशात आणण्याचे काम एडवर्ड सैद या विद्वानाने केले.
/root/f5-tts-marathi/datasets/syspin_marathi_female/extracted/IISc_SYSPIN_Data/IISc_SYSPINProject_Marathi_Female_Spk001_HC/wav/IISc_SYSPINProject_mr_f_HEAL_02562.wav|केन्सर हा आजार दुर्धर असल्याने तसेच त्यावरील उपचारही प्रचंड वेदनादायी असल्याने रूग्ण केवळ त्याच्या नावानेही घाबरतात
/root/f5-tts-marathi/datasets/syspin_marathi_female/extracted/IISc_SYSPIN_Data/IISc_SYSPINProject_Marathi_Female_Spk001_HC/wav/IISc_SYSPINProject_mr_f_AGRI_03664.wav|शेंगा पक्व होऊन त्यांच्यामधील बी कडक झाल्यावर झाडे बुंध्याजवळ विळ्याने कापून खळ्यावर वाळवून मळणी करतात.
/root/f5-tts-marathi/datasets/syspin_marathi_female/extracted/IISc_SYSPIN_Data/IISc_SYSPINProject_Marathi_Female_Spk001_HC/wav/IISc_SYSPINProject_mr_f_BOOK_02200.wav|आकृतिबंधांचा प्रकार ओळखा व त्यांचे दाट किंवा विरळ वितरण यांवर भाष्य करा.
/root/f5-tts-marathi/datasets/syspin_marathi_female/extracted/IISc_SYSPIN_Data/IISc_SYSPINProject_Marathi_Female_Spk001_HC/wav/IISc_SYSPINProject_mr_f_POLI_03423.wav|डॉक्टरच्या प्राथमिक भेटीत, तुम्हाला आधी वापरल्या जाणाऱ्या औषधांच्या सर्व पेकेजेस घ्यावी लागतील.
/root/f5-tts-marathi/datasets/syspin_marathi_female/extracted/IISc_SYSPIN_Data/IISc_SYSPINProject_Marathi_Female_Spk001_HC/wav/IISc_SYSPINProject_mr_f_OTHE_01427.wav|या कायद्यामुळे गरिब, अल्पसंख्याक, भटके यांची व महिलांची प्रचंड हेळसांड होणार आहे.
/root/f5-tts-marathi/datasets/syspin_marathi_female/extracted/IISc_SYSPIN_Data/IISc_SYSPINProject_Marathi_Female_Spk001_HC/wav/IISc_SYSPINProject_mr_f_AGRI_01949.wav|तसेच गच्चीवर रोपांची लागवड करणे, पावसाचे वाहून जाणारे पाणी अडवणे आणि जिरवणे, रेन गार्ड्स तयार करणे या बाबींचा समावेश होतो.
/root/f5-tts-marathi/datasets/syspin_marathi_female/extracted/IISc_SYSPIN_Data/IISc_SYSPINProject_Marathi_Female_Spk001_HC/wav/IISc_SYSPINProject_mr_f_HEAL_00762.wav|पांढऱ्या वाघांना मुळातच जनुकीय दोष असतो व या प्रजातींत कर्करोग होऊ शकतो, असे राष्ट्रीय उद्यानाचे पशुतज्ज्ञ सांगतात
/root/f5-tts-marathi/datasets/syspin_marathi_female/extracted/IISc_SYSPIN_Data/IISc_SYSPINProject_Marathi_Female_Spk001_HC/wav/IISc_SYSPINProject_mr_f_AGRI_03518.wav|ह्या बागेत ठिबक सिंचनाचा चतुराईने उपयोग करून केवळ झाडाच्या बुंध्याजवळ पाणी पुरविलेले होते.
/root/f5-tts-marathi/datasets/syspin_marathi_female/extracted/IISc_SYSPIN_Data/IISc_SYSPINProject_Marathi_Female_Spk001_HC/wav/IISc_SYSPINProject_mr_f_HEAL_04409.wav|त्याचप्रमाणे या रुग्णांना सतत मळमळ होणे, तोंडाला चव नसणे, बध्दकोष्ठता होणे हे विकार होत असल्याने त्याला फार कमी प्रमाणात भूक लागते.
/root/f5-tts-marathi/datasets/syspin_marathi_female/extracted/IISc_SYSPIN_Data/IISc_SYSPINProject_Marathi_Female_Spk001_HC/wav/IISc_SYSPINProject_mr_f_HEAL_00190.wav|ह्या तत्वांमुळे शरीरातील इंस्युलीनची पातळी नियंत्रित राहते आणि मधुमेह होण्यापासून बचाव होतो
/root/f5-tts-marathi/datasets/syspin_marathi_female/extracted/IISc_SYSPIN_Data/IISc_SYSPINProject_Marathi_Female_Spk001_HC/wav/IISc_SYSPINProject_mr_f_OTHE_01327.wav|कांग्रेस आणि सीपीएमने केलेल्या तक्रारीत स्पष्टपणे म्हटलं की, हा सिनेमा राजकीय हेतूने तयार करण्यात आला आहे.
/root/f5-tts-marathi/datasets/syspin_marathi_female/extracted/IISc_SYSPIN_Data/IISc_SYSPINProject_Marathi_Female_Spk001_HC/wav/IISc_SYSPINProject_mr_f_BOOK_03586.wav|त्यामध्ये सर्व भारतीय आमचे प्रजाजन आहेत असे म्हणत राणीने भारतीयांना उद्देशून काही आश्वासने दिली.
/root/f5-tts-marathi/datasets/syspin_marathi_female/extracted/IISc_SYSPIN_Data/IISc_SYSPINProject_Marathi_Female_Spk001_HC/wav/IISc_SYSPINProject_mr_f_WEAT_01198.wav|दरम्यान, पुलवामा हल्ल्यानंतर संपूर्ण देशात संताप व्यक्त होत असताना सिद्धूंसोबत शिल्पाही वादाच्या भोवऱ्यात अडकली.
/root/f5-tts-marathi/datasets/syspin_marathi_female/extracted/IISc_SYSPIN_Data/IISc_SYSPINProject_Marathi_Female_Spk001_HC/wav/IISc_SYSPINProject_mr_f_BOOK_03127.wav|त्यांच्या जोडीला धर्मगुरु, सर्जन व मदतनीस, स्वयंपाकी, प्रेसिडेंटचा नोकर, एक तुतारीवाला असे लोक असत.
/root/f5-tts-marathi/datasets/syspin_marathi_female/extracted/IISc_SYSPIN_Data/IISc_SYSPINProject_Marathi_Female_Spk001_HC/wav/IISc_SYSPINProject_mr_f_BOOK_05698.wav|व्यावसायिक तत्त्वांवर त्याचा उपयोग करून कोणता पदार्थ बनवतात?
/root/f5-tts-marathi/datasets/syspin_marathi_female/extracted/IISc_SYSPIN_Data/IISc_SYSPINProject_Marathi_Female_Spk001_HC/wav/IISc_SYSPINProject_mr_f_WEAT_02531.wav|त्यातील बो ड्रेसपासून ते लेटेस्ट ट्यूल गाउन लूकपर्यंत दीपिका पादुकोणने आपल्या सर्व लूक्सनी अनेक बड्या अभिनेत्रींना टक्कर दिली.
/root/f5-tts-marathi/datasets/syspin_marathi_female/extracted/IISc_SYSPIN_Data/IISc_SYSPINProject_Marathi_Female_Spk001_HC/wav/IISc_SYSPINProject_mr_f_OTHE_01977.wav|अगदी एखादा नट व्यक्तिरेखा बनून येतो तेव्हासुद्धा हा बेस्ट कॉश्च्यूम म्हणून असणारच होता.
/root/f5-tts-marathi/datasets/syspin_marathi_female/extracted/IISc_SYSPIN_Data/IISc_SYSPINProject_Marathi_Female_Spk001_HC/wav/IISc_SYSPINProject_mr_f_BOOK_03294.wav|या सर्व घडामोडींच्या दरम्यान हिंदुस्थानमध्ये इंग्रजांची कायमस्वरूपी सत्ता स्थापन करायची असेल तर मराठ्यांना पराभूत करणे आवश्यक आहे हे इंग्रज गव्हर्नर वॉरन हेस्टिंग्जच्या लक्षात आले.
/root/f5-tts-marathi/datasets/syspin_marathi_female/extracted/IISc_SYSPIN_Data/IISc_SYSPINProject_Marathi_Female_Spk001_HC/wav/IISc_SYSPINProject_mr_f_WEAT_01828.wav|त्यामुळे मला मेन हायवे सोडून सर्व्हिस रस्त्यावरून आता आपली गाडी चालू आहे की काय असे वाटते आहे.
/root/f5-tts-marathi/datasets/syspin_marathi_female/extracted/IISc_SYSPIN_Data/IISc_SYSPINProject_Marathi_Female_Spk001_HC/wav/IISc_SYSPINProject_mr_f_BOOK_02211.wav|वरील सर्व कारणांमुळे सावो पावलो येथे मानवी वस्ती केंद्रित झालेली आढळते.
/root/f5-tts-marathi/datasets/syspin_marathi_female/extracted/IISc_SYSPIN_Data/IISc_SYSPINProject_Marathi_Female_Spk001_HC/wav/IISc_SYSPINProject_mr_f_HEAL_02992.wav|मलेरिया चा परजीवी एनाफेलीस डासाच्या मादीच्या शरीरातून तिच्या डंखातील लाळे तून मानवी शरीरात प्रवेश करतो आणि त्याला मलेरिया ची बाधा होते
/root/f5-tts-marathi/datasets/syspin_marathi_female/extracted/IISc_SYSPIN_Data/IISc_SYSPINProject_Marathi_Female_Spk001_HC/wav/IISc_SYSPINProject_mr_f_EDUC_02370.wav|मेगाब्लॉक, लोकलचे डब्बे घसरणे, तर कधी पेंटोग्राफ तुटण्याचे प्रकार या घटना नित्याच्याच झाल्याने प्रवाशांनी संतापाला मोकळी वाट करून दिल्याची प्रतिक्रिया उमटत होती.
/root/f5-tts-marathi/datasets/syspin_marathi_female/extracted/IISc_SYSPIN_Data/IISc_SYSPINProject_Marathi_Female_Spk001_HC/wav/IISc_SYSPINProject_mr_f_WEAT_03130.wav|ट्रेकर काय असतो? कसा असतो? ट्रेकिंग दरम्यान कसा जगतो? कसा भिडतो? कसा निसर्गाशी एकरूप होऊन बागडतो? पडतो, धडपडतो, उठतो हे सर्वकाही तथाकथित आहे.
/root/f5-tts-marathi/datasets/syspin_marathi_female/extracted/IISc_SYSPIN_Data/IISc_SYSPINProject_Marathi_Female_Spk001_HC/wav/IISc_SYSPINProject_mr_f_AGRI_04236.wav|जास्त काळ फळे झाडावर राहिल्यास ती गळून पडतात. फळांना विशिष्ट वास येतो. त्यामुळे शक्यतो फळे पूर्ण पिकण्यापूर्वीच काढतात.
/root/f5-tts-marathi/datasets/syspin_marathi_female/extracted/IISc_SYSPIN_Data/IISc_SYSPINProject_Marathi_Female_Spk001_HC/wav/IISc_SYSPINProject_mr_f_BOOK_03666.wav|6सहा एप्रिल 1919एकोणीशे एकोणीस रोजी हरताळ पाळण्याचे आवाहन जनतेला केले.
/root/f5-tts-marathi/datasets/syspin_marathi_female/extracted/IISc_SYSPIN_Data/IISc_SYSPINProject_Marathi_Female_Spk001_HC/wav/IISc_SYSPINProject_mr_f_OTHE_00799.wav|मेकडॉनल्ड्स सुरुवातीच्या काळात 'मेकडॉनल्ड्स में है कुछ बात' ही टेगलाईन घेऊन ग्राहकांना आवाहन करत होती.
/root/f5-tts-marathi/datasets/syspin_marathi_female/extracted/IISc_SYSPIN_Data/IISc_SYSPINProject_Marathi_Female_Spk001_HC/wav/IISc_SYSPINProject_mr_f_FINA_02276.wav|हज यात्रेसाठी लागणार्या खर्चाची रक्कम स्वअर्जित असावी, संबंधित यात्रेकरूने सर्व कौटुंबिक जबाबदार्या पूर्ण केलेल्या असाव्यात, त्याच्यावर कोणत्याही प्रकारचं कर्ज नसावं किंवा देणी नसावी.
/root/f5-tts-marathi/datasets/syspin_marathi_female/extracted/IISc_SYSPIN_Data/IISc_SYSPINProject_Marathi_Female_Spk001_HC/wav/IISc_SYSPINProject_mr_f_WEAT_01841.wav|योगेंद्र यादव यांच्या कालच्या ट्वीटवरून त्यांना भाजप समर्थकांनी बराच काळ ट्रोलही केलं होतं.
/root/f5-tts-marathi/datasets/syspin_marathi_female/extracted/IISc_SYSPIN_Data/IISc_SYSPINProject_Marathi_Female_Spk001_HC/wav/IISc_SYSPINProject_mr_f_GENE_01922.wav|शिवाय सर्व सण सारखेच असून मानवता हा एकच धर्म असल्याची जाणीव यामुळे वृद्धिंगत होते, अशी माहिती धामणेकर कुटुंबीयांनी दिली.
/root/f5-tts-marathi/datasets/syspin_marathi_female/extracted/IISc_SYSPIN_Data/IISc_SYSPINProject_Marathi_Female_Spk001_HC/wav/IISc_SYSPINProject_mr_f_BOOK_01488.wav|स्वतंत्र भारतातील नव्या युवा वर्गाला यामुळे अर्थातच राजकीय अवकाश प्राप्त झाले. अशा लोकशाहीची व्याप्ती वाढवणाऱ्या बदलामुळे भारतीय लोकशाही जगातील सर्वांत मोठी लोकशाही मानली जाते.
/root/f5-tts-marathi/datasets/syspin_marathi_female/extracted/IISc_SYSPIN_Data/IISc_SYSPINProject_Marathi_Female_Spk001_HC/wav/IISc_SYSPINProject_mr_f_BOOK_05009.wav|दिष्ट विद्युतधारा बाहेरील परिपथात दिशा बदलत नाही. त्यासाठी विद्युत चलित्रासाठी जसे दुभंगलेले कडे वापरले, तसेच एक दुभंगलेले कडे आसावर बसवलेले असते.
/root/f5-tts-marathi/datasets/syspin_marathi_female/extracted/IISc_SYSPIN_Data/IISc_SYSPINProject_Marathi_Female_Spk001_HC/wav/IISc_SYSPINProject_mr_f_HEAL_00521.wav|मानसिक आजार व झोप न येणे या रुग्नांसाठी अल्प्रालोलम ही गोळी डॉक्टरांच्या सल्ल्यानं अल्प प्रमाणात देण्यात येत
/root/f5-tts-marathi/datasets/syspin_marathi_female/extracted/IISc_SYSPIN_Data/IISc_SYSPINProject_Marathi_Female_Spk001_HC/wav/IISc_SYSPINProject_mr_f_BOOK_02970.wav|त्याचे पूर्वीचे नाव ब्रह्मदेश बर्मा असे होते.
/root/f5-tts-marathi/datasets/syspin_marathi_female/extracted/IISc_SYSPIN_Data/IISc_SYSPINProject_Marathi_Female_Spk001_HC/wav/IISc_SYSPINProject_mr_f_BOOK_02262.wav|ब्राझीलचा पूर्वभाग लोहखनिज, मंगनीज, निकेल, तांबे, बॉक्साईट इत्यादी खनिज संपत्तीने संपन्न आहे.
/root/f5-tts-marathi/datasets/syspin_marathi_female/extracted/IISc_SYSPIN_Data/IISc_SYSPINProject_Marathi_Female_Spk001_HC/wav/IISc_SYSPINProject_mr_f_WEAT_01113.wav|गडावर हरणाई मातेचे मंदिर असून 25पंचवीस - 30तीस पंचवीस तीस लोक आरामात बसू शकतील एवढे बंदिस्त सभागृह आहे.
/root/f5-tts-marathi/datasets/syspin_marathi_female/extracted/IISc_SYSPIN_Data/IISc_SYSPINProject_Marathi_Female_Spk001_HC/wav/IISc_SYSPINProject_mr_f_AGRI_04232.wav|जास्तीची फुले येण्यासाठी हुंडी फोडावी, मुळ्या मोकळ्या कराव्यात. काही वेळा मुळ्यांची छाटणीसुद्धा करतात.
/root/f5-tts-marathi/datasets/syspin_marathi_female/extracted/IISc_SYSPIN_Data/IISc_SYSPINProject_Marathi_Female_Spk001_HC/wav/IISc_SYSPINProject_mr_f_OTHE_04166.wav|पाण्यासाठी मैलोन्मैल पायपीट, नेत्यांना रोज साकडं तरीही कोणी ढुंकून पाहत नाही
/root/f5-tts-marathi/datasets/syspin_marathi_female/extracted/IISc_SYSPIN_Data/IISc_SYSPINProject_Marathi_Female_Spk001_HC/wav/IISc_SYSPINProject_mr_f_BOOK_03774.wav|1946एकोणीशे शेहचाळीस मध्ये डॉ. राम मनोहर लोहिया यांच्या नेतृत्वाखाली सविनय कायदेभंगाचे आंदोलन झाले. लोहियांना पोर्तुगीज सरकारने पकडून हद्दपार केले.
/root/f5-tts-marathi/datasets/syspin_marathi_female/extracted/IISc_SYSPIN_Data/IISc_SYSPINProject_Marathi_Female_Spk001_HC/wav/IISc_SYSPINProject_mr_f_WEAT_02065.wav|'लौंग लाची'नंतर, नेहा कक्कर आणि टोनी कक्करच्या 'मिले हो तुम हमको' या गाण्याला यूट्यूबवर 864आठशे चौसष्ट मिलियन वेळा पाहण्यात आलं आहे.
/root/f5-tts-marathi/datasets/syspin_marathi_female/extracted/IISc_SYSPIN_Data/IISc_SYSPINProject_Marathi_Female_Spk001_HC/wav/IISc_SYSPINProject_mr_f_GENE_01249.wav|मालवणच्या बालसन्मित्र या पारुजी नारायण मिसाळ यांच्या पाक्षिकात त्यांच्या बालकथा, कविता आणि अन्य लेख प्रसिद्ध व्हायचे.
/root/f5-tts-marathi/datasets/syspin_marathi_female/extracted/IISc_SYSPIN_Data/IISc_SYSPINProject_Marathi_Female_Spk001_HC/wav/IISc_SYSPINProject_mr_f_HEAL_03897.wav|ज्या ठिकाणी रक्तपुरवठा पुरेसा असेल त्या ठिकाणी ही पसरण्याची प्रक्रिया थांबते.
/root/f5-tts-marathi/datasets/syspin_marathi_female/extracted/IISc_SYSPIN_Data/IISc_SYSPINProject_Marathi_Female_Spk001_HC/wav/IISc_SYSPINProject_mr_f_GENE_01580.wav|या समारंभात, कपील देव, रियो फर्नांडीज, अनुष्का शंकर आणि जो राईट यासारखे संगीत आणि खेळ जगतातील काही खेळाडू उपस्थित राहतील.
/root/f5-tts-marathi/datasets/syspin_marathi_female/extracted/IISc_SYSPIN_Data/IISc_SYSPINProject_Marathi_Female_Spk001_HC/wav/IISc_SYSPINProject_mr_f_AGRI_04052.wav|डाळिंब पिकाच्या सर्वच भागांवर रोग व किडीचा प्रादुर्भाव दिसून येतो.
/root/f5-tts-marathi/datasets/syspin_marathi_female/extracted/IISc_SYSPIN_Data/IISc_SYSPINProject_Marathi_Female_Spk001_HC/wav/IISc_SYSPINProject_mr_f_GENE_01245.wav|त्यातील एक भाग ज्यूंनी ताब्यात घेऊन तिथे इस्राएल हे राष्ट्र वसवले.
/root/f5-tts-marathi/datasets/syspin_marathi_female/extracted/IISc_SYSPIN_Data/IISc_SYSPINProject_Marathi_Female_Spk001_HC/wav/IISc_SYSPINProject_mr_f_BOOK_01150.wav|ती त्या-त्या ग्रंथाच्या वाचनास मदत करणारी असते.
/root/f5-tts-marathi/datasets/syspin_marathi_female/extracted/IISc_SYSPIN_Data/IISc_SYSPINProject_Marathi_Female_Spk001_HC/wav/IISc_SYSPINProject_mr_f_GENE_02925.wav|भटकंती मालिका करत असतानाच हा गूढ अगम्य आणि नैसर्गिक आश्चर्याने नटलेला महाराष्ट्र फिरायचा अशी कल्पना होती, असे दिग्दर्शक संतोष कोल्हे यांनी सांगितले.
/root/f5-tts-marathi/datasets/syspin_marathi_female/extracted/IISc_SYSPIN_Data/IISc_SYSPINProject_Marathi_Female_Spk001_HC/wav/IISc_SYSPINProject_mr_f_EDUC_01070.wav|प्रांजली निफाडकरचा अपघात आणि निफाडकर सरांनी केलेले आवाहन याची चर्चा ताजीच होती
/root/f5-tts-marathi/datasets/syspin_marathi_female/extracted/IISc_SYSPIN_Data/IISc_SYSPINProject_Marathi_Female_Spk001_HC/wav/IISc_SYSPINProject_mr_f_BOOK_03680.wav|ठिकठिकाणी परदेशी कापडांच्या होळ्या भडकू लागल्या.
/root/f5-tts-marathi/datasets/syspin_marathi_female/extracted/IISc_SYSPIN_Data/IISc_SYSPINProject_Marathi_Female_Spk001_HC/wav/IISc_SYSPINProject_mr_f_BOOK_00551.wav|हा एक गद्यपद्यमिश्रित सादरीकरणाचा प्रकार आहे.
/root/f5-tts-marathi/datasets/syspin_marathi_female/extracted/IISc_SYSPIN_Data/IISc_SYSPINProject_Marathi_Female_Spk001_HC/wav/IISc_SYSPINProject_mr_f_FINA_02461.wav|हे क्षेत्र तर तिच्यासाठी एखादी परकीय भाषा असल्यागत आहे, परंतु तिच्या सल्लागाराने तिला चांगल्या कंपन्यांच्या शेअर्समध्ये हळूहळू गुंतवणूक करायला समजावलं.
/root/f5-tts-marathi/datasets/syspin_marathi_female/extracted/IISc_SYSPIN_Data/IISc_SYSPINProject_Marathi_Female_Spk001_HC/wav/IISc_SYSPINProject_mr_f_BOOK_00414.wav|ताजमहाल हे भारतातील मुस्लीम स्थापत्याच्य सौंदर्याचे अग्रगण्य उदाहरण मानले जाते.
/root/f5-tts-marathi/datasets/syspin_marathi_female/extracted/IISc_SYSPIN_Data/IISc_SYSPINProject_Marathi_Female_Spk001_HC/wav/IISc_SYSPINProject_mr_f_HEAL_03451.wav|गंमत म्हणजे या प्रत्येक प्रकारात त्याचे निदान बदलते, कारण सगळे केस हे एकसारखे वाटत असले तरी त्यांचा संबंध आपल्या शरीरातील वेगवेगळ्या सप्तधातूंशी आलेला असतो
/root/f5-tts-marathi/datasets/syspin_marathi_female/extracted/IISc_SYSPIN_Data/IISc_SYSPINProject_Marathi_Female_Spk001_HC/wav/IISc_SYSPINProject_mr_f_OTHE_03069.wav|प्रोतिमा कबीर बेदी या प्रख्यात नृत्यांगना काही वर्षांपुर्वी मुंबई चौपाटीवर अशाच उत्स्फुर्ततेने नग्न होऊन धावल्या होत्या त्यांच्यावर अर्थातच टीकेचा भडीमार झाला होता
/root/f5-tts-marathi/datasets/syspin_marathi_female/extracted/IISc_SYSPIN_Data/IISc_SYSPINProject_Marathi_Female_Spk001_HC/wav/IISc_SYSPINProject_mr_f_BOOK_04549.wav|त्यामुळे आपल्या शरीरात कमी ऊर्जा तयार होऊन लेक्टिक आम्ल साठते आणि आपल्याला थकल्यासारखे वाटते.
/root/f5-tts-marathi/datasets/syspin_marathi_female/extracted/IISc_SYSPIN_Data/IISc_SYSPINProject_Marathi_Female_Spk001_HC/wav/IISc_SYSPINProject_mr_f_OTHE_00173.wav|शहरातील रस्त्यांवर पार्कींगचे पट्टे मारण्यासह झेब्रा क्रॉसिंगचे पट्टे मारणे आवश्यक आहे.
/root/f5-tts-marathi/datasets/syspin_marathi_female/extracted/IISc_SYSPIN_Data/IISc_SYSPINProject_Marathi_Female_Spk001_HC/wav/IISc_SYSPINProject_mr_f_BOOK_02773.wav|यामुळे शेतीची कामे जलद गतीने होऊ लागली.
/root/f5-tts-marathi/datasets/syspin_marathi_female/extracted/IISc_SYSPIN_Data/IISc_SYSPINProject_Marathi_Female_Spk001_HC/wav/IISc_SYSPINProject_mr_f_FINA_02444.wav|एवढंच नव्हे तर विमा कंपन्या तसेच बेंका आपल्या ग्राहकांना हप्त्याची माहिती करून देण्यासाठी तसेच इतर माहिती देण्यासाठी पोस्ट कार्डचाच वापर करतात.
/root/f5-tts-marathi/datasets/syspin_marathi_female/extracted/IISc_SYSPIN_Data/IISc_SYSPINProject_Marathi_Female_Spk001_HC/wav/IISc_SYSPINProject_mr_f_WEAT_01441.wav|बायोमेट्रिक्स म्हणजे लोकांच्या शारीरिक व वर्तणुकीशी संबंधित वैशिष्ट्यांचे मोजमाप आणि सांख्यीय विश्लेषण.
/root/f5-tts-marathi/datasets/syspin_marathi_female/extracted/IISc_SYSPIN_Data/IISc_SYSPINProject_Marathi_Female_Spk001_HC/wav/IISc_SYSPINProject_mr_f_OTHE_01959.wav|डिमेन्शियाचे रूग्ण आपलं नाव, जागेचं नाव आणि तारीख सगळ्या गोष्टी विसरू लागतो.
/root/f5-tts-marathi/datasets/syspin_marathi_female/extracted/IISc_SYSPIN_Data/IISc_SYSPINProject_Marathi_Female_Spk001_HC/wav/IISc_SYSPINProject_mr_f_BOOK_02731.wav|याच कालखंडात 'किमया' या नावाने ओळखल्या जाणाऱ्या शास्त्रातील गूढवाद कमी होऊन ते वैज्ञानिक पायावर उभे राहिले.
/root/f5-tts-marathi/datasets/syspin_marathi_female/extracted/IISc_SYSPIN_Data/IISc_SYSPINProject_Marathi_Female_Spk001_HC/wav/IISc_SYSPINProject_mr_f_GENE_02488.wav|क्रिकेटशिवाय इतर खेळातील खेळाडूंना पुरेशा सुविधा मिळत नसल्याने ओलिम्पिक खेळात देशाला फार कमी पदके मिळतात, असे मत वक्त्यांनी मांडले.
/root/f5-tts-marathi/datasets/syspin_marathi_female/extracted/IISc_SYSPIN_Data/IISc_SYSPINProject_Marathi_Female_Spk001_HC/wav/IISc_SYSPINProject_mr_f_HEAL_02488.wav|जर ह्याची मात्रा शरीरामध्ये वाढली, तर लठ्ठपणा, हृदयरोग इत्याधी व्याधी उद्भवू शकतात
/root/f5-tts-marathi/datasets/syspin_marathi_female/extracted/IISc_SYSPIN_Data/IISc_SYSPINProject_Marathi_Female_Spk001_HC/wav/IISc_SYSPINProject_mr_f_BOOK_02597.wav|आपत्तीकाळात आपत्तीग्रस्तांची त्वरित सुटका करणे, आपत्तीचा प्रभाव कमी करणे, आपत्तीला धैर्यानेतोंड देणे, आपत्तींचा सामना करण्यासाठी विविध उपाय योजना राबवणेम्हणजेच 'सज्जतेसाठी पूर्वनियोजन' करणे होय.
/root/f5-tts-marathi/datasets/syspin_marathi_female/extracted/IISc_SYSPIN_Data/IISc_SYSPINProject_Marathi_Female_Spk001_HC/wav/IISc_SYSPINProject_mr_f_OTHE_01816.wav|असे म्हटले जाते की, तीन ममी सैनिकांचे असू शकतात कारण तीन ममींपैकी एका ममीच्या डोक्याला जखम आहे.
/root/f5-tts-marathi/datasets/syspin_marathi_female/extracted/IISc_SYSPIN_Data/IISc_SYSPINProject_Marathi_Female_Spk001_HC/wav/IISc_SYSPINProject_mr_f_AGRI_01965.wav|झाडांना पाणी घालताना नळीला स्प्रे टैड्स स्प्रिंकलर लावून हाताने घालतो.
/root/f5-tts-marathi/datasets/syspin_marathi_female/extracted/IISc_SYSPIN_Data/IISc_SYSPINProject_Marathi_Female_Spk001_HC/wav/IISc_SYSPINProject_mr_f_HEAL_02663.wav|सुदैवाने ते हॉस्पिटलच असल्याने तिथेच त्यांच्यावर त्वरित उपचार पण झाले
/root/f5-tts-marathi/datasets/syspin_marathi_female/extracted/IISc_SYSPIN_Data/IISc_SYSPINProject_Marathi_Female_Spk001_HC/wav/IISc_SYSPINProject_mr_f_OTHE_01300.wav|पायाभूत सुविधा निर्मिती आणि वाणिज्यिक मार्ग निर्मितीसाठी उद्योगांना प्रोत्साहन दिले जाणार आहे.
/root/f5-tts-marathi/datasets/syspin_marathi_female/extracted/IISc_SYSPIN_Data/IISc_SYSPINProject_Marathi_Female_Spk001_HC/wav/IISc_SYSPINProject_mr_f_WEAT_03451.wav|मध्यफळीत कॉलिन डी ग्रंडहोम, अष्टपैलू मिचेल संटेनर, टॉम ब्लंडेल हे उपयुक्त योगदान देऊ शकतात.
/root/f5-tts-marathi/datasets/syspin_marathi_female/extracted/IISc_SYSPIN_Data/IISc_SYSPINProject_Marathi_Female_Spk001_HC/wav/IISc_SYSPINProject_mr_f_AGRI_00585.wav|ओक्सिजनची कमतरता असल्यामुळे पूर्ण प्रवासात खूप पाणी प्यायचा सल्ला आमच्या ग्रुप हेडने दिलेला असल्याने पाणी खूप प्यायलो.
/root/f5-tts-marathi/datasets/syspin_marathi_female/extracted/IISc_SYSPIN_Data/IISc_SYSPINProject_Marathi_Female_Spk001_HC/wav/IISc_SYSPINProject_mr_f_OTHE_01926.wav|माझा भाचा असेच 'विचित्र' काहीतरी बोलत असतो याची आठवण झाली आणि हे पुस्तक त्याला आवडेल याची खात्री वाटली .
/root/f5-tts-marathi/datasets/syspin_marathi_female/extracted/IISc_SYSPIN_Data/IISc_SYSPINProject_Marathi_Female_Spk001_HC/wav/IISc_SYSPINProject_mr_f_WEAT_01209.wav|त्यामुळे आपण जे प्रश्न 'अटेम्प्ट' करू तेवढे पूर्ण बरोबर असतील याची खात्री आपल्याला पेपर सोडवताना येत नाही.
/root/f5-tts-marathi/datasets/syspin_marathi_female/extracted/IISc_SYSPIN_Data/IISc_SYSPINProject_Marathi_Female_Spk001_HC/wav/IISc_SYSPINProject_mr_f_HEAL_04190.wav|शरीराला अशा संपूर्ण आंत्रेतर पोषणावर ठेवावे लागते. त्यामुळे आतड्याला आवश्यक ती संपूर्ण विश्रांतीही मिळते.
/root/f5-tts-marathi/datasets/syspin_marathi_female/extracted/IISc_SYSPIN_Data/IISc_SYSPINProject_Marathi_Female_Spk001_HC/wav/IISc_SYSPINProject_mr_f_BOOK_01604.wav|हे सभासद कसे निवडून येतात ? प्रत्येक सभासद एका मतदारसंघाचे प्रतिनिधित्व करतो.
/root/f5-tts-marathi/datasets/syspin_marathi_female/extracted/IISc_SYSPIN_Data/IISc_SYSPINProject_Marathi_Female_Spk001_HC/wav/IISc_SYSPINProject_mr_f_HEAL_00449.wav|आयुर्वेदिक चिकित्सेवर आधारित हे डाएट शरीर आणि मेंदू दोन्हींच्या आरोग्याचे संतूलन कायम ठेवते
/root/f5-tts-marathi/datasets/syspin_marathi_female/extracted/IISc_SYSPIN_Data/IISc_SYSPINProject_Marathi_Female_Spk001_HC/wav/IISc_SYSPINProject_mr_f_BOOK_02458.wav|सुरक्षेची लष्करी बाजूमहत्त्वाची असते, परंतुतो राष्ट्रीय सुरक्षेचा एकमेव घटक नसतो.
/root/f5-tts-marathi/datasets/syspin_marathi_female/extracted/IISc_SYSPIN_Data/IISc_SYSPINProject_Marathi_Female_Spk001_HC/wav/IISc_SYSPINProject_mr_f_GENE_03414.wav|झोंबी बॉय म्हणून ओळखला जाणारा केनेडियन कलाकार रिक जेनेस्ट याने आत्महत्या करून आपली जीवनयात्रा संपवली.
/root/f5-tts-marathi/datasets/syspin_marathi_female/extracted/IISc_SYSPIN_Data/IISc_SYSPINProject_Marathi_Female_Spk001_HC/wav/IISc_SYSPINProject_mr_f_BOOK_05690.wav|दह्यातून पाणी वेगळे काढले जाते. घट्ट दह्याचे तुकडे कापणे, धुणे, रगडणे इत्यादीनंतर मीठ घालणे व त्यात आवश्यक ते सूक्ष्मजीव, रंग, स्वाद मिसळून चीज तयार होण्याच्या प्रक्रियेला सुरुवात केली जाते.
/root/f5-tts-marathi/datasets/syspin_marathi_female/extracted/IISc_SYSPIN_Data/IISc_SYSPINProject_Marathi_Female_Spk001_HC/wav/IISc_SYSPINProject_mr_f_BOOK_03011.wav|भारताच्या उत्तर सीमेवर भूटान, बंगाल, नेपाळ आणि तिबेट यांनी वेढलेले सिक्कीम हे एक छोटे राज्य होते.
/root/f5-tts-marathi/datasets/syspin_marathi_female/extracted/IISc_SYSPIN_Data/IISc_SYSPINProject_Marathi_Female_Spk001_HC/wav/IISc_SYSPINProject_mr_f_OTHE_02599.wav|यामध्ये सौंदलगा, कुर्ली, आप्पाचीवाडी, आडी, भिवशी, बेनाडी, जैनवाडी, बोळेवाडी, सिदनाळ, हुन्नरगी परिसराला अक्षरश: झोडपून काढले
/root/f5-tts-marathi/datasets/syspin_marathi_female/extracted/IISc_SYSPIN_Data/IISc_SYSPINProject_Marathi_Female_Spk001_HC/wav/IISc_SYSPINProject_mr_f_EDUC_02044.wav|ज्वारीच्या दाण्याएवढा एअरफोन परीक्षा देणाऱ्याच्या कानात होता आणि त्याला कनेक्ट करणारं ब्लू टूथ डिव्हाईस परीक्षार्थीच्या पाठीवर लावलं होतं.
/root/f5-tts-marathi/datasets/syspin_marathi_female/extracted/IISc_SYSPIN_Data/IISc_SYSPINProject_Marathi_Female_Spk001_HC/wav/IISc_SYSPINProject_mr_f_BOOK_00161.wav|इतिहासलेखन, भाषाशास्त्र, व्युत्पत्ती, व्याकरण अशा अनेक विषयांवर मूलभूत संशोधन करणारे आणि मराठी भाषेतून लेखन करणारे इतिहासकार म्हणून राजवाडे परिचित आहेत.
/root/f5-tts-marathi/datasets/syspin_marathi_female/extracted/IISc_SYSPIN_Data/IISc_SYSPINProject_Marathi_Female_Spk001_HC/wav/IISc_SYSPINProject_mr_f_HEAL_01855.wav|दलाई लामा यांच्या छातीत संसर्ग झाला असून पुढील दोन ते तीन दिवस त्यांच्यावर दिल्लीतील रुग्णालयात उपचार सुरू राहतील
/root/f5-tts-marathi/datasets/syspin_marathi_female/extracted/IISc_SYSPIN_Data/IISc_SYSPINProject_Marathi_Female_Spk001_HC/wav/IISc_SYSPINProject_mr_f_OTHE_03402.wav|हार्टरेट मॉनिटरिंग, वर्कआउट टाइम, डिस्टन्स, केलेरी आणि एरोबिक्स यासारख्या अक्टिव्हिटीज ट्रेक होतात.
/root/f5-tts-marathi/datasets/syspin_marathi_female/extracted/IISc_SYSPIN_Data/IISc_SYSPINProject_Marathi_Female_Spk001_HC/wav/IISc_SYSPINProject_mr_f_BOOK_03525.wav|इंग्रज मळेवाल्यांनी येथे नगदी पिके घेण्यास सुरुवात केली.
/root/f5-tts-marathi/datasets/syspin_marathi_female/extracted/IISc_SYSPIN_Data/IISc_SYSPINProject_Marathi_Female_Spk001_HC/wav/IISc_SYSPINProject_mr_f_POLI_01824.wav|चीनच्या तीन दिवसांच्या दौऱ्यावर असलेले परराष्ट्र मंत्री एस जयशंकर यांनी चीनचे उपाध्यक्ष वेंग किशान यांची भेट घेतली.
/root/f5-tts-marathi/datasets/syspin_marathi_female/extracted/IISc_SYSPIN_Data/IISc_SYSPINProject_Marathi_Female_Spk001_HC/wav/IISc_SYSPINProject_mr_f_AGRI_02318.wav|यासाठी 3तीन गुंठे क्षेत्राच्या मध्यभागी, झाडाच्या सावलीला छोटा गांडूळखत प्रकल्प उभा केला आहे. यामधून साधारण 3तीन महिन्याला 1एक क्विंटल गांडूळ खत मिळते.
/root/f5-tts-marathi/datasets/syspin_marathi_female/extracted/IISc_SYSPIN_Data/IISc_SYSPINProject_Marathi_Female_Spk001_HC/wav/IISc_SYSPINProject_mr_f_EDUC_02606.wav|पुण्याचे माजी पोलिस आयुक्त गुलाबराव पोळ यांनी केलेले प्लंचेट पाहिल्यावर राज्य सरकार आणि पोलिसांची कीव करावीशी वाटते.
/root/f5-tts-marathi/datasets/syspin_marathi_female/extracted/IISc_SYSPIN_Data/IISc_SYSPINProject_Marathi_Female_Spk001_HC/wav/IISc_SYSPINProject_mr_f_GENE_02227.wav|अमोल पालेकर यांनी दिग्दर्शक म्हणून अनेक चित्रपट केले, ज्यात नकाब आणि पहेलीसारख्या चित्रपटांचा समावेश आहे.
/root/f5-tts-marathi/datasets/syspin_marathi_female/extracted/IISc_SYSPIN_Data/IISc_SYSPINProject_Marathi_Female_Spk001_HC/wav/IISc_SYSPINProject_mr_f_WEAT_02776.wav|आम्हाला मेट्रो हवीच या आशयाचे टीशर्ट घालून शहरात ठिकठिकाणी शिवसैनिक मनोरे रचणार आहेत.
/root/f5-tts-marathi/datasets/syspin_marathi_female/extracted/IISc_SYSPIN_Data/IISc_SYSPINProject_Marathi_Female_Spk001_HC/wav/IISc_SYSPINProject_mr_f_AGRI_03122.wav|नागपूर वर्धा मार्गावर शेती असलेल्या पंढरी ढगे यांनी बैलगाडीत कापूस आणला.
/root/f5-tts-marathi/datasets/syspin_marathi_female/extracted/IISc_SYSPIN_Data/IISc_SYSPINProject_Marathi_Female_Spk001_HC/wav/IISc_SYSPINProject_mr_f_AGRI_03833.wav|रोगकारक कवक जमिनीत जिवंत राहत असल्यामुळे पिकाची फेरपालट करतात व रोगप्रतिबंधक जातीचे बी वापरतात.
/root/f5-tts-marathi/datasets/syspin_marathi_female/extracted/IISc_SYSPIN_Data/IISc_SYSPINProject_Marathi_Female_Spk001_HC/wav/IISc_SYSPINProject_mr_f_BOOK_00068.wav|सीमां-द-बोव्हा या फ्रेंच विदुषीने स्त्रीवादाची मूलभूत भूमिका सिद्ध केली. स्त्रीवादी इतिहासलेखनामध्ये स्त्रियांचा अंतर्भाव करण्याबरोबर इतिहासलेखनाच्या क्षेत्रातील पुरुषप्रधान दृष्टिकोनाचा पुनर्विचार करण्यावर भर दिला गेला.
/root/f5-tts-marathi/datasets/syspin_marathi_female/extracted/IISc_SYSPIN_Data/IISc_SYSPINProject_Marathi_Female_Spk001_HC/wav/IISc_SYSPINProject_mr_f_GENE_02043.wav|अंतिम सामन्यात ब्ल्यु स्टार क्लब संघाने वेरुळच्या ए के हंडबॉल क्लबचा पराभव करीत विजेतेपद पटाकावले.
/root/f5-tts-marathi/datasets/syspin_marathi_female/extracted/IISc_SYSPIN_Data/IISc_SYSPINProject_Marathi_Female_Spk001_HC/wav/IISc_SYSPINProject_mr_f_GENE_03373.wav|कारण चंद्रावर घर बांधल तरी अजून तरी पृथ्वी ते चंद्र अशी शटल सेवा सुरू झाली नाहीये, त्यामूळे ते बांधलेल घर बघायला जाणार कोण?
/root/f5-tts-marathi/datasets/syspin_marathi_female/extracted/IISc_SYSPIN_Data/IISc_SYSPINProject_Marathi_Female_Spk001_HC/wav/IISc_SYSPINProject_mr_f_OTHE_03841.wav|त्यामुळे मासवी आणि अलरझी यांसारख्या नामचीन हकिमांनी लिहिलेल्या पाककृतींच्या पुस्तकांना चांगलीच मागणी होती
/root/f5-tts-marathi/datasets/syspin_marathi_female/extracted/IISc_SYSPIN_Data/IISc_SYSPINProject_Marathi_Female_Spk001_HC/wav/IISc_SYSPINProject_mr_f_HEAL_03085.wav|मानवी मेंदू हा त्याच्या जीवनात घडून गेलेल्या प्रत्येक घटनेची स्मृतीच्या रूपाने नोंन ठेवत असतो
/root/f5-tts-marathi/datasets/syspin_marathi_female/extracted/IISc_SYSPIN_Data/IISc_SYSPINProject_Marathi_Female_Spk001_HC/wav/IISc_SYSPINProject_mr_f_AGRI_02985.wav|आंब्याच्या झाडांना दरवर्षी नियमित खते देणे अथवा औषधांची फवारणी करणे अशी काळजी क्वचितच घेतली जाते.
/root/f5-tts-marathi/datasets/syspin_marathi_female/extracted/IISc_SYSPIN_Data/IISc_SYSPINProject_Marathi_Female_Spk001_HC/wav/IISc_SYSPINProject_mr_f_BOOK_01391.wav|मेंडेलीव्हने आवर्तसारणी मांडली तेव्हा विज्ञानजगताला अणूच्या अंतरंगाविषयी माहिती नव्हती.
/root/f5-tts-marathi/datasets/syspin_marathi_female/extracted/IISc_SYSPIN_Data/IISc_SYSPINProject_Marathi_Female_Spk001_HC/wav/IISc_SYSPINProject_mr_f_WEAT_01596.wav|गुरुवारी सकाळी कास रस्त्याला धावण्यासाठी गेलेल्या धावपट्टूंना पट्टेरी वाघांच्या जोडीचे दर्शन झाले.
/root/f5-tts-marathi/datasets/syspin_marathi_female/extracted/IISc_SYSPIN_Data/IISc_SYSPINProject_Marathi_Female_Spk001_HC/wav/IISc_SYSPINProject_mr_f_WEAT_04032.wav|बंगल्याची किंवा घराची रेकी केल्यानंतर सेंट्रींग कामासाठी लागणाऱ्या कटावणीच्या माध्यमातून ते घराचे कुलूप उचकटून हात साफ करीत होते.
/root/f5-tts-marathi/datasets/syspin_marathi_female/extracted/IISc_SYSPIN_Data/IISc_SYSPINProject_Marathi_Female_Spk001_HC/wav/IISc_SYSPINProject_mr_f_EDUC_01415.wav|देशात ठराविक पशुपक्ष्यांच्या प्रजातीलाच दिलं जाणारं महत्त्व या पक्ष्यांच्या जीवावर उठलं आहे.
/root/f5-tts-marathi/datasets/syspin_marathi_female/extracted/IISc_SYSPIN_Data/IISc_SYSPINProject_Marathi_Female_Spk001_HC/wav/IISc_SYSPINProject_mr_f_BOOK_05011.wav|त्यामुळे बाहेरील परिपथात एकाच दिशेने विद्युतधारा वाहते. या जनित्राला म्हणूनच दिष्ट जनित्र असे म्हणतात.
/root/f5-tts-marathi/datasets/syspin_marathi_female/extracted/IISc_SYSPIN_Data/IISc_SYSPINProject_Marathi_Female_Spk001_HC/wav/IISc_SYSPINProject_mr_f_BOOK_02752.wav|त्याच्या पुढचा टप्पा ' स्पिनिंग जेनी ' या यंत्राने गाठला.
/root/f5-tts-marathi/datasets/syspin_marathi_female/extracted/IISc_SYSPIN_Data/IISc_SYSPINProject_Marathi_Female_Spk001_HC/wav/IISc_SYSPINProject_mr_f_EDUC_02130.wav|मरीन ड्राईव्हवर मॉर्निंग वॉक करणाऱ्या एका न्यायाधीशांनी हा प्रकार पाहिला आणि त्यांनी विलास गंगावणे यांना याबद्दल जाब विचारला.
/root/f5-tts-marathi/datasets/syspin_marathi_female/extracted/IISc_SYSPIN_Data/IISc_SYSPINProject_Marathi_Female_Spk001_HC/wav/IISc_SYSPINProject_mr_f_FINA_01555.wav|अल्प मुदतीच्या गिल्ट फंडांमध्ये 7सात वर्षांपर्यंत तर दीर्घ मुदतीच्या गिल्ट फंडात 10दहा वर्ष गुंतवणूक करता येते.
/root/f5-tts-marathi/datasets/syspin_marathi_female/extracted/IISc_SYSPIN_Data/IISc_SYSPINProject_Marathi_Female_Spk001_HC/wav/IISc_SYSPINProject_mr_f_BOOK_02260.wav|या पिकांशिवाय केळी, अननस, संत्री व इतर लिंबूवर्गीय फळांचे उत्पादनसुद्धा घेतले जाते.
/root/f5-tts-marathi/datasets/syspin_marathi_female/extracted/IISc_SYSPIN_Data/IISc_SYSPINProject_Marathi_Female_Spk001_HC/wav/IISc_SYSPINProject_mr_f_BOOK_02777.wav|लिव्हरपूल ते मंचेस्टर हे अंतर या रेल्वे इंजिनने पार पाडले.
/root/f5-tts-marathi/datasets/syspin_marathi_female/extracted/IISc_SYSPIN_Data/IISc_SYSPINProject_Marathi_Female_Spk001_HC/wav/IISc_SYSPINProject_mr_f_WEAT_02649.wav|गर्मी वाढणे, अनियमित पाऊस, हिमदुर्गाचे वितळणे, ओझोनच्या स्तराला पडणारी भोके, पूर, वादळ हे सर्व काही ग्लोबल वॉर्मिंगचे परिणाम आहेत.
/root/f5-tts-marathi/datasets/syspin_marathi_female/extracted/IISc_SYSPIN_Data/IISc_SYSPINProject_Marathi_Female_Spk001_HC/wav/IISc_SYSPINProject_mr_f_OTHE_02353.wav|तृणमूल कांग्रेसच्या खासदारांनी शून्य प्रहरात हा मुद्दा उपस्थित करत वर्ष्णेय यांच्यावर कारवाई करण्याची मागणी केली.
/root/f5-tts-marathi/datasets/syspin_marathi_female/extracted/IISc_SYSPIN_Data/IISc_SYSPINProject_Marathi_Female_Spk001_HC/wav/IISc_SYSPINProject_mr_f_HEAL_01904.wav|पण निदान झालेल्या रूग्णांच्या औषधासाठी तरी पुढाकार घेतल्यास रूग्णसेवा सुसह्य होतील
/root/f5-tts-marathi/datasets/syspin_marathi_female/extracted/IISc_SYSPIN_Data/IISc_SYSPINProject_Marathi_Female_Spk001_HC/wav/IISc_SYSPINProject_mr_f_FINA_01920.wav|सहज उपलब्ध होणारे व्यक्तिगत कर्ज आणि क्रेडिट कार्ड यांमुळे अनावश्यक गोष्टी या आपल्या गरजा कधी बनतात ते समजत नाही.
/root/f5-tts-marathi/datasets/syspin_marathi_female/extracted/IISc_SYSPIN_Data/IISc_SYSPINProject_Marathi_Female_Spk001_HC/wav/IISc_SYSPINProject_mr_f_GENE_02698.wav|भारतीय जनतेचा हा राष्ट्रीय धर्म महात्मा गांधींनी प्रथम ओळखला आणि त्या ताकदीवर ब्रिटिश राजसत्तेला शह दिला.
/root/f5-tts-marathi/datasets/syspin_marathi_female/extracted/IISc_SYSPIN_Data/IISc_SYSPINProject_Marathi_Female_Spk001_HC/wav/IISc_SYSPINProject_mr_f_AGRI_02316.wav|साखरेला मिळणारा भाव, ऊसाची होणारी पळवापळवी या बाबींचा विचार करता साखर कारखान्यांनी एकरकमी एफआरपी ऊस उत्पादक शेतकर्यांच्या नावे जमा करावी.
/root/f5-tts-marathi/datasets/syspin_marathi_female/extracted/IISc_SYSPIN_Data/IISc_SYSPINProject_Marathi_Female_Spk001_HC/wav/IISc_SYSPINProject_mr_f_WEAT_03811.wav|त्यामुळे अनुराग कश्यप, तिग्मांशू धुलिया आणि सुभाष कपूरपैकी तो कोणत्या दिग्दर्शकाला निवडतो हे पाहणे मजेदार ठरेल.
/root/f5-tts-marathi/datasets/syspin_marathi_female/extracted/IISc_SYSPIN_Data/IISc_SYSPINProject_Marathi_Female_Spk001_HC/wav/IISc_SYSPINProject_mr_f_FINA_02848.wav|जर आंध्र प्रदेशने वीजखरेदी दरावर पुनर्विचार करण्याचा निर्णय घेतला तर 52बावन्न गिगावेट क्षमतेचे ऊर्जानिर्मिती प्रकल्प धोक्यात येतील.
/root/f5-tts-marathi/datasets/syspin_marathi_female/extracted/IISc_SYSPIN_Data/IISc_SYSPINProject_Marathi_Female_Spk001_HC/wav/IISc_SYSPINProject_mr_f_HEAL_01184.wav|एक मनोरंजक गोष्ट अशी आहे की तो चर्बीतला कोश आहे ज्यामुळे रक्त पेशी निर्माण होतात
/root/f5-tts-marathi/datasets/syspin_marathi_female/extracted/IISc_SYSPIN_Data/IISc_SYSPINProject_Marathi_Female_Spk001_HC/wav/IISc_SYSPINProject_mr_f_POLI_02707.wav|काहींना तिथलं मांगल्यं भावतं तर काहींना शांती, कोणी तिथे इतिहास शोधतो तर कोणाला वास्तु रचना भावते.
/root/f5-tts-marathi/datasets/syspin_marathi_female/extracted/IISc_SYSPIN_Data/IISc_SYSPINProject_Marathi_Female_Spk001_HC/wav/IISc_SYSPINProject_mr_f_BOOK_04750.wav|दरम्यानच्या कालावधीमध्ये अंडाशयात वाढणाऱ्या पुटिकेची पूर्ण वाढ होते.
/root/f5-tts-marathi/datasets/syspin_marathi_female/extracted/IISc_SYSPIN_Data/IISc_SYSPINProject_Marathi_Female_Spk001_HC/wav/IISc_SYSPINProject_mr_f_BOOK_02613.wav|सतराव्या शतकात भारत आर्थिकदृष्ट्या आणि सैन्यदलाच्या दृष्टिने युरोपीय देशांच्या तुल्यबळ होता.
/root/f5-tts-marathi/datasets/syspin_marathi_female/extracted/IISc_SYSPIN_Data/IISc_SYSPINProject_Marathi_Female_Spk001_HC/wav/IISc_SYSPINProject_mr_f_BOOK_05852.wav|परंतु यातून काही व्यक्तींना संबंधित आजाराची लागणही होण्याची शक्यता असे. यावर दुसरा मार्ग म्हणून शास्त्रज्ञांनी जैवतंत्रज्ञानाचा वापर करून कृत्रिमरीत्या लस तयार करण्याचा प्रयत्न केला.
/root/f5-tts-marathi/datasets/syspin_marathi_female/extracted/IISc_SYSPIN_Data/IISc_SYSPINProject_Marathi_Female_Spk001_HC/wav/IISc_SYSPINProject_mr_f_POLI_03382.wav|या घटनेचा तपास केला असता आरोपी मोहम्मद आरशल हा एका बाटलीतून एसी गेसचे लिक्वीड घेऊन जात असल्याची माहिती समोर आली आहे.
/root/f5-tts-marathi/datasets/syspin_marathi_female/extracted/IISc_SYSPIN_Data/IISc_SYSPINProject_Marathi_Female_Spk001_HC/wav/IISc_SYSPINProject_mr_f_BOOK_01973.wav|ती विस्ताराने मोठी असून त्यांच्या अंतर्गत भागात उंच डोंगर आहे.
/root/f5-tts-marathi/datasets/syspin_marathi_female/extracted/IISc_SYSPIN_Data/IISc_SYSPINProject_Marathi_Female_Spk001_HC/wav/IISc_SYSPINProject_mr_f_HEAL_04503.wav|गुदाशय किंवा मोठ्या आतड्याच्या ज्या भागात या चेतागंडिकांचा अभाव आहे, तो संपूर्ण भाग काढून टाकून त्याआधीचा निरोगी भाग खाली ओढून घेऊन गुदद्वाराला जोडावा लागतो.
/root/f5-tts-marathi/datasets/syspin_marathi_female/extracted/IISc_SYSPIN_Data/IISc_SYSPINProject_Marathi_Female_Spk001_HC/wav/IISc_SYSPINProject_mr_f_FINA_02559.wav|येथील जिल्हा पंचायत सभागृहात बेळगाव महसूल विभागातील जिल्ह्यांची विकास आढावा बैठक घेण्यात आली.
/root/f5-tts-marathi/datasets/syspin_marathi_female/extracted/IISc_SYSPIN_Data/IISc_SYSPINProject_Marathi_Female_Spk001_HC/wav/IISc_SYSPINProject_mr_f_WEAT_02414.wav|सकाळी दहाच्या ठोक्याला मटाच्या कार्यालयात शिरताना त्यांनी छातीजवळ रोज नवे पुस्तक अदबीने धरलेले नाही, असे क्वचितच घडे.
/root/f5-tts-marathi/datasets/syspin_marathi_female/extracted/IISc_SYSPIN_Data/IISc_SYSPINProject_Marathi_Female_Spk001_HC/wav/IISc_SYSPINProject_mr_f_FINA_00493.wav|बंकेने कर्जाची रक्कम वसूल करण्याच्या घाईत माझा व्यवसाय बंद केला आहे आणि आता कर्ज वसूल करण्याचे सर्व मार्ग बंद केले आहेत.
/root/f5-tts-marathi/datasets/syspin_marathi_female/extracted/IISc_SYSPIN_Data/IISc_SYSPINProject_Marathi_Female_Spk001_HC/wav/IISc_SYSPINProject_mr_f_HEAL_00794.wav|आशिया खंडातील एका पौर्वात्य विद्यार्थिनीने इतक्या लहान वयात, परदेशात एकटीने राहून डॉक्टर ओफ मेडिसिन ही पदवी संपादन केली.
/root/f5-tts-marathi/datasets/syspin_marathi_female/extracted/IISc_SYSPIN_Data/IISc_SYSPINProject_Marathi_Female_Spk001_HC/wav/IISc_SYSPINProject_mr_f_EDUC_00123.wav|त्यानुसार, अनिता दाते, अभिजीत खांडकेकर, पुष्कर श्रोत्री, स्नेहलता वसईकर, समीर खांडेकर या कलाकारांनी त्यांच्या लग्नातील सुरेख फोटो सोशल मिडियावर शेअर केले आहेत.
/root/f5-tts-marathi/datasets/syspin_marathi_female/extracted/IISc_SYSPIN_Data/IISc_SYSPINProject_Marathi_Female_Spk001_HC/wav/IISc_SYSPINProject_mr_f_WEAT_02385.wav|पुत्तिंगल देवीच्या मंदिरात उत्सव सुरु असल्यामुळे भाविकांनी इथं मोठी गर्दी केली होती.
/root/f5-tts-marathi/datasets/syspin_marathi_female/extracted/IISc_SYSPIN_Data/IISc_SYSPINProject_Marathi_Female_Spk001_HC/wav/IISc_SYSPINProject_mr_f_OTHE_02922.wav|या कार्यक्रमास मुख्य सचिव स्वाधीन क्षत्रिय व माहिती विभागाच्या सचिव मनीषा पाटणकर उपस्थित होत्या
/root/f5-tts-marathi/datasets/syspin_marathi_female/extracted/IISc_SYSPIN_Data/IISc_SYSPINProject_Marathi_Female_Spk001_HC/wav/IISc_SYSPINProject_mr_f_WEAT_04145.wav|तसेच दारू, गांजा, सिगरेट आणि ड्रग्जसचा नशा केल्याने बॉडीमध्ये कॉर्टिसोल नामक हार्मोन तयार होते.
/root/f5-tts-marathi/datasets/syspin_marathi_female/extracted/IISc_SYSPIN_Data/IISc_SYSPINProject_Marathi_Female_Spk001_HC/wav/IISc_SYSPINProject_mr_f_BOOK_04112.wav|पुढे लांब पल्ल्याची क्षेपणास्त्रे दोन्ही देशांनी विकसित केली. त्यानंतर अण्वस्त्रांची संख्या व तीव्रता कमी करण्यासाठी त्यांच्यामध्ये करारही झाले.
/root/f5-tts-marathi/datasets/syspin_marathi_female/extracted/IISc_SYSPIN_Data/IISc_SYSPINProject_Marathi_Female_Spk001_HC/wav/IISc_SYSPINProject_mr_f_BOOK_00774.wav|भातुकली हा खेळही लहान मुलींचा समजला गेला असला तरी त्यात घरातील सर्वजण सामील होऊ शकत.
/root/f5-tts-marathi/datasets/syspin_marathi_female/extracted/IISc_SYSPIN_Data/IISc_SYSPINProject_Marathi_Female_Spk001_HC/wav/IISc_SYSPINProject_mr_f_WEAT_04417.wav|आत्तापर्यंत तुम्ही फारच कमी वेळा वृध्द दांपत्यांची लग्न झालेली पाहिली असतील.
/root/f5-tts-marathi/datasets/syspin_marathi_female/extracted/IISc_SYSPIN_Data/IISc_SYSPINProject_Marathi_Female_Spk001_HC/wav/IISc_SYSPINProject_mr_f_WEAT_01589.wav|"मग सर्व कथा ऐकून झाल्यावर राज कपूर शैलेंद्रकडे बघत म्हणाले, ""क्यूं कवीराज, कुछ समझ में आया""?"
/root/f5-tts-marathi/datasets/syspin_marathi_female/extracted/IISc_SYSPIN_Data/IISc_SYSPINProject_Marathi_Female_Spk001_HC/wav/IISc_SYSPINProject_mr_f_POLI_00090.wav|राष्ट्रवादीचे आमदार भास्कर जाधव शिवसेनेत दाखल, तर एन्काऊंटर स्पेशालिस्ट प्रदीप शर्मांच्या खांद्यावरही भगवा, नालासोपाऱ्यातून उमेदवारी मिळण्याची शक्यता.
/root/f5-tts-marathi/datasets/syspin_marathi_female/extracted/IISc_SYSPIN_Data/IISc_SYSPINProject_Marathi_Female_Spk001_HC/wav/IISc_SYSPINProject_mr_f_WEAT_00353.wav|विविध रंगांच्या कॉन्टेक्ट लेन्स वापरून बुब्बुळे तपासणाऱ्या स्केनिंग यंत्रणेला गुंगारा दिला जाऊ शकतो.
/root/f5-tts-marathi/datasets/syspin_marathi_female/extracted/IISc_SYSPIN_Data/IISc_SYSPINProject_Marathi_Female_Spk001_HC/wav/IISc_SYSPINProject_mr_f_POLI_02794.wav|महाराष्ट्रात सरकार स्थापन करण्यासाठी कॉमन मिनिमम अजेंडावर शिवसेना, कॉंग्रेस आणि राष्ट्रवादी कॉंग्रेस बोलत आहेत
/root/f5-tts-marathi/datasets/syspin_marathi_female/extracted/IISc_SYSPIN_Data/IISc_SYSPINProject_Marathi_Female_Spk001_HC/wav/IISc_SYSPINProject_mr_f_WEAT_04316.wav|कोल्हापूर जिल्ह्यातील ढाकळे आणि गोलीवणे ह्या दोन गावांत हा स्त्युत्य उपक्रम राबवला जात आहे.
/root/f5-tts-marathi/datasets/syspin_marathi_female/extracted/IISc_SYSPIN_Data/IISc_SYSPINProject_Marathi_Female_Spk001_HC/wav/IISc_SYSPINProject_mr_f_BOOK_00384.wav|प्रवेशद्वारे, आतील खांब आणि मूर्ती हे शिल्पकलेचे उत्तम नमुने असतात.
/root/f5-tts-marathi/datasets/syspin_marathi_female/extracted/IISc_SYSPIN_Data/IISc_SYSPINProject_Marathi_Female_Spk001_HC/wav/IISc_SYSPINProject_mr_f_OTHE_02734.wav|देवगड, पडेल केन्टिन, शिरगाव, तळेबाजार, वैभववाडी, वेंगुर्ले, परूळे, मालवण, चौके, दोडामार्ग, भडशी, कुडाळ तालुक्यात कडावल व पिंगुळी येथे बैठका घेऊन मेळाव्यास येण्याचे आवाहन केले
/root/f5-tts-marathi/datasets/syspin_marathi_female/extracted/IISc_SYSPIN_Data/IISc_SYSPINProject_Marathi_Female_Spk001_HC/wav/IISc_SYSPINProject_mr_f_EVAL_00160.wav|दोन्ही वेळांना जमणं कठीण वाटतंय.
/root/f5-tts-marathi/datasets/syspin_marathi_female/extracted/IISc_SYSPIN_Data/IISc_SYSPINProject_Marathi_Female_Spk001_HC/wav/IISc_SYSPINProject_mr_f_BOOK_03679.wav|विद्यार्थी मोठ्या संख्येने असहकार चळवळीत सामील झाले.
/root/f5-tts-marathi/datasets/syspin_marathi_female/extracted/IISc_SYSPIN_Data/IISc_SYSPINProject_Marathi_Female_Spk001_HC/wav/IISc_SYSPINProject_mr_f_WEAT_00153.wav|बरं अल्सेशियन कुत्रा आहे म्हणून चट्ट्यापट्ट्याचा टी शर्ट आणि लोंबणारी बर्म्युडा घालून जायचं असतं एवढंच त्यांना माहीती असतं.
/root/f5-tts-marathi/datasets/syspin_marathi_female/extracted/IISc_SYSPIN_Data/IISc_SYSPINProject_Marathi_Female_Spk001_HC/wav/IISc_SYSPINProject_mr_f_HEAL_03111.wav|व्रण झालेला असताना पित्तवर्धक म्हणजे आंबट, तिखट, खारट रसाचे आधिक्य असणारे पदार्थ खाल्ल्यास वेदना वाढतात
/root/f5-tts-marathi/datasets/syspin_marathi_female/extracted/IISc_SYSPIN_Data/IISc_SYSPINProject_Marathi_Female_Spk001_HC/wav/IISc_SYSPINProject_mr_f_BOOK_01357.wav|मात्र सर्वज्ञात मूलद्रव्यांचे वर्गीकरण डोबेरायनरच्या त्रिकांमध्येहोऊ शकले नाही.
/root/f5-tts-marathi/datasets/syspin_marathi_female/extracted/IISc_SYSPIN_Data/IISc_SYSPINProject_Marathi_Female_Spk001_HC/wav/IISc_SYSPINProject_mr_f_FINA_02787.wav|इतके पैसे खर्च करूनही मिरजेच्या नशीबात खराब रस्ते का, असा सवाल नागरिकांना पडतो आहे.
/root/f5-tts-marathi/datasets/syspin_marathi_female/extracted/IISc_SYSPIN_Data/IISc_SYSPINProject_Marathi_Female_Spk001_HC/wav/IISc_SYSPINProject_mr_f_EDUC_02144.wav|इंग्रजीचा इतका उदोउदो झालाय की अन्य भाषेला अग्रिमस्थान दिलेले विचित्र वाटते असे दिसतेय, म्हणून तशी टिपणी केली.
/root/f5-tts-marathi/datasets/syspin_marathi_female/extracted/IISc_SYSPIN_Data/IISc_SYSPINProject_Marathi_Female_Spk001_HC/wav/IISc_SYSPINProject_mr_f_BOOK_03709.wav|आंदोलन सुरू होण्यापूर्वीच ते चिरडून टाकण्याचा सरकारन प्रयत े ्न केला.
/root/f5-tts-marathi/datasets/syspin_marathi_female/extracted/IISc_SYSPIN_Data/IISc_SYSPINProject_Marathi_Female_Spk001_HC/wav/IISc_SYSPINProject_mr_f_WEAT_02452.wav|तत्पूर्वी राष्ट्रपतींनी ओडीशाच्या खुर्दा जिल्ह्यातील बारुई टेकडीला भेट दिली आणि पायका विद्रोह यांच्या स्मारकाची पायाभरणी केली.
/root/f5-tts-marathi/datasets/syspin_marathi_female/extracted/IISc_SYSPIN_Data/IISc_SYSPINProject_Marathi_Female_Spk001_HC/wav/IISc_SYSPINProject_mr_f_BOOK_01687.wav|सत्ता नाही मिळाली तरी कार्यक्रमांच्या आधारे लोकांचा पाठिंबा मिळवण्याचा प्रयत्न राजकीय पक्ष करतात.
/root/f5-tts-marathi/datasets/syspin_marathi_female/extracted/IISc_SYSPIN_Data/IISc_SYSPINProject_Marathi_Female_Spk001_HC/wav/IISc_SYSPINProject_mr_f_BOOK_02711.wav|या दुर्बिणीमुळे खगोल संशोधनाला गती मिळाली.
/root/f5-tts-marathi/datasets/syspin_marathi_female/extracted/IISc_SYSPIN_Data/IISc_SYSPINProject_Marathi_Female_Spk001_HC/wav/IISc_SYSPINProject_mr_f_POLI_01026.wav|"तरुण प्रतिभाची फ्रेंच स्पर्धा जिंकल्यावर ओड्रे टेटौ यांना ""ब्यूटी सलून"" या चित्रपटात एक भूमिका मिळाली."
/root/f5-tts-marathi/datasets/syspin_marathi_female/extracted/IISc_SYSPIN_Data/IISc_SYSPINProject_Marathi_Female_Spk001_HC/wav/IISc_SYSPINProject_mr_f_EVAL_00016.wav|माहित आहे. आत्ताच त्यांच्याशी फोनवर बोलणं झालं.
/root/f5-tts-marathi/datasets/syspin_marathi_female/extracted/IISc_SYSPIN_Data/IISc_SYSPINProject_Marathi_Female_Spk001_HC/wav/IISc_SYSPINProject_mr_f_BOOK_01426.wav|आधुनिक आवर्तसारणीतील एका आवर्तामध्ये डावीकडून उजवीकडे जाताना बाह्यतम कवचात इलेक्ट्रॉन भरले जातात.
/root/f5-tts-marathi/datasets/syspin_marathi_female/extracted/IISc_SYSPIN_Data/IISc_SYSPINProject_Marathi_Female_Spk001_HC/wav/IISc_SYSPINProject_mr_f_HEAL_00179.wav|तसेही भरपूर लोक आहेत ज्यांना अस्सल होमिओपेथी साईड इफ्फेक्ट न होणारी अेलोपेथीची औषधे चालतात
/root/f5-tts-marathi/datasets/syspin_marathi_female/extracted/IISc_SYSPIN_Data/IISc_SYSPINProject_Marathi_Female_Spk001_HC/wav/IISc_SYSPINProject_mr_f_AGRI_01662.wav|मावळ तालुक्यातही पावसाची संततधार कायम असून सातेगाव ते कामशेत या भागात रस्त्यावर मोठ्या प्रमाणात पाणी साचले आहे.
/root/f5-tts-marathi/datasets/syspin_marathi_female/extracted/IISc_SYSPIN_Data/IISc_SYSPINProject_Marathi_Female_Spk001_HC/wav/IISc_SYSPINProject_mr_f_BOOK_02322.wav|भारतीय कंपन्यांनी ब्राझीलमधील माहिती व तंत्रज्ञान, औषधोत्पादन, ऊर्जा, शेती व्यवसाय, खाणकाम, अभियांत्रिकी आणि वाहन क्षेत्रात गुंतवणूक केली आहे.
/root/f5-tts-marathi/datasets/syspin_marathi_female/extracted/IISc_SYSPIN_Data/IISc_SYSPINProject_Marathi_Female_Spk001_HC/wav/IISc_SYSPINProject_mr_f_EDUC_02077.wav|पार्थिव पटेल व सिमॉन्स सलामीला फ्लाईंग स्टार्ट देण्याच्या निर्धाराने मैदानात उतरतील. तर बहरात नसलेल्या नितीश राणाऐवजी अम्बाती रायुडूला खेळवले जाईल, असे संकेत आहेत.
/root/f5-tts-marathi/datasets/syspin_marathi_female/extracted/IISc_SYSPIN_Data/IISc_SYSPINProject_Marathi_Female_Spk001_HC/wav/IISc_SYSPINProject_mr_f_GENE_01079.wav|रेकॉर्डींगच्या दिवशी दोन ते तीन ही वेळ जेवणासाठी राखीव ठेवायची आणि आधीपासून जेवणाची व्यवस्था करायची.
/root/f5-tts-marathi/datasets/syspin_marathi_female/extracted/IISc_SYSPIN_Data/IISc_SYSPINProject_Marathi_Female_Spk001_HC/wav/IISc_SYSPINProject_mr_f_BOOK_04197.wav|संयुक्त राष्ट्रांशी निगडीत अशा विविध जागतिक संस्थांनी आपले कार्यक्षेत्र आफिक्रेत वाढवून आपल्या कार्याचा फायदा आफ्रिकेस द्यावा असा आग्रह भारताने धरला.
/root/f5-tts-marathi/datasets/syspin_marathi_female/extracted/IISc_SYSPIN_Data/IISc_SYSPINProject_Marathi_Female_Spk001_HC/wav/IISc_SYSPINProject_mr_f_WEAT_01254.wav|उड्डाणपूल, बाह्यवळण रस्ता, महामार्गांची दुरूस्ती अशी कामेही वर्षभराच्या काळात मार्गी लागतील.
/root/f5-tts-marathi/datasets/syspin_marathi_female/extracted/IISc_SYSPIN_Data/IISc_SYSPINProject_Marathi_Female_Spk001_HC/wav/IISc_SYSPINProject_mr_f_OTHE_00691.wav|रिझवान सिद्दिकी या वकिलाने नवाजुद्दीन सिद्दिकी यांच्या पत्नीचे कॉल रेकॉर्ड्स मागवले होते.
/root/f5-tts-marathi/datasets/syspin_marathi_female/extracted/IISc_SYSPIN_Data/IISc_SYSPINProject_Marathi_Female_Spk001_HC/wav/IISc_SYSPINProject_mr_f_EDUC_02466.wav|यावेळी कल्याणराव मुचलंबी, इरनगौडा पाटील, शंकर दुगी, सुनिता सनदी, आण्णाप्पा हळ्ळूर, नजीर तांबोळी आदी उपस्थित होते.
/root/f5-tts-marathi/datasets/syspin_marathi_female/extracted/IISc_SYSPIN_Data/IISc_SYSPINProject_Marathi_Female_Spk001_HC/wav/IISc_SYSPINProject_mr_f_BOOK_00098.wav|त्याच्या मते इतिहासकाराचे कर्तव्य फक्त राज्यकर्त्यांच्या पराक्रमाचे आणि कल्याणकारी धोरणांचे वर्णन करून संपत नाही तर त्यांच्या दोषांचे आणि चुकीच्या धोरणांचे चिकित्सक विवेचनही त्याने करायला हवे.
/root/f5-tts-marathi/datasets/syspin_marathi_female/extracted/IISc_SYSPIN_Data/IISc_SYSPINProject_Marathi_Female_Spk001_HC/wav/IISc_SYSPINProject_mr_f_POLI_00870.wav|त्या सर्व पुराच्या पाण्यात बुडाल्याने खराब झाल्याची माहिती इतिहास अभ्यासक राणिंगा यांनी दिली.
/root/f5-tts-marathi/datasets/syspin_marathi_female/extracted/IISc_SYSPIN_Data/IISc_SYSPINProject_Marathi_Female_Spk001_HC/wav/IISc_SYSPINProject_mr_f_GENE_01973.wav|कुस्तीपटू आणि इतर लढाऊ अथलीट 'स्क्रोम केप' नावाने ओळखली जाणारी टोपी घालून कुस्ती करतात.
/root/f5-tts-marathi/datasets/syspin_marathi_female/extracted/IISc_SYSPIN_Data/IISc_SYSPINProject_Marathi_Female_Spk001_HC/wav/IISc_SYSPINProject_mr_f_EDUC_02645.wav|याबाबत मनसेनं आक्रमक पवित्रा घेतला असून मराठी येत नसेल, तर महापौरांनी राजीनामा द्यावा, अशी भूमिका घेतली.
/root/f5-tts-marathi/datasets/syspin_marathi_female/extracted/IISc_SYSPIN_Data/IISc_SYSPINProject_Marathi_Female_Spk001_HC/wav/IISc_SYSPINProject_mr_f_HEAL_04184.wav|या विषारी औषधांचाही उपयोग आतड्याच्या दाहक आजारांसाठी झाला नाही, तर थोड्या काळासाठी इन्फ्लिक्सीमेब नावाचे प्रतिपिंड वापरले जाते.
/root/f5-tts-marathi/datasets/syspin_marathi_female/extracted/IISc_SYSPIN_Data/IISc_SYSPINProject_Marathi_Female_Spk001_HC/wav/IISc_SYSPINProject_mr_f_GENE_00817.wav|"""गोल्ड फिटनेस"" हे एक आधुनिक केंद्र आहे जिथे आपण मित्रांसोबत उत्तम वेळ आणि आपल्या आकृती व आरोग्यामध्ये सुधारणा करू शकता."
/root/f5-tts-marathi/datasets/syspin_marathi_female/extracted/IISc_SYSPIN_Data/IISc_SYSPINProject_Marathi_Female_Spk001_HC/wav/IISc_SYSPINProject_mr_f_FINA_00530.wav|30तीस जून रोजी संपलेल्या तिमाहीत इन्फोसिसने 3802तीन हजार आठशे दोन कोटी रुपयांचा निव्वळ नफा कमावला.
/root/f5-tts-marathi/datasets/syspin_marathi_female/extracted/IISc_SYSPIN_Data/IISc_SYSPINProject_Marathi_Female_Spk001_HC/wav/IISc_SYSPINProject_mr_f_POLI_03038.wav|खुल्या विभागातील पुरुष एकेरीमध्ये उपांत्य फेरीत लुवांगला थायलंडचा अव्वल खेळाडू पी थोंगनुआम याच्याकडून पराभूत व्हावे लागले.
/root/f5-tts-marathi/datasets/syspin_marathi_female/extracted/IISc_SYSPIN_Data/IISc_SYSPINProject_Marathi_Female_Spk001_HC/wav/IISc_SYSPINProject_mr_f_BOOK_02560.wav|चक्रीवादळाचे केंद्र स्थान उच्च दाबाचे किंवा कमी दाबाचे असूशकते व त्याभोवती आसपासची हवा फिरते.
/root/f5-tts-marathi/datasets/syspin_marathi_female/extracted/IISc_SYSPIN_Data/IISc_SYSPINProject_Marathi_Female_Spk001_HC/wav/IISc_SYSPINProject_mr_f_BOOK_04856.wav|या अभिक्रियेत मेग्नेशिअम वओक्सिजन यांचा संयोग होऊन मेग्नेशिअम ओक्साईड हे एकमेव उत्पादित तयार होते.
/root/f5-tts-marathi/datasets/syspin_marathi_female/extracted/IISc_SYSPIN_Data/IISc_SYSPINProject_Marathi_Female_Spk001_HC/wav/IISc_SYSPINProject_mr_f_BOOK_02669.wav|या काळाला ' प्रबोधनयुग 'असे म्हणतात.
/root/f5-tts-marathi/datasets/syspin_marathi_female/extracted/IISc_SYSPIN_Data/IISc_SYSPINProject_Marathi_Female_Spk001_HC/wav/IISc_SYSPINProject_mr_f_POLI_02315.wav|चायनीज फूडमध्ये टाकले जाणारे सोडियम ग्लुटामेट किंवा एमएसजी याला सामान्य भाषेत अजिनोमोटो म्हटले जाते हे आरोग्यासाठी खूप हानिकारक असते त्यामुळे जास्त खाऊ नका
/root/f5-tts-marathi/datasets/syspin_marathi_female/extracted/IISc_SYSPIN_Data/IISc_SYSPINProject_Marathi_Female_Spk001_HC/wav/IISc_SYSPINProject_mr_f_WEAT_01238.wav|या सिनेमाच्या भारतात झालेल्या शूटिंगसाठी पूर्णिमा यांनी कॉश्चुम्स डिझायनिंग केलं आहे.
/root/f5-tts-marathi/datasets/syspin_marathi_female/extracted/IISc_SYSPIN_Data/IISc_SYSPINProject_Marathi_Female_Spk001_HC/wav/IISc_SYSPINProject_mr_f_HEAL_03381.wav|अलॉइस अल्झायमर या मेंदू शास्त्रज्ञाने 1907एकोणीशे सात साली हा आजार शोधून काढला
/root/f5-tts-marathi/datasets/syspin_marathi_female/extracted/IISc_SYSPIN_Data/IISc_SYSPINProject_Marathi_Female_Spk001_HC/wav/IISc_SYSPINProject_mr_f_BOOK_01539.wav|पारंपरिक वर्चस्व आणि अधिकारशाहीला नाकारणाऱ्या या निर्णयाने भारतीय लोकशाहीचा आवाका वाढवला, त्यातील समावेशन अधिक अर्थपूर्ण केले.
/root/f5-tts-marathi/datasets/syspin_marathi_female/extracted/IISc_SYSPIN_Data/IISc_SYSPINProject_Marathi_Female_Spk001_HC/wav/IISc_SYSPINProject_mr_f_BOOK_01431.wav|त्यामुळे मूलद्रव्यांच्या अभ्यासात आधुनिक आवर्तसारणी अत्यंत उपयुक्त आहे.
/root/f5-tts-marathi/datasets/syspin_marathi_female/extracted/IISc_SYSPIN_Data/IISc_SYSPINProject_Marathi_Female_Spk001_HC/wav/IISc_SYSPINProject_mr_f_EDUC_00607.wav|तुम्ही चांगले विचार केले तर जीवनात चांगले घडते, आणि चुकीचे विचार केले, तर त्याप्रमाणेच जीवन घडत जाते.
/root/f5-tts-marathi/datasets/syspin_marathi_female/extracted/IISc_SYSPIN_Data/IISc_SYSPINProject_Marathi_Female_Spk001_HC/wav/IISc_SYSPINProject_mr_f_AGRI_00200.wav|केवळ पाणी वाचविणे हे उद्दिष्ट ठेवून सिंचन तंत्राचा वापर न करता, जास्तीत जास्त अन्नद्रव्ये पिकाच्या, झाडाच्या आत पोहोचविणे हा हेतू ठेवून सिंचन करा.
/root/f5-tts-marathi/datasets/syspin_marathi_female/extracted/IISc_SYSPIN_Data/IISc_SYSPINProject_Marathi_Female_Spk001_HC/wav/IISc_SYSPINProject_mr_f_GENE_02371.wav|यावेळी वाहतूक पोलीस आणि दुचाकीस्वार व त्याच्या भावाची शाब्दिक चकमक उडाली.
/root/f5-tts-marathi/datasets/syspin_marathi_female/extracted/IISc_SYSPIN_Data/IISc_SYSPINProject_Marathi_Female_Spk001_HC/wav/IISc_SYSPINProject_mr_f_BOOK_04879.wav|त्यामुळे, संहत सल्फ्यूरिक आम्लात पाणी ओतले असता पाण्याचे तात्काळ बाष्पीभवन होऊन अपघात संभवतो.
/root/f5-tts-marathi/datasets/syspin_marathi_female/extracted/IISc_SYSPIN_Data/IISc_SYSPINProject_Marathi_Female_Spk001_HC/wav/IISc_SYSPINProject_mr_f_BOOK_04601.wav|यापेशीविभाजनाच्या पद्धतीमध्ये एका द्विगुणित पेशीपासून चार एकगुणित पेशी तयार होतात.
/root/f5-tts-marathi/datasets/syspin_marathi_female/extracted/IISc_SYSPIN_Data/IISc_SYSPINProject_Marathi_Female_Spk001_HC/wav/IISc_SYSPINProject_mr_f_BOOK_05640.wav|एका धातूमध्ये ठराविक प्रमाणात इतर धातूकिंवा अधातूमिसळून तयार होणाऱ्या एकजिनसी मिश्रणास संमिश्र म्हणतात.
/root/f5-tts-marathi/datasets/syspin_marathi_female/extracted/IISc_SYSPIN_Data/IISc_SYSPINProject_Marathi_Female_Spk001_HC/wav/IISc_SYSPINProject_mr_f_OTHE_03881.wav|इकडे डीएसके मात्र रोज नव्या क्लृप्त्या लढवून कधी क्राउड फंडींगच्या नावाखाली तर कधी आपल्या मालमत्त्ता विकून करोडो रुपये मिळवण्यात मग्न आहेत
/root/f5-tts-marathi/datasets/syspin_marathi_female/extracted/IISc_SYSPIN_Data/IISc_SYSPINProject_Marathi_Female_Spk001_HC/wav/IISc_SYSPINProject_mr_f_BOOK_05426.wav|पुन्हा भिंग पुढे मागे सरकवुन दूरवरच्या वस्तूची सुस्पष्ट प्रतिमा पडद्यावर मिळवा. पट्टीच्या साहाय्याने पडदा व भिंग यामधील अंतर मोजा.
/root/f5-tts-marathi/datasets/syspin_marathi_female/extracted/IISc_SYSPIN_Data/IISc_SYSPINProject_Marathi_Female_Spk001_HC/wav/IISc_SYSPINProject_mr_f_HEAL_02435.wav|हृदय विकार हा बहुधा पुरुषांना होणारा विकार असा समज होता पण महिलासुद्धा तेवढेच तणावपूर्ण आयुष्य जगतात आणि त्यांच्याकडून आपल्या प्रकृतीकडे दुर्लक्ष होण्याची शक्यता असते
/root/f5-tts-marathi/datasets/syspin_marathi_female/extracted/IISc_SYSPIN_Data/IISc_SYSPINProject_Marathi_Female_Spk001_HC/wav/IISc_SYSPINProject_mr_f_POLI_00598.wav|दोन्ही सिनेमे हिंदी भाषिक आहेत या पलीकडे दोन्हींमध्ये काहीही साधर्म्य नाही.
/root/f5-tts-marathi/datasets/syspin_marathi_female/extracted/IISc_SYSPIN_Data/IISc_SYSPINProject_Marathi_Female_Spk001_HC/wav/IISc_SYSPINProject_mr_f_EDUC_00016.wav|तिरंदाजी, बेडमिंटन, बॉक्सिंग, हॉकी, गोल्फ, टेनिस, रेसलिंग या खेळांमध्ये भारतीय खेळाडू सहभागी होणार आहेत.
/root/f5-tts-marathi/datasets/syspin_marathi_female/extracted/IISc_SYSPIN_Data/IISc_SYSPINProject_Marathi_Female_Spk001_HC/wav/IISc_SYSPINProject_mr_f_OTHE_02053.wav|या ट्रेनला ठाणे, पनवेल, रोहा, खेड, चिपळुण, रत्नागिरी, कणकवली, कुडाळ, सावंतवाडी, थिविम, मडगाव, कारवार आणि कोल्लम स्थानकात थांबवणार आहे.
/root/f5-tts-marathi/datasets/syspin_marathi_female/extracted/IISc_SYSPIN_Data/IISc_SYSPINProject_Marathi_Female_Spk001_HC/wav/IISc_SYSPINProject_mr_f_BOOK_01870.wav|कारण जागतिकीकरणाचा परिणाम कामगार चळवळीवर झाला.
/root/f5-tts-marathi/datasets/syspin_marathi_female/extracted/IISc_SYSPIN_Data/IISc_SYSPINProject_Marathi_Female_Spk001_HC/wav/IISc_SYSPINProject_mr_f_AGRI_02878.wav|टोमेटो अर्धे कापून त्यातील गर काढून त्याचे बाउल तयार करावेत.
/root/f5-tts-marathi/datasets/syspin_marathi_female/extracted/IISc_SYSPIN_Data/IISc_SYSPINProject_Marathi_Female_Spk001_HC/wav/IISc_SYSPINProject_mr_f_FINA_02066.wav|भिवंडी महापालिका अधिकारी व कार्यालयीन कर्मचाऱ्यांचा मागील मे व जून या 2दोन महिन्यांचा पगार जुलै महिन्याची 7सात तारीख उलटूनही झालेला नाही.
/root/f5-tts-marathi/datasets/syspin_marathi_female/extracted/IISc_SYSPIN_Data/IISc_SYSPINProject_Marathi_Female_Spk001_HC/wav/IISc_SYSPINProject_mr_f_HEAL_04022.wav|या रूपरेखेला अनुसरून विविध आरोग्य संस्था आणि कर्करोग उपचार केंद्र यांद्वारे शैक्षणिक उपक्रम राबवले जातात.
/root/f5-tts-marathi/datasets/syspin_marathi_female/extracted/IISc_SYSPIN_Data/IISc_SYSPINProject_Marathi_Female_Spk001_HC/wav/IISc_SYSPINProject_mr_f_BOOK_02968.wav|न्यूझीलंडमधील वसाहतींनी लोकशाही पद्धतीचा अवलंब केला.
/root/f5-tts-marathi/datasets/syspin_marathi_female/extracted/IISc_SYSPIN_Data/IISc_SYSPINProject_Marathi_Female_Spk001_HC/wav/IISc_SYSPINProject_mr_f_EDUC_02188.wav|गड किल्ल्यांवर होणारे अश्लील चाळे आणि दारु पिऊन धिंगाणा घालण्याचे गैरप्रकार रोखण्यासाठी पोलीसही आता बजरंग दल आणि सह्याद्री प्रतिष्ठानला सहकार्य करणार आहे.
/root/f5-tts-marathi/datasets/syspin_marathi_female/extracted/IISc_SYSPIN_Data/IISc_SYSPINProject_Marathi_Female_Spk001_HC/wav/IISc_SYSPINProject_mr_f_HEAL_03427.wav|बॉलिवूडचा 'किंग खान' शाहरुख खानच्या डाव्या गुडघ्यावर गुरूवारी शस्त्रक्रिया पार पडली.
/root/f5-tts-marathi/datasets/syspin_marathi_female/extracted/IISc_SYSPIN_Data/IISc_SYSPINProject_Marathi_Female_Spk001_HC/wav/IISc_SYSPINProject_mr_f_HEAL_01150.wav|रक्ताचा कर्करोग वा तत्सम रोगांमध्ये होणारे बोन मेरो ट्रान्सप्लांट हे या तत्त्वावर आधारित असतात
/root/f5-tts-marathi/datasets/syspin_marathi_female/extracted/IISc_SYSPIN_Data/IISc_SYSPINProject_Marathi_Female_Spk001_HC/wav/IISc_SYSPINProject_mr_f_GENE_00100.wav|स्पेनचा गोल्फपटू सर्जीओ गार्सीयाने इंग्लंडच्या जस्टिन रोजचा पराभव करून अमेरिकन मास्टर्स गोल्फ स्पर्धेचे प्रथमच अजिंक्यपद पटकाविले.
/root/f5-tts-marathi/datasets/syspin_marathi_female/extracted/IISc_SYSPIN_Data/IISc_SYSPINProject_Marathi_Female_Spk001_HC/wav/IISc_SYSPINProject_mr_f_POLI_03160.wav|या वक्तव्यावर ते ठाम असून ते म्हणाले की, मला विरोध करणाऱ्यांना आसाम आणि हिंदुस्तान फाळणीच्या वेळचा इतिहास माहित नाही.
/root/f5-tts-marathi/datasets/syspin_marathi_female/extracted/IISc_SYSPIN_Data/IISc_SYSPINProject_Marathi_Female_Spk001_HC/wav/IISc_SYSPINProject_mr_f_BOOK_02953.wav|वसाहतींचा प्रमुख सेनापती जॉर्ज वॉशिंग्टनने इंग्रजांचा पराभव केला.
/root/f5-tts-marathi/datasets/syspin_marathi_female/extracted/IISc_SYSPIN_Data/IISc_SYSPINProject_Marathi_Female_Spk001_HC/wav/IISc_SYSPINProject_mr_f_WEAT_03084.wav|सिद्धेश्वरची यात्रा तोंडावर येऊन ठेपली असताना प्रशासन आणि मंदिर समितीतला वाद वाढत चालल्याने यात्रेच्या दिवशी नेमकं काय होणार याकडे भक्तांचं लक्षं लागलं आहे.
/root/f5-tts-marathi/datasets/syspin_marathi_female/extracted/IISc_SYSPIN_Data/IISc_SYSPINProject_Marathi_Female_Spk001_HC/wav/IISc_SYSPINProject_mr_f_BOOK_03674.wav|रवींद्रनाथ टागोरांनी हत्याकांडाचा तीव्र शब्दांत निषेध करून ब्रिटिश सरकारने त्यांना दिलेल्या 'सर' या पदवीचा त्याग केला.
/root/f5-tts-marathi/datasets/syspin_marathi_female/extracted/IISc_SYSPIN_Data/IISc_SYSPINProject_Marathi_Female_Spk001_HC/wav/IISc_SYSPINProject_mr_f_WEAT_02277.wav|नायतर मोटु-पतलु आहेच दिवसभर , टिव्हीवर नसेल तर नेटवर पाहतो.
/root/f5-tts-marathi/datasets/syspin_marathi_female/extracted/IISc_SYSPIN_Data/IISc_SYSPINProject_Marathi_Female_Spk001_HC/wav/IISc_SYSPINProject_mr_f_OTHE_01728.wav|मुंबईत ठिकठिकाणी बेनर लावून शिवसेनेच्या पेग्विंन आणण्याच्या निर्णयाचा निषेध करण्यात आला.
/root/f5-tts-marathi/datasets/syspin_marathi_female/extracted/IISc_SYSPIN_Data/IISc_SYSPINProject_Marathi_Female_Spk001_HC/wav/IISc_SYSPINProject_mr_f_EDUC_00985.wav|त्यागराज, मंजुनाथ सनदी, मोहन किशोर यांच्यासह वाल्मिकी समाजाचे नागरिक उपस्थित होते.
/root/f5-tts-marathi/datasets/syspin_marathi_female/extracted/IISc_SYSPIN_Data/IISc_SYSPINProject_Marathi_Female_Spk001_HC/wav/IISc_SYSPINProject_mr_f_BOOK_01891.wav|त्याला अनेक समस्यांना तोंड द्यावे लागते.
/root/f5-tts-marathi/datasets/syspin_marathi_female/extracted/IISc_SYSPIN_Data/IISc_SYSPINProject_Marathi_Female_Spk001_HC/wav/IISc_SYSPINProject_mr_f_FINA_01986.wav|अशा या अर्थविद्वान पंडिताने 24चोवीस जुलै 1991एकोणीसशे एक्याण्णव रोजी एक बजेट अर्थसंकल्प सादर केले होते, ज्यामुळे भारताची अर्थव्यवस्था कायमची पालटली.
/root/f5-tts-marathi/datasets/syspin_marathi_female/extracted/IISc_SYSPIN_Data/IISc_SYSPINProject_Marathi_Female_Spk001_HC/wav/IISc_SYSPINProject_mr_f_BOOK_04539.wav|उपासमार, उपोषण यांसारख्या अपवादात्मक परिस्थितीमध्ये शरीरात जर कर्बोदकांचा साठा कमी असेल तर उर्जा मिळवण्यासाठी शरीरातील स्निग्ध पदार्थ आणि प्रथिनांचा वापर केला जातो.
/root/f5-tts-marathi/datasets/syspin_marathi_female/extracted/IISc_SYSPIN_Data/IISc_SYSPINProject_Marathi_Female_Spk001_HC/wav/IISc_SYSPINProject_mr_f_HEAL_01167.wav|डिमेन्शिया हा काही विशिष्ट आजार नसून अशी काही लक्षणं आहेत ज्यामुळे गोष्टी लक्षात राहत नाहीत
/root/f5-tts-marathi/datasets/syspin_marathi_female/extracted/IISc_SYSPIN_Data/IISc_SYSPINProject_Marathi_Female_Spk001_HC/wav/IISc_SYSPINProject_mr_f_BOOK_01866.wav|स्वातंत्र्योत्तर काळात कामगार चळवळ अधिक प्रभावीपणे काम करू लागली.
/root/f5-tts-marathi/datasets/syspin_marathi_female/extracted/IISc_SYSPIN_Data/IISc_SYSPINProject_Marathi_Female_Spk001_HC/wav/IISc_SYSPINProject_mr_f_BOOK_03204.wav|फोंड्याच्या वेढ्यात मराठ्यांनी पोर्तुगिजांना पराभूत केले.
/root/f5-tts-marathi/datasets/syspin_marathi_female/extracted/IISc_SYSPIN_Data/IISc_SYSPINProject_Marathi_Female_Spk001_HC/wav/IISc_SYSPINProject_mr_f_BOOK_04981.wav|या तिन्हींच्या दिशा एका साध्या नियमात सुबद्ध करता येतात. त्या नियमालाच फ्लेमिंगचा डाव्या हाताचा नियम असे म्हणतात.
/root/f5-tts-marathi/datasets/syspin_marathi_female/extracted/IISc_SYSPIN_Data/IISc_SYSPINProject_Marathi_Female_Spk001_HC/wav/IISc_SYSPINProject_mr_f_AGRI_02723.wav|यंदा तालुक्यात कांदा लागवड क्षेत्रात तिप्पट वाढ झाली असून अजूनही लागवड सुरूच असल्याने क्षेत्र वाढण्याची शक्यता आहे.
/root/f5-tts-marathi/datasets/syspin_marathi_female/extracted/IISc_SYSPIN_Data/IISc_SYSPINProject_Marathi_Female_Spk001_HC/wav/IISc_SYSPINProject_mr_f_EDUC_02949.wav|नो एंट्रि, बेदरकार बुलेट, दुचाकी, चारचाकी, कागदपत्रे न बाळगणे अशाप्रकारे दररोज कारवाईचा अक्षरशः सपाटा लावण्यात आला होता.
/root/f5-tts-marathi/datasets/syspin_marathi_female/extracted/IISc_SYSPIN_Data/IISc_SYSPINProject_Marathi_Female_Spk001_HC/wav/IISc_SYSPINProject_mr_f_WEAT_03245.wav|पावसाने दडी मारल्यामुळे शेतकऱ्यांचे अवजार शिवारात जागेवरच पडून असल्याचे दिसून येत आहे.
/root/f5-tts-marathi/datasets/syspin_marathi_female/extracted/IISc_SYSPIN_Data/IISc_SYSPINProject_Marathi_Female_Spk001_HC/wav/IISc_SYSPINProject_mr_f_BOOK_00763.wav|खेळाला आपल्या जीवनात महत्त्वाचे स्थान आहे.
/root/f5-tts-marathi/datasets/syspin_marathi_female/extracted/IISc_SYSPIN_Data/IISc_SYSPINProject_Marathi_Female_Spk001_HC/wav/IISc_SYSPINProject_mr_f_WEAT_03805.wav|आश्चर्याची गोष्ट म्हणजे एवढे मोठे आणि प्रसिद्ध मंदिर असूनही कुठल्याही प्रकारची तपासणी होत नव्हती.
/root/f5-tts-marathi/datasets/syspin_marathi_female/extracted/IISc_SYSPIN_Data/IISc_SYSPINProject_Marathi_Female_Spk001_HC/wav/IISc_SYSPINProject_mr_f_GENE_03404.wav|भारताच्या किदांबी श्रीकांत, साईना नेहवाल व पी व्ही सिंधू यांनी जागतिक बेडमिंटन स्पर्धेत विजयी प्रारंभ केला.
/root/f5-tts-marathi/datasets/syspin_marathi_female/extracted/IISc_SYSPIN_Data/IISc_SYSPINProject_Marathi_Female_Spk001_HC/wav/IISc_SYSPINProject_mr_f_OTHE_01393.wav|पुन्हा एकदा माझ्यावर सलमान खान सरांनी विश्वास टाकला आहे आणि मला हे विशेष गिफ्ट दिले आहे.
/root/f5-tts-marathi/datasets/syspin_marathi_female/extracted/IISc_SYSPIN_Data/IISc_SYSPINProject_Marathi_Female_Spk001_HC/wav/IISc_SYSPINProject_mr_f_BOOK_04779.wav|गर्भाशयामध्ये एकाच वेळी दोन भ्रूणांची वाढ होऊन दोन अपत्ये जन्मास येतात. अशा अपत्यांना जुळी अपत्ये म्हणतात.
/root/f5-tts-marathi/datasets/syspin_marathi_female/extracted/IISc_SYSPIN_Data/IISc_SYSPINProject_Marathi_Female_Spk001_HC/wav/IISc_SYSPINProject_mr_f_BOOK_04024.wav|1937एकोणीशे सदोतीस नंतर आंग सेन यांच्या नेतृत्वाखाली बर्मी लोकांनी 'बर्मा इंडिपेन्डन्स आर्मी' ही संघटना उभारली.
/root/f5-tts-marathi/datasets/syspin_marathi_female/extracted/IISc_SYSPIN_Data/IISc_SYSPINProject_Marathi_Female_Spk001_HC/wav/IISc_SYSPINProject_mr_f_WEAT_02661.wav|अमर मेस्त्री, स्नेहल खांडेकर, आदर्श चव्हाण, अक्षय पाटील, सारा ठोंबरे, शांभवी दिक्षित, स्मिता नाळे, निराली गिलबिले उपस्थित होते.
/root/f5-tts-marathi/datasets/syspin_marathi_female/extracted/IISc_SYSPIN_Data/IISc_SYSPINProject_Marathi_Female_Spk001_HC/wav/IISc_SYSPINProject_mr_f_AGRI_03046.wav|त्यांनी इटाव्याच्या कापूस उत्पादक शेतकऱ्यांना शास्त्रोक्त पद्धतीने, जास्त पीक कसे घेता येईल, याचे धडे दिले.
/root/f5-tts-marathi/datasets/syspin_marathi_female/extracted/IISc_SYSPIN_Data/IISc_SYSPINProject_Marathi_Female_Spk001_HC/wav/IISc_SYSPINProject_mr_f_EDUC_01874.wav|या वेळी हिंदू जनजागृती समितीचे सर्वश्री अभिजीत पोलके, संकेत चिंचोळकर उपस्थित होते.
/root/f5-tts-marathi/datasets/syspin_marathi_female/extracted/IISc_SYSPIN_Data/IISc_SYSPINProject_Marathi_Female_Spk001_HC/wav/IISc_SYSPINProject_mr_f_BOOK_00123.wav|त्याच्या लेखनात वस्तुनिष्ठ दृष्टिकोनाचा अभाव आणि भारतीय संस्कृतीच्या विविध पैलूंसंबंधीचा पूर्वग्रहदूषित दृष्टिकोन स्पष्टपणे उमटलेला दिसतो.
/root/f5-tts-marathi/datasets/syspin_marathi_female/extracted/IISc_SYSPIN_Data/IISc_SYSPINProject_Marathi_Female_Spk001_HC/wav/IISc_SYSPINProject_mr_f_FINA_02442.wav|जिल्ह्यातील दुष्काळी स्थिती पाहता विमा संरक्षित रक्कम घटविणे आणि कमी केलेल्या विमा हप्ता दराचा लाभ शेतकर्यांना न देता शासनाने स्वत:च घेणे हे दुर्दैवी आहे.
/root/f5-tts-marathi/datasets/syspin_marathi_female/extracted/IISc_SYSPIN_Data/IISc_SYSPINProject_Marathi_Female_Spk001_HC/wav/IISc_SYSPINProject_mr_f_HEAL_01156.wav|या तत्वांमुळे शरीरामध्ये कर्करोगास कारणीभूत ठरणाऱ्या हानिकारक पेशी तयार होण्यास आळा बसतो
/root/f5-tts-marathi/datasets/syspin_marathi_female/extracted/IISc_SYSPIN_Data/IISc_SYSPINProject_Marathi_Female_Spk001_HC/wav/IISc_SYSPINProject_mr_f_FINA_03580.wav|अवघी 1एक लाख रुपये गुंतवणूक असलेल्या कंपनीने दहा वर्षात 3तीन हजार पटीने नफा कसा कमविला?
/root/f5-tts-marathi/datasets/syspin_marathi_female/extracted/IISc_SYSPIN_Data/IISc_SYSPINProject_Marathi_Female_Spk001_HC/wav/IISc_SYSPINProject_mr_f_OTHE_01378.wav|चौदाव्या वर्षी बालविधवा झालेली माझी विकेशा म्हातारी आत्या आयुष्यातला कुठलाही आनंद न भोगता कष्ट करीत मरून गेली.
/root/f5-tts-marathi/datasets/syspin_marathi_female/extracted/IISc_SYSPIN_Data/IISc_SYSPINProject_Marathi_Female_Spk001_HC/wav/IISc_SYSPINProject_mr_f_AGRI_02310.wav|सुयुध्दने खाली वाकून ओंजळीत पाणी घेऊन आपलं तोंड धुतलं आणि गटागटा पाणी प्यायला.
/root/f5-tts-marathi/datasets/syspin_marathi_female/extracted/IISc_SYSPIN_Data/IISc_SYSPINProject_Marathi_Female_Spk001_HC/wav/IISc_SYSPINProject_mr_f_HEAL_00699.wav|पण एकदा चार्ल्सच्या आईशी तिचे जोरदार भांडण होते, पैशांवरून चांगलाच तमाशा होतो नि अचानक रक्त ओकून ती मरते
/root/f5-tts-marathi/datasets/syspin_marathi_female/extracted/IISc_SYSPIN_Data/IISc_SYSPINProject_Marathi_Female_Spk001_HC/wav/IISc_SYSPINProject_mr_f_HEAL_01086.wav|आजपर्यंत आयुर्वेदाच्या स्मृतीतून या लेखमालेत आपण अनेक शारीरिक व्याधी आणि आज्जीबाईच्या बटव्यातील घरगुती औषधे पहिली
/root/f5-tts-marathi/datasets/syspin_marathi_female/extracted/IISc_SYSPIN_Data/IISc_SYSPINProject_Marathi_Female_Spk001_HC/wav/IISc_SYSPINProject_mr_f_EDUC_00307.wav|खरे तर डॉल्बी, एवढी भयानक असेल, तर सर्जिकल स्ट्राईकसाठी विमानांच्या ऐवजी डॉल्बीच वापरली असती
/root/f5-tts-marathi/datasets/syspin_marathi_female/extracted/IISc_SYSPIN_Data/IISc_SYSPINProject_Marathi_Female_Spk001_HC/wav/IISc_SYSPINProject_mr_f_BOOK_02437.wav|एका दुर्गम आणि अविकसित प्रदेशातील ह्या पीडित जनतेमध्ये आपल्याकडेदुर्लक्ष केल्याची भावना आहे.
/root/f5-tts-marathi/datasets/syspin_marathi_female/extracted/IISc_SYSPIN_Data/IISc_SYSPINProject_Marathi_Female_Spk001_HC/wav/IISc_SYSPINProject_mr_f_AGRI_04270.wav|ऐतिहासिक नोंदींनुसार चीनमध्ये या पिकाची लागवड साधारणपणे ख्रिस्तपूर्व 4150एक्केचाळीशे पन्नास वर्षांपूर्वी केली जात होती.
/root/f5-tts-marathi/datasets/syspin_marathi_female/extracted/IISc_SYSPIN_Data/IISc_SYSPINProject_Marathi_Female_Spk001_HC/wav/IISc_SYSPINProject_mr_f_FINA_00786.wav|राज्यासमोर दुष्काळ, नापिकी, पाणीटंचाई, औद्योगिक क्षेत्रातील मंदी, त्यामुळे घटणारा महसूल परिणामी दरवर्षी सादर करावा लागणारा तुटीचा अर्थसंकल्प असेच काही राज्याचे आर्थिक चित्र आहे.
/root/f5-tts-marathi/datasets/syspin_marathi_female/extracted/IISc_SYSPIN_Data/IISc_SYSPINProject_Marathi_Female_Spk001_HC/wav/IISc_SYSPINProject_mr_f_FINA_03335.wav|यामुळे लोकसंख्येच्या आधारावर या जिल्ह्यास दुष्काळी निवारण अनुदान देण्यात यावे, अशी मागणी जिल्हा पंचायतच्या अध्यक्षा आशा ऐहोळे यांनी केली आहे.
/root/f5-tts-marathi/datasets/syspin_marathi_female/extracted/IISc_SYSPIN_Data/IISc_SYSPINProject_Marathi_Female_Spk001_HC/wav/IISc_SYSPINProject_mr_f_GENE_01329.wav|उपरोक्त लेण्यातील शिल्पावर हीच वस्त्रे असल्याने शिल्पे अर्धनग्न किंवा नग्न भासतात.
/root/f5-tts-marathi/datasets/syspin_marathi_female/extracted/IISc_SYSPIN_Data/IISc_SYSPINProject_Marathi_Female_Spk001_HC/wav/IISc_SYSPINProject_mr_f_WEAT_04260.wav|याप्रकरणी सीबीआयने सचिन अंदुरे आणि हिंदू जनजागृती समितीचा सदस्य वीरेंद्र तावडे या दोघांना आधीच अटक केली आहे.
/root/f5-tts-marathi/datasets/syspin_marathi_female/extracted/IISc_SYSPIN_Data/IISc_SYSPINProject_Marathi_Female_Spk001_HC/wav/IISc_SYSPINProject_mr_f_HEAL_00153.wav|पण डॉक्टर भेटले नाहीत तर दादांना चैन पडत नसे आणि दादा भेटले नाहीत तर डॉक्टरांना चैन पडत नसे
/root/f5-tts-marathi/datasets/syspin_marathi_female/extracted/IISc_SYSPIN_Data/IISc_SYSPINProject_Marathi_Female_Spk001_HC/wav/IISc_SYSPINProject_mr_f_BOOK_00369.wav|बौद्ध धर्माचा प्रसार भारताबाहेर दूरवर झाला.
/root/f5-tts-marathi/datasets/syspin_marathi_female/extracted/IISc_SYSPIN_Data/IISc_SYSPINProject_Marathi_Female_Spk001_HC/wav/IISc_SYSPINProject_mr_f_POLI_01335.wav|नुसत्या फुगड्या खेळणारा, चष्मे, काठ्या वाटणारा खासदार नकोय अशी टीकाही त्यांनी केली.
/root/f5-tts-marathi/datasets/syspin_marathi_female/extracted/IISc_SYSPIN_Data/IISc_SYSPINProject_Marathi_Female_Spk001_HC/wav/IISc_SYSPINProject_mr_f_BOOK_04906.wav|पाण्याच्या टाक्या साफ करताना पोटेशिअम परम्यांगनेट का वापरतात?
/root/f5-tts-marathi/datasets/syspin_marathi_female/extracted/IISc_SYSPIN_Data/IISc_SYSPINProject_Marathi_Female_Spk001_HC/wav/IISc_SYSPINProject_mr_f_HEAL_03745.wav|कारण त्याच्यामध्ये कर्करोग प्रतिबंधक द्रव्ये असून ते फायटो केमिकल्स्ने युक्त असते
/root/f5-tts-marathi/datasets/syspin_marathi_female/extracted/IISc_SYSPIN_Data/IISc_SYSPINProject_Marathi_Female_Spk001_HC/wav/IISc_SYSPINProject_mr_f_FINA_00549.wav|पेन्शन उशिरा मिळाल्यावर पेन्शनकर्त्याला वार्षिक आठ टक्के इतके व्याज दिले जाणार आहे.
/root/f5-tts-marathi/datasets/syspin_marathi_female/extracted/IISc_SYSPIN_Data/IISc_SYSPINProject_Marathi_Female_Spk001_HC/wav/IISc_SYSPINProject_mr_f_EDUC_00170.wav|या बैठकीत केवळ टेंकरच्या प्रश्नावरच चर्चा केली जाईल, असे डॉ सुजय विखे यांनी सूचित केल्याने केवळ टेंकरच्या संदर्भातच ,बैठकीत चर्चा करण्यात आली.
/root/f5-tts-marathi/datasets/syspin_marathi_female/extracted/IISc_SYSPIN_Data/IISc_SYSPINProject_Marathi_Female_Spk001_HC/wav/IISc_SYSPINProject_mr_f_OTHE_03585.wav|बंगालच्या चढायांची धुरा मणिंदर सिंग आणि यांग कुन ली सांभाळतील, तर बचावाची जबाबदारी रण सिंग आणि सूरजित सिंग यांच्यावर असेल
/root/f5-tts-marathi/datasets/syspin_marathi_female/extracted/IISc_SYSPIN_Data/IISc_SYSPINProject_Marathi_Female_Spk001_HC/wav/IISc_SYSPINProject_mr_f_FINA_00700.wav|डेबिट कार्ड, क्रेडिट कार्ड आणि अन्य सेवांसाठी बंकांकडून आकारण्यात येत असलेली रक्कमही कराच्या वर्तुळात मोडू शकते.
/root/f5-tts-marathi/datasets/syspin_marathi_female/extracted/IISc_SYSPIN_Data/IISc_SYSPINProject_Marathi_Female_Spk001_HC/wav/IISc_SYSPINProject_mr_f_FINA_01751.wav|नागरिकांना सवय लागावी म्हणून ही नाममात्र रक्कम ठेवण्यात आली असल्याने तुम्ही कोणतेही नाणे टाकले की सदर टॉयलेट अनलॉक होऊन तुम्हाला ते वापरता येईल.
/root/f5-tts-marathi/datasets/syspin_marathi_female/extracted/IISc_SYSPIN_Data/IISc_SYSPINProject_Marathi_Female_Spk001_HC/wav/IISc_SYSPINProject_mr_f_WEAT_04203.wav|अशा व्यवहारांना पूर्वमंजुरी असलेल्या ओफर्स असेही म्हटले जाते.
/root/f5-tts-marathi/datasets/syspin_marathi_female/extracted/IISc_SYSPIN_Data/IISc_SYSPINProject_Marathi_Female_Spk001_HC/wav/IISc_SYSPINProject_mr_f_OTHE_02211.wav|अरूण जेटली यांची प्रकृती स्थिर असून, ते उपचारांना चांगला प्रतिसाद देत असल्याचे डॉक्टरांनी वैंकय्या नायडू यांना सांगितले.
/root/f5-tts-marathi/datasets/syspin_marathi_female/extracted/IISc_SYSPIN_Data/IISc_SYSPINProject_Marathi_Female_Spk001_HC/wav/IISc_SYSPINProject_mr_f_BOOK_04262.wav|सरकारी जकात आणि अन्य निर्बंधांपासून मुक्त व्यापार हा या मसुद्याचा गाभा होता. यालाच 'उदारीकरण' असे म्हणतात.
/root/f5-tts-marathi/datasets/syspin_marathi_female/extracted/IISc_SYSPIN_Data/IISc_SYSPINProject_Marathi_Female_Spk001_HC/wav/IISc_SYSPINProject_mr_f_BOOK_04642.wav|त्यावर अच्छादक काच ठेवून संयुक्त सूक्ष्मदर्शकाखाली निरीक्षण करा.
/root/f5-tts-marathi/datasets/syspin_marathi_female/extracted/IISc_SYSPIN_Data/IISc_SYSPINProject_Marathi_Female_Spk001_HC/wav/IISc_SYSPINProject_mr_f_POLI_00838.wav|जगातील देशांच्या संयुक्त लष्करी सरावाचे नेतृत्व करणारी पहिली महिला लष्करी अधिकारी 'सोफिया कुरेशी' यांना जागतिक महिला दिनानिमित्त युवर स्टोरीचा सलाम.
/root/f5-tts-marathi/datasets/syspin_marathi_female/extracted/IISc_SYSPIN_Data/IISc_SYSPINProject_Marathi_Female_Spk001_HC/wav/IISc_SYSPINProject_mr_f_AGRI_01259.wav|त्यांनी वांगी, भेंडी, पेरू, आंबा, पालक, मेथी, वाटाणा आदी पिकांच्या जातींची बियाणे जपली.
/root/f5-tts-marathi/datasets/syspin_marathi_female/extracted/IISc_SYSPIN_Data/IISc_SYSPINProject_Marathi_Female_Spk001_HC/wav/IISc_SYSPINProject_mr_f_BOOK_03086.wav|त्यांचे आरमार प्रबळ होते. किनाऱ्यावर आरमारी छापा घालून शत्रूचा मुलुख ते उद्ध्वस्त करत असत.
/root/f5-tts-marathi/datasets/syspin_marathi_female/extracted/IISc_SYSPIN_Data/IISc_SYSPINProject_Marathi_Female_Spk001_HC/wav/IISc_SYSPINProject_mr_f_AGRI_03762.wav|ठिबक सिंचनातून खते दिल्यास खतांमध्ये मोठ्या प्रमाणात बचत होते.
/root/f5-tts-marathi/datasets/syspin_marathi_female/extracted/IISc_SYSPIN_Data/IISc_SYSPINProject_Marathi_Female_Spk001_HC/wav/IISc_SYSPINProject_mr_f_POLI_01215.wav|कारण शेवटी ही राज्ये दारिद्र्य आणि सामाजिक विषमतेने ग्रासलेली राज्ये आहेत.
/root/f5-tts-marathi/datasets/syspin_marathi_female/extracted/IISc_SYSPIN_Data/IISc_SYSPINProject_Marathi_Female_Spk001_HC/wav/IISc_SYSPINProject_mr_f_AGRI_01613.wav|येथील मच्छीमार नौका समुद्रात नांगर टाकून उभ्या करीत असत व त्यानंतर छोट्या होड्यांच्या सहाय्याने मासे उतरवून त्या किनाऱ्यावर आणत असत.
/root/f5-tts-marathi/datasets/syspin_marathi_female/extracted/IISc_SYSPIN_Data/IISc_SYSPINProject_Marathi_Female_Spk001_HC/wav/IISc_SYSPINProject_mr_f_BOOK_02494.wav|ह्या आपत्तींना सामोरे जाण्यासाठी पोलीस, निमलष्करी दले व लष्कर यांच्यासह इमिग्रेशन आणि कस्टम विभाग, अग्निशामक दलेआणि नागरी समाज हेसर्व एका व्यासपीठावर येऊन कार्य करतात.
/root/f5-tts-marathi/datasets/syspin_marathi_female/extracted/IISc_SYSPIN_Data/IISc_SYSPINProject_Marathi_Female_Spk001_HC/wav/IISc_SYSPINProject_mr_f_BOOK_01938.wav|या मैदानी प्रदेशाचा उतार पूर्वेकडे आहे.
/root/f5-tts-marathi/datasets/syspin_marathi_female/extracted/IISc_SYSPIN_Data/IISc_SYSPINProject_Marathi_Female_Spk001_HC/wav/IISc_SYSPINProject_mr_f_POLI_01421.wav|मात्र तरुण असलेल्या भारतीय वंशाच्या सिव्हिल इंजीनिअर विवेक चड्ढा यांनी सर्वाधिक दान देऊन एक विक्रम केला आहे.
/root/f5-tts-marathi/datasets/syspin_marathi_female/extracted/IISc_SYSPIN_Data/IISc_SYSPINProject_Marathi_Female_Spk001_HC/wav/IISc_SYSPINProject_mr_f_BOOK_05757.wav|आम्लपर्जन्यामुळेहोणारेभू-प्रदूषण हे जीवाणूआटोक्यात आणतात.
/root/f5-tts-marathi/datasets/syspin_marathi_female/extracted/IISc_SYSPIN_Data/IISc_SYSPINProject_Marathi_Female_Spk001_HC/wav/IISc_SYSPINProject_mr_f_OTHE_00031.wav|या लेखामध्ये आणि यापुढील लेखांमध्ये मी तुम्हाला प्रोग्रामिंग बद्दल माहिती देईन. प्रोग्रामिंगचे कन्सेप्ट्स शिकण्यासाठी तुम्हाला प्रोग्रामिंग लंग्वेजेस शिकण्याची आवश्यकता नाही.
/root/f5-tts-marathi/datasets/syspin_marathi_female/extracted/IISc_SYSPIN_Data/IISc_SYSPINProject_Marathi_Female_Spk001_HC/wav/IISc_SYSPINProject_mr_f_WEAT_03103.wav|गुलाबाच्या केसिनो, कॉकटेल, फाउंटन, गोल्डन शॉवर, मेरी गोल्ड, रॉयल गोल्ड, स्नो गर्ल इत्यादी जाती आहेत.
/root/f5-tts-marathi/datasets/syspin_marathi_female/extracted/IISc_SYSPIN_Data/IISc_SYSPINProject_Marathi_Female_Spk001_HC/wav/IISc_SYSPINProject_mr_f_HEAL_03163.wav|जपानी वॉटर थेरपीमुळे रक्तदाब आणि शरीरातील साखरेचे प्रमाण नियंत्रणात राहते
/root/f5-tts-marathi/datasets/syspin_marathi_female/extracted/IISc_SYSPIN_Data/IISc_SYSPINProject_Marathi_Female_Spk001_HC/wav/IISc_SYSPINProject_mr_f_POLI_01945.wav|अभिनेत्री हुमा कुरेशीने त्या चिमुरडीची माफी मागत आपण तिचं संरक्षण करण्यात असमर्थ ठरल्याची खंत व्यक्त केली.
/root/f5-tts-marathi/datasets/syspin_marathi_female/extracted/IISc_SYSPIN_Data/IISc_SYSPINProject_Marathi_Female_Spk001_HC/wav/IISc_SYSPINProject_mr_f_BOOK_03169.wav|सत्तास्पर्धेत फ्रेंच नामोहरम झाल्यामुळे भारतात इंग्रजांना प्रबळ युरोपीय स्पर्धक उरला नाही.
/root/f5-tts-marathi/datasets/syspin_marathi_female/extracted/IISc_SYSPIN_Data/IISc_SYSPINProject_Marathi_Female_Spk001_HC/wav/IISc_SYSPINProject_mr_f_EDUC_00606.wav|रणदीप सुरजेवाला म्हणाले की, सत्य बोलल्याने माजी परराष्ट्र सचिव सुजाता सिंग यांच्याप्रमाणे जयशंकर यांची गच्छंती होणार नाही, अशी आशा आहे.
/root/f5-tts-marathi/datasets/syspin_marathi_female/extracted/IISc_SYSPIN_Data/IISc_SYSPINProject_Marathi_Female_Spk001_HC/wav/IISc_SYSPINProject_mr_f_BOOK_00182.wav|इतिहासलेखनाची सुरुवात समाजाच्या तळाशी असलेल्या सर्वसामान्य लोकांच्या स्तरापासून करायला पाहिजे, ही कल्पना मांडण्यामध्ये अंटोनिओ ग्रामची या इटालियन तत्त्वज्ञाचे स्थान महत्त्वाचे आहे.
/root/f5-tts-marathi/datasets/syspin_marathi_female/extracted/IISc_SYSPIN_Data/IISc_SYSPINProject_Marathi_Female_Spk001_HC/wav/IISc_SYSPINProject_mr_f_WEAT_02243.wav|झिम्बाम्ब्वेच्या विरुद्ध पाच मेचच्या सिरीजमध्ये दोन वेळा आऊट होण्याच्या मधल्या वेळेत त्यानं 455चारशे पंचावन्न रन्स बनवण्याचा रेकॉर्ड केला आहे.
/root/f5-tts-marathi/datasets/syspin_marathi_female/extracted/IISc_SYSPIN_Data/IISc_SYSPINProject_Marathi_Female_Spk001_HC/wav/IISc_SYSPINProject_mr_f_HEAL_03953.wav|अशा परिस्थितीत लहान आतड्याचा शेवटचा भाग पोटावर आणून कृत्रिम गुदद्वार करावे लागते.
/root/f5-tts-marathi/datasets/syspin_marathi_female/extracted/IISc_SYSPIN_Data/IISc_SYSPINProject_Marathi_Female_Spk001_HC/wav/IISc_SYSPINProject_mr_f_BOOK_01108.wav|त्यामुळे ही कागदपत्रे ऐतिहासिकदृष्ट्या अत्यंत विश्वासार्ह मानली जातात.
/root/f5-tts-marathi/datasets/syspin_marathi_female/extracted/IISc_SYSPIN_Data/IISc_SYSPINProject_Marathi_Female_Spk001_HC/wav/IISc_SYSPINProject_mr_f_OTHE_02008.wav|मात्र 15पंधरा नोव्हेंबर 1817अठराशे सतरामध्ये मराठ्यांचे आणि इंग्रजांमध्ये खडकीचे अखेरचे युद्ध झाले.
/root/f5-tts-marathi/datasets/syspin_marathi_female/extracted/IISc_SYSPIN_Data/IISc_SYSPINProject_Marathi_Female_Spk001_HC/wav/IISc_SYSPINProject_mr_f_BOOK_05850.wav|विशिष्ट रोगजंतू अथवा रोगा विरुद्ध कायमस्वरूपी अथवा काही कालावधीपुरती प्रतिकारक्षमता मिळवण्यासाठी दिलेले 'प्रतिजन' युक्त पदार्थ म्हणजे लस होय.
/root/f5-tts-marathi/datasets/syspin_marathi_female/extracted/IISc_SYSPIN_Data/IISc_SYSPINProject_Marathi_Female_Spk001_HC/wav/IISc_SYSPINProject_mr_f_OTHE_00459.wav|होर्डींग, भित्तीपत्रके, हस्तपत्रके, सोशल मिडीया, बैठकांच्या माध्यमांतून गावोगावी पोहोचण्याचा मानस या वेळी धर्मप्रेमींनी केला.
/root/f5-tts-marathi/datasets/syspin_marathi_female/extracted/IISc_SYSPIN_Data/IISc_SYSPINProject_Marathi_Female_Spk001_HC/wav/IISc_SYSPINProject_mr_f_HEAL_01999.wav|स्वतंत्र झालेल्या देशांनी दुष्काळातले आणि रोगांच्या साथींमुळे होणारे मृत्यू टाळण्यात यश मिळवले
/root/f5-tts-marathi/datasets/syspin_marathi_female/extracted/IISc_SYSPIN_Data/IISc_SYSPINProject_Marathi_Female_Spk001_HC/wav/IISc_SYSPINProject_mr_f_BOOK_05730.wav|कचऱ्यातील अशुद्ध किंवा विषारी द्रव झिरपून मातीचे प्रदूषण होऊ नये यासाठी ही काळजी घेतली जाते.
/root/f5-tts-marathi/datasets/syspin_marathi_female/extracted/IISc_SYSPIN_Data/IISc_SYSPINProject_Marathi_Female_Spk001_HC/wav/IISc_SYSPINProject_mr_f_HEAL_03089.wav|विविध तेलांचा वापर स्वयंपाकात केल्याने शरीराला सर्व प्रकारचे स्निग्ध पदार्थ मिळतात व त्याच बरोबर जीवनसत्त्वे मिळतात
/root/f5-tts-marathi/datasets/syspin_marathi_female/extracted/IISc_SYSPIN_Data/IISc_SYSPINProject_Marathi_Female_Spk001_HC/wav/IISc_SYSPINProject_mr_f_BOOK_00167.wav|भारतीयांनी ब्रिटिशांविरुद्ध दिलेल्या स्वातंत्र्यलढ्याला प्रेरणा देण्यासाठी राष्ट्रवादी इतिहासलेखनाचा उपयोग झाला.
/root/f5-tts-marathi/datasets/syspin_marathi_female/extracted/IISc_SYSPIN_Data/IISc_SYSPINProject_Marathi_Female_Spk001_HC/wav/IISc_SYSPINProject_mr_f_HEAL_03363.wav|ऊर्जा, प्रथिने, कर्बोदके, खनिज द्रव्ये व जीवन सत्वे योग्य प्रमाणात शरीराला मिळाल्यास शरीर निरोगी राहते
/root/f5-tts-marathi/datasets/syspin_marathi_female/extracted/IISc_SYSPIN_Data/IISc_SYSPINProject_Marathi_Female_Spk001_HC/wav/IISc_SYSPINProject_mr_f_POLI_02967.wav|चांगल्या कामात मिळालेला ब्रेकथ्रू अशा शब्दात मुख्यमंत्री देवेंद्र फडणवीस यांनी मेट्रोच्या कामाचे कौतुक या प्रसंगी केले.
/root/f5-tts-marathi/datasets/syspin_marathi_female/extracted/IISc_SYSPIN_Data/IISc_SYSPINProject_Marathi_Female_Spk001_HC/wav/IISc_SYSPINProject_mr_f_HEAL_04386.wav|रसायनोपचार औषधांनी कर्करोग बरा होण्याची टक्केवारी प्रत्येक कर्करोगाच्या बाबतीत वेगवेगळी असते.
/root/f5-tts-marathi/datasets/syspin_marathi_female/extracted/IISc_SYSPIN_Data/IISc_SYSPINProject_Marathi_Female_Spk001_HC/wav/IISc_SYSPINProject_mr_f_WEAT_00332.wav|जगातील एक्झॉन मोबील या खासगी क्षेत्रातील जगातील दुसऱ्या कंपनीपेक्षा अराम्को तब्बल 16सोळा पट मोठी असल्याने अराम्कोचा दबदबा लक्षात यावा.
/root/f5-tts-marathi/datasets/syspin_marathi_female/extracted/IISc_SYSPIN_Data/IISc_SYSPINProject_Marathi_Female_Spk001_HC/wav/IISc_SYSPINProject_mr_f_POLI_03146.wav|यावेळी आरोपी योगेश तेथे आला. त्याने पूर्वी झालेल्या भांडणाचा राग मनात धरुन महेंद्र याला स्क्रू-ड्रायव्हरने डोळ्यावर, कपाळावर आणि कानावर जबर मारहाण केली.
/root/f5-tts-marathi/datasets/syspin_marathi_female/extracted/IISc_SYSPIN_Data/IISc_SYSPINProject_Marathi_Female_Spk001_HC/wav/IISc_SYSPINProject_mr_f_HEAL_04034.wav|यामध्ये रक्तातील शर्करेमध्ये आवश्यकतेपेक्षा अधिक वाढ दिसून येते.
/root/f5-tts-marathi/datasets/syspin_marathi_female/extracted/IISc_SYSPIN_Data/IISc_SYSPINProject_Marathi_Female_Spk001_HC/wav/IISc_SYSPINProject_mr_f_WEAT_02272.wav|सलग तीन दिवस सुट्ट्यांमुळे मुबंईबाहेर जाणाऱ्या पर्यटकांच्या संख्येत वाढ झाल्यानं ही वाहतुकीची कोंडी निर्माण झाली आहे.
/root/f5-tts-marathi/datasets/syspin_marathi_female/extracted/IISc_SYSPIN_Data/IISc_SYSPINProject_Marathi_Female_Spk001_HC/wav/IISc_SYSPINProject_mr_f_POLI_03429.wav|जिल्हाधिकारी सच्चिंद्र प्रताप सिंह यांच्या बदलीला विरोध करत जिल्ह्यात अनेक सामाजिक व राजकीय संघटनांनी शनिवारी मोर्चा काढला व भंडारा बंदची हाक दिली.
/root/f5-tts-marathi/datasets/syspin_marathi_female/extracted/IISc_SYSPIN_Data/IISc_SYSPINProject_Marathi_Female_Spk001_HC/wav/IISc_SYSPINProject_mr_f_HEAL_03251.wav|"काही काळानंतर, शास्त्रज्ञांनी असे पाहिले की, पेशी काटेरी झुडुपातून ""कीटकांचा"" प्रतिकार करण्याचा प्रयत्न करतात आणि त्यांना बाहेर काढतात"
/root/f5-tts-marathi/datasets/syspin_marathi_female/extracted/IISc_SYSPIN_Data/IISc_SYSPINProject_Marathi_Female_Spk001_HC/wav/IISc_SYSPINProject_mr_f_AGRI_03875.wav|पहिल्या कापणीनंतर दर दीडदोन महिन्यांनी पीक मीटरभर उंच होऊन मधूनमधून फुलांचे तुरे दिसू लागताच कापणी करतात, न कापल्यास चाऱ्याची प्रत कमी होते.
/root/f5-tts-marathi/datasets/syspin_marathi_female/extracted/IISc_SYSPIN_Data/IISc_SYSPINProject_Marathi_Female_Spk001_HC/wav/IISc_SYSPINProject_mr_f_BOOK_03682.wav|शेतकऱ्यांप्रमाणेच कामगार वर्गानेही सरकारविरोधी आंदोलनात मोठ्या प्रमाणात भाग घेतला.
/root/f5-tts-marathi/datasets/syspin_marathi_female/extracted/IISc_SYSPIN_Data/IISc_SYSPINProject_Marathi_Female_Spk001_HC/wav/IISc_SYSPINProject_mr_f_WEAT_01386.wav|पुरूष एकेरीच्या ड्रॉमध्ये स्वित्झर्लंडच्या अनुभवी रॉजर फेडररचा सलामीचा सामना ओस्ट्रियाचा वयस्कर जर्गेन मेल्झरशी होणार आहे.
/root/f5-tts-marathi/datasets/syspin_marathi_female/extracted/IISc_SYSPIN_Data/IISc_SYSPINProject_Marathi_Female_Spk001_HC/wav/IISc_SYSPINProject_mr_f_AGRI_03304.wav|पाणी पिण्याआधी ते पाणी क्लोरीन आणि आयोडिनचा वापर करून स्वच्छ करून घ्या.
/root/f5-tts-marathi/datasets/syspin_marathi_female/extracted/IISc_SYSPIN_Data/IISc_SYSPINProject_Marathi_Female_Spk001_HC/wav/IISc_SYSPINProject_mr_f_WEAT_02582.wav|कोर्टाने बीएमसीच्या तांत्रिक सल्लागारांना दक्षिण मुंबईतील इमारतीचे निरिक्षण करण्यास सांगितले असून त्याबाबत एक रिपोर्ट तयार करा असा आदेश दिला आहे.
/root/f5-tts-marathi/datasets/syspin_marathi_female/extracted/IISc_SYSPIN_Data/IISc_SYSPINProject_Marathi_Female_Spk001_HC/wav/IISc_SYSPINProject_mr_f_EDUC_01980.wav|भाजप सरकारने आर्थिक दृष्ट्या मागास सवर्णांना नोकरी आणि शिक्षणामध्ये आरक्षण मिळावे यासाठी हे विधेयक मांडले होते.
/root/f5-tts-marathi/datasets/syspin_marathi_female/extracted/IISc_SYSPIN_Data/IISc_SYSPINProject_Marathi_Female_Spk001_HC/wav/IISc_SYSPINProject_mr_f_BOOK_01214.wav|कोणत्याही विषयावरचा कोश असो त्याला इतिहासाची जोड देणे आवश्यक असते.
/root/f5-tts-marathi/datasets/syspin_marathi_female/extracted/IISc_SYSPIN_Data/IISc_SYSPINProject_Marathi_Female_Spk001_HC/wav/IISc_SYSPINProject_mr_f_OTHE_01391.wav|पुणे, मुंबई येथे एकाच दिवशी टीशर्टांचे पैसे जमा केले जातील.
/root/f5-tts-marathi/datasets/syspin_marathi_female/extracted/IISc_SYSPIN_Data/IISc_SYSPINProject_Marathi_Female_Spk001_HC/wav/IISc_SYSPINProject_mr_f_POLI_01296.wav|सांगोल्डा येथील फूड बंकेतर्फे अनाथाश्रम आणि वृद्धाश्रमात या केकचं वाटप करण्यात येणार आहे.
/root/f5-tts-marathi/datasets/syspin_marathi_female/extracted/IISc_SYSPIN_Data/IISc_SYSPINProject_Marathi_Female_Spk001_HC/wav/IISc_SYSPINProject_mr_f_EDUC_00932.wav|मानवी इच्छांना अंत नसतो आणि या इच्छा फक्त देवच पूर्ण करू शकतो, अशी मानवाची श्रद्धा असते.
/root/f5-tts-marathi/datasets/syspin_marathi_female/extracted/IISc_SYSPIN_Data/IISc_SYSPINProject_Marathi_Female_Spk001_HC/wav/IISc_SYSPINProject_mr_f_FINA_02387.wav|अशा अवस्थेत त्यांनी जोखीम पत्करावी, असे आवाहन मोदी उद्योजकांना करत आहेत. पण पायाभूत सुविधा व धोरणातील लवचिकता नसल्यामुळे कोणतीही गुंतवणूक करायला उद्योजक तयार नाहीत.
/root/f5-tts-marathi/datasets/syspin_marathi_female/extracted/IISc_SYSPIN_Data/IISc_SYSPINProject_Marathi_Female_Spk001_HC/wav/IISc_SYSPINProject_mr_f_WEAT_04408.wav|रेल्वेने मंगळवारी सांगितलं की रेल्वेने 'ट्रेन अट अ ग्लांस'मध्ये अंत्योदय एक्सप्रेस, 2दोन तेजस एक्सप्रेस आणि दोन उदय एक्सप्रेस यांचा समावेश केला आहे.
/root/f5-tts-marathi/datasets/syspin_marathi_female/extracted/IISc_SYSPIN_Data/IISc_SYSPINProject_Marathi_Female_Spk001_HC/wav/IISc_SYSPINProject_mr_f_BOOK_03424.wav|सार्वजनिक पाणवठे सर्वांना खुले असले पाहिजेत अशी भूमिका त्यांनी मांडली.
/root/f5-tts-marathi/datasets/syspin_marathi_female/extracted/IISc_SYSPIN_Data/IISc_SYSPINProject_Marathi_Female_Spk001_HC/wav/IISc_SYSPINProject_mr_f_FINA_01606.wav|एक गुंतवणूक पर्याय म्हणून जेव्हा आपण पी टू पी लेंडिंगकडे बघतो तेव्हा लक्षात घ्या की, हा एक विनातारण कर्ज देण्याचा व्यवसाय आहे.
/root/f5-tts-marathi/datasets/syspin_marathi_female/extracted/IISc_SYSPIN_Data/IISc_SYSPINProject_Marathi_Female_Spk001_HC/wav/IISc_SYSPINProject_mr_f_GENE_00204.wav|पॉप्युलर फ्रंट ओफ इंडिया आणि सोशल डेमोक्रेटिक पार्टी ओफ इंडियावर संशय व्यक्त करण्यात येत आहे.
/root/f5-tts-marathi/datasets/syspin_marathi_female/extracted/IISc_SYSPIN_Data/IISc_SYSPINProject_Marathi_Female_Spk001_HC/wav/IISc_SYSPINProject_mr_f_AGRI_04096.wav|तीळ हे प्राचीन काळापासून घेतले जाणारे महत्त्वाचे तेलबिया पीक असून, कमी वेळात अधिक उत्पादन देणारे व जमिनीचा कस कायम राखून ठेवणारे पीक आहे.
/root/f5-tts-marathi/datasets/syspin_marathi_female/extracted/IISc_SYSPIN_Data/IISc_SYSPINProject_Marathi_Female_Spk001_HC/wav/IISc_SYSPINProject_mr_f_HEAL_04114.wav|कामाच्या अथवा कुठल्याही ठिकाणी रसायनाच्या अथवा धूराच्या वारंवार संपर्कात आल्यास, किंवा वारंवार धुळीचे श्वसन केल्यास सीओपीडी होऊ शकतो.
/root/f5-tts-marathi/datasets/syspin_marathi_female/extracted/IISc_SYSPIN_Data/IISc_SYSPINProject_Marathi_Female_Spk001_HC/wav/IISc_SYSPINProject_mr_f_WEAT_03200.wav|द्वितिय स्थान चन्द्र नाडीच्या प्रभावाखाली येते, म्हणजे कसं? ते जरा समजावून सांगाल का प्लीज?
/root/f5-tts-marathi/datasets/syspin_marathi_female/extracted/IISc_SYSPIN_Data/IISc_SYSPINProject_Marathi_Female_Spk001_HC/wav/IISc_SYSPINProject_mr_f_POLI_03222.wav|सिरीसेना यांनी राजपक्षेंना तिकीट द्यायला विरोध केला होता. मात्र तरीही पक्षाने राजपक्षे यांना तिकीट दिले.
/root/f5-tts-marathi/datasets/syspin_marathi_female/extracted/IISc_SYSPIN_Data/IISc_SYSPINProject_Marathi_Female_Spk001_HC/wav/IISc_SYSPINProject_mr_f_BOOK_02625.wav|प्रस्तुत पाठात भारताच्या सुरक्षिततेसाठी सैन्य दलाकडून वापरल्या जाणाऱ्या तंत्रज्ञानाच्या तीन क्षेत्रांवर भर दिला आहे.
/root/f5-tts-marathi/datasets/syspin_marathi_female/extracted/IISc_SYSPIN_Data/IISc_SYSPINProject_Marathi_Female_Spk001_HC/wav/IISc_SYSPINProject_mr_f_POLI_01970.wav|घरचा पुरुष मात्र ब्रंडेड कपड्यात लोळत असतो आणि या सगळ्या कृत्याकडे आईवडिल काणाडोळा करतात, हे चित्रही दिसते.
/root/f5-tts-marathi/datasets/syspin_marathi_female/extracted/IISc_SYSPIN_Data/IISc_SYSPINProject_Marathi_Female_Spk001_HC/wav/IISc_SYSPINProject_mr_f_AGRI_01205.wav|त्यामुळे उन्हाळयात पाण्याची तीव्र टंचाई असतानाही मिळेल तेथून पाणी आणून शेतकऱ्यांनी हे मळे जगविले.
/root/f5-tts-marathi/datasets/syspin_marathi_female/extracted/IISc_SYSPIN_Data/IISc_SYSPINProject_Marathi_Female_Spk001_HC/wav/IISc_SYSPINProject_mr_f_BOOK_00832.wav|त्या त्या प्रांतात त्या बाहुल्यांना काय नावे आहेत, ते शोधूयात.
/root/f5-tts-marathi/datasets/syspin_marathi_female/extracted/IISc_SYSPIN_Data/IISc_SYSPINProject_Marathi_Female_Spk001_HC/wav/IISc_SYSPINProject_mr_f_GENE_02269.wav|किल्ल्यांवर सायकलिंग करणे, गडसफाई करणे, बचाव कार्य करणे अशी त्यांची कामे त्या काळात चालतात.
/root/f5-tts-marathi/datasets/syspin_marathi_female/extracted/IISc_SYSPIN_Data/IISc_SYSPINProject_Marathi_Female_Spk001_HC/wav/IISc_SYSPINProject_mr_f_AGRI_00781.wav|शरीराला आवश्यक असेल तितकं पाणी शरीरात गेलं नाही तर महिलांना किडनी स्टोन, मूत्रसंसर्ग यांसारख्या शारीरिक विकारांना सामोरं जावं लागतं.
/root/f5-tts-marathi/datasets/syspin_marathi_female/extracted/IISc_SYSPIN_Data/IISc_SYSPINProject_Marathi_Female_Spk001_HC/wav/IISc_SYSPINProject_mr_f_OTHE_02604.wav|सोबती यांच्या ' जिंदगीनामा ', ' ऐ लडकी ', ' सूरजमुखी ', ' डार से बिछुरी ', ' मित्रो मरजानी 'या कादंबऱ्या गाजल्या आहेत
/root/f5-tts-marathi/datasets/syspin_marathi_female/extracted/IISc_SYSPIN_Data/IISc_SYSPINProject_Marathi_Female_Spk001_HC/wav/IISc_SYSPINProject_mr_f_BOOK_02996.wav|अशातच थिबा राजाने 'बॉम्बे-बर्मा ट्रेडिंग कॉर्पोरेशन' या ब्रिटिश व्यापारी संस्थेला दंड ठोठावला.
/root/f5-tts-marathi/datasets/syspin_marathi_female/extracted/IISc_SYSPIN_Data/IISc_SYSPINProject_Marathi_Female_Spk001_HC/wav/IISc_SYSPINProject_mr_f_OTHE_04100.wav|सुदैवाने शब्बो आपलं अबॉर्शन करून द्यायची विनंती करायला ज्या डॉक्टरांकडे गेलेली असते ते पुनमच्या सासऱ्याचे मित्र असतात
/root/f5-tts-marathi/datasets/syspin_marathi_female/extracted/IISc_SYSPIN_Data/IISc_SYSPINProject_Marathi_Female_Spk001_HC/wav/IISc_SYSPINProject_mr_f_EVAL_00091.wav|कोव्हिडच्या दुसऱ्या लाटेनंतर आता सरकार पुन्हा एकदा काही निर्बंध लादायचा विचार करत आहे.
/root/f5-tts-marathi/datasets/syspin_marathi_female/extracted/IISc_SYSPIN_Data/IISc_SYSPINProject_Marathi_Female_Spk001_HC/wav/IISc_SYSPINProject_mr_f_POLI_03105.wav|संशयित आरोपी सिल्व्हिया फर्नांडिस ही काही वर्षांपूर्वी नाईक यांच्या घरात भाडेकरू म्हणून राहत होती.
/root/f5-tts-marathi/datasets/syspin_marathi_female/extracted/IISc_SYSPIN_Data/IISc_SYSPINProject_Marathi_Female_Spk001_HC/wav/IISc_SYSPINProject_mr_f_WEAT_04044.wav|एक्झिट पोलचे आकडे एनडीएला बहुमत दाखवत असले तरी विरोधी पक्षाच्या वतीनं दिल्लीत बैठक बोलावण्यात आली आहे.
/root/f5-tts-marathi/datasets/syspin_marathi_female/extracted/IISc_SYSPIN_Data/IISc_SYSPINProject_Marathi_Female_Spk001_HC/wav/IISc_SYSPINProject_mr_f_EDUC_02739.wav|या प्रकारची लोन फेसिलिटी त्या लोकासांठी असते ज्यांच्याजवळ कोणतंही फिक्स्ड इन्कम राहत नाही आणि जे सिझनल इन्कमच्या भरोशावर असतात.
/root/f5-tts-marathi/datasets/syspin_marathi_female/extracted/IISc_SYSPIN_Data/IISc_SYSPINProject_Marathi_Female_Spk001_HC/wav/IISc_SYSPINProject_mr_f_HEAL_04181.wav|दोन्ही आजारांची खात्री करण्यासाठी आतड्यांची दुर्बिणीने तपासणी करून अंत:स्तराचा छोटा तुकडा काढून त्याची सूक्ष्मदर्शका खाली तपासणी हा प्रभावी पर्याय आहे.
/root/f5-tts-marathi/datasets/syspin_marathi_female/extracted/IISc_SYSPIN_Data/IISc_SYSPINProject_Marathi_Female_Spk001_HC/wav/IISc_SYSPINProject_mr_f_OTHE_01432.wav|कुणाची सहल, कुणाचं गेट टुगेदर, पुनर्भेट, लग्नसोहळा असं निमित्त पुरेसं असतं.
/root/f5-tts-marathi/datasets/syspin_marathi_female/extracted/IISc_SYSPIN_Data/IISc_SYSPINProject_Marathi_Female_Spk001_HC/wav/IISc_SYSPINProject_mr_f_AGRI_02519.wav|त्यामध्ये दोन टेबलस्पून गरम पाणी किंवा गरम दूध घेऊन चमच्याने चांगले फेटून घ्यावे किंवा हंडमिक्सर वापरला तरी चालेल, म्हणजे त्याला चांगला फेस येईल.
/root/f5-tts-marathi/datasets/syspin_marathi_female/extracted/IISc_SYSPIN_Data/IISc_SYSPINProject_Marathi_Female_Spk001_HC/wav/IISc_SYSPINProject_mr_f_GENE_00581.wav|या भांडणाचा सूड म्हणून या चौघांनी रविवारी अडीच वाजता अब्दुल कय्युम व त्याच्या दोन्ही मित्रांवर प्राणघातक हल्ला केला.
/root/f5-tts-marathi/datasets/syspin_marathi_female/extracted/IISc_SYSPIN_Data/IISc_SYSPINProject_Marathi_Female_Spk001_HC/wav/IISc_SYSPINProject_mr_f_WEAT_01036.wav|निवृत्तीपूर्वी 'एबीपी माझा'ला दिलेल्या एक्स्क्लुझिव्ह मुलाखतीत राकेश मारियांनी शीना बोरा हत्या प्रकरणाच्या तपासावर प्रकाशझोत टाकला आहे.
/root/f5-tts-marathi/datasets/syspin_marathi_female/extracted/IISc_SYSPIN_Data/IISc_SYSPINProject_Marathi_Female_Spk001_HC/wav/IISc_SYSPINProject_mr_f_OTHE_02965.wav|किसान सभेच्या नावावर निघालेला ह्या मोर्च्याची पार्श्वभूमी पाहिल्यास माकप, कम्युनिस्टांची नीती दिसून येते
/root/f5-tts-marathi/datasets/syspin_marathi_female/extracted/IISc_SYSPIN_Data/IISc_SYSPINProject_Marathi_Female_Spk001_HC/wav/IISc_SYSPINProject_mr_f_BOOK_02492.wav|मानवी सुरक्षेचा शस्त्रास्त्रांशी संबंध नसतो, तर ती प्रामुख्यानेमानवी जीवन व मानवाची प्रतिष्ठा यांच्याशी संबंधित असते.
/root/f5-tts-marathi/datasets/syspin_marathi_female/extracted/IISc_SYSPIN_Data/IISc_SYSPINProject_Marathi_Female_Spk001_HC/wav/IISc_SYSPINProject_mr_f_HEAL_03057.wav|यात शून्यात बघत राहणे आणि एखाद्या अवयवाची अनपेक्षित हालचाल दिसून येते उदाहरण म्हणजे डोळे मिचकावत राहणे किंवा ओठ चावत राहणे
/root/f5-tts-marathi/datasets/syspin_marathi_female/extracted/IISc_SYSPIN_Data/IISc_SYSPINProject_Marathi_Female_Spk001_HC/wav/IISc_SYSPINProject_mr_f_AGRI_01490.wav|दुसरा उपाय म्हणजे रोठा सुपारी भांडंभर पाण्यात घालून ते पाणी पाव होईपर्यंत उकळून त्याचा काढा करावा.
/root/f5-tts-marathi/datasets/syspin_marathi_female/extracted/IISc_SYSPIN_Data/IISc_SYSPINProject_Marathi_Female_Spk001_HC/wav/IISc_SYSPINProject_mr_f_GENE_00575.wav|त्यांनी अनेक संगीत शाळा काढल्या आणि घराण्याच्या परंपरा व त्यांची वैशिष्ट्ये जपून ठेवली.
/root/f5-tts-marathi/datasets/syspin_marathi_female/extracted/IISc_SYSPIN_Data/IISc_SYSPINProject_Marathi_Female_Spk001_HC/wav/IISc_SYSPINProject_mr_f_WEAT_00883.wav|मात्र हा सिनेमा चित्रित होत होता तेव्हा सलमान आणि आमिर खानमध्ये हेल्दी वातावरण नसल्याचं स्पष्ट झालं होतं.
/root/f5-tts-marathi/datasets/syspin_marathi_female/extracted/IISc_SYSPIN_Data/IISc_SYSPINProject_Marathi_Female_Spk001_HC/wav/IISc_SYSPINProject_mr_f_AGRI_02168.wav|सलामीच्या कुस्तीनंतर 57सत्तावन्न, 61एकसष्ट, 65पासष्ट, 70सत्तर, 74चौऱ्याहत्तर, 86शहाऐंशी आणि 97सत्याण्णव किलो गटातील माती आणि गादी मेट प्रकारातील कुस्त्या रंगल्या.
/root/f5-tts-marathi/datasets/syspin_marathi_female/extracted/IISc_SYSPIN_Data/IISc_SYSPINProject_Marathi_Female_Spk001_HC/wav/IISc_SYSPINProject_mr_f_WEAT_04314.wav|तसंच काहीसं माझ्या डोळ्यात होतं, नि:शब्द. आता अक्षय माझा क्रश नाही तर आयडॉल आहे.
/root/f5-tts-marathi/datasets/syspin_marathi_female/extracted/IISc_SYSPIN_Data/IISc_SYSPINProject_Marathi_Female_Spk001_HC/wav/IISc_SYSPINProject_mr_f_FINA_02462.wav|व्याज दर कमी केले व उपभोग वाढला तर आयात वाढणार. देशातून निर्यात वाढली नाही व आयातच वाढली तर रुपयाचे अवमूल्यन होणारच.
/root/f5-tts-marathi/datasets/syspin_marathi_female/extracted/IISc_SYSPIN_Data/IISc_SYSPINProject_Marathi_Female_Spk001_HC/wav/IISc_SYSPINProject_mr_f_BOOK_04526.wav|या सर्वप्रक्रियांच्या कार्यासाठीही ऊर्जेची गरज भासतेच.आपण आणि इतर प्राणी फळेआणि भाजीपाला सेवन करतो.
/root/f5-tts-marathi/datasets/syspin_marathi_female/extracted/IISc_SYSPIN_Data/IISc_SYSPINProject_Marathi_Female_Spk001_HC/wav/IISc_SYSPINProject_mr_f_BOOK_01954.wav|द्वीपकल्पाच्या पूर्वेकडे व पश्चिमेकडेही किनारपट्टी आहे.
/root/f5-tts-marathi/datasets/syspin_marathi_female/extracted/IISc_SYSPIN_Data/IISc_SYSPINProject_Marathi_Female_Spk001_HC/wav/IISc_SYSPINProject_mr_f_OTHE_01036.wav|नाशिक जिल्ह्याच्या सिन्नर तालुक्यातील पांगरी बुद्रूक या छोट्याशा खेडेगावात राहणाऱ्या ब्रह्मगिरी रत्नपारखी नामक सद्गृहस्थाच्या तीन मुलांपैकी असलेले रामचंद्र धार्मिक वृत्तीचे होते.
/root/f5-tts-marathi/datasets/syspin_marathi_female/extracted/IISc_SYSPIN_Data/IISc_SYSPINProject_Marathi_Female_Spk001_HC/wav/IISc_SYSPINProject_mr_f_WEAT_00428.wav|जळगाव, धुळे आणि नाशिक येथे अहिराणी, पूर्व खान्देशात खान्देशी, विदर्भात वऱ्हाडी किंवा वैदर्भी, कोकण आणि गोव्यात कोंकणी भाषा बोलली जाते.
/root/f5-tts-marathi/datasets/syspin_marathi_female/extracted/IISc_SYSPIN_Data/IISc_SYSPINProject_Marathi_Female_Spk001_HC/wav/IISc_SYSPINProject_mr_f_BOOK_02891.wav|आशिया-आफ्रिका खंडांतील देशांमध्ये सोने, हिरे, चांदी, कोळसा यांचे नैसर्गिक साठे मोठ्या प्रमाणावर होते.
/root/f5-tts-marathi/datasets/syspin_marathi_female/extracted/IISc_SYSPIN_Data/IISc_SYSPINProject_Marathi_Female_Spk001_HC/wav/IISc_SYSPINProject_mr_f_FINA_01711.wav|तेजस विदेशी वस्तू चढ्या भावाने भारतात आणून खोटी बिलं सादर करून भारताचा महसूल बुडवायचा.
/root/f5-tts-marathi/datasets/syspin_marathi_female/extracted/IISc_SYSPIN_Data/IISc_SYSPINProject_Marathi_Female_Spk001_HC/wav/IISc_SYSPINProject_mr_f_BOOK_01199.wav|त्यामुळे श्रीचक्रधरस्वामींच्या चरित्रलेखनासाठी हा उत्तम संदर्भग्रंथ आहे.
/root/f5-tts-marathi/datasets/syspin_marathi_female/extracted/IISc_SYSPIN_Data/IISc_SYSPINProject_Marathi_Female_Spk001_HC/wav/IISc_SYSPINProject_mr_f_WEAT_00518.wav|तसेच मुंबई हायकोर्टाने यापूर्वीच 9नऊ आरोपींपैकी सुधा भारद्वाज आणि अरुण फेरेरा यांच्या जामीन याचिका फेटाळल्या आहेत
/root/f5-tts-marathi/datasets/syspin_marathi_female/extracted/IISc_SYSPIN_Data/IISc_SYSPINProject_Marathi_Female_Spk001_HC/wav/IISc_SYSPINProject_mr_f_WEAT_01144.wav|चांगले विरुद्ध वाईट अशी ही कथा आहे डिटेक्टिव्ह ब्योमकेश बक्षी चित्रपटाची.
/root/f5-tts-marathi/datasets/syspin_marathi_female/extracted/IISc_SYSPIN_Data/IISc_SYSPINProject_Marathi_Female_Spk001_HC/wav/IISc_SYSPINProject_mr_f_AGRI_02560.wav|खत मुळांच्या सान्निध्यात दिले जाते, त्यामुळे ते पिकास त्वरित उपलब्ध होते.
/root/f5-tts-marathi/datasets/syspin_marathi_female/extracted/IISc_SYSPIN_Data/IISc_SYSPINProject_Marathi_Female_Spk001_HC/wav/IISc_SYSPINProject_mr_f_HEAL_01665.wav|काही रुग्णांना पायाला झालेल्या जखमा मुळे किंवा अन्य माध्यमातून विष्ठेतील विषाणू माणसाच्या शरीरात जातात आणि त्या माणसाला लेप्टोचा संसर्ग होतो
/root/f5-tts-marathi/datasets/syspin_marathi_female/extracted/IISc_SYSPIN_Data/IISc_SYSPINProject_Marathi_Female_Spk001_HC/wav/IISc_SYSPINProject_mr_f_FINA_01722.wav|चोक्सीही प्राप्तिकर विभागाच्या रडारवर होता, मग हे सारे बंका लुटून पळून कसे जातात?
/root/f5-tts-marathi/datasets/syspin_marathi_female/extracted/IISc_SYSPIN_Data/IISc_SYSPINProject_Marathi_Female_Spk001_HC/wav/IISc_SYSPINProject_mr_f_BOOK_04675.wav|फुलामध्ये बाहेरून आत या क्रमाने एकूण चार मंडले असतात- निदलपुंज, दलपुंज, पुमंग आणि जायांग.
/root/f5-tts-marathi/datasets/syspin_marathi_female/extracted/IISc_SYSPIN_Data/IISc_SYSPINProject_Marathi_Female_Spk001_HC/wav/IISc_SYSPINProject_mr_f_HEAL_04330.wav|काही वेळा बृहदांत्र विपुटीमधून मोठ्या आतड्यास छिद्र पडते आणि उदरपोकळीत पू आणि विष्ठा पसरते. याला पर्युदरशोथ असे म्हणतात.
/root/f5-tts-marathi/datasets/syspin_marathi_female/extracted/IISc_SYSPIN_Data/IISc_SYSPINProject_Marathi_Female_Spk001_HC/wav/IISc_SYSPINProject_mr_f_BOOK_05342.wav|अनेक सौरपेनेल एकसर पद्धतीने जोडून स्ट्रिंग बनते आणि अनेक स्ट्रिंग समांतर पद्धतीने जोडून सौर-अेरे बनतात.
/root/f5-tts-marathi/datasets/syspin_marathi_female/extracted/IISc_SYSPIN_Data/IISc_SYSPINProject_Marathi_Female_Spk001_HC/wav/IISc_SYSPINProject_mr_f_HEAL_02471.wav|वरील चुकीच्या वर्तनामुळे रुग्णाला त्याचे दैनंदिन व्यवहार करायला कितपत अडचण येत आहे यावर त्याचे उपचार ठरतात
/root/f5-tts-marathi/datasets/syspin_marathi_female/extracted/IISc_SYSPIN_Data/IISc_SYSPINProject_Marathi_Female_Spk001_HC/wav/IISc_SYSPINProject_mr_f_EDUC_00300.wav|वेळोवेळी तिने कितीतरी रेखाटणे केली. आफ्रिकेतील माणसे, लोकजीवन, निसर्गदृश्ये, एल्सा, वन्यप्राणी हे तिचे चित्रांचे विषय होते.
/root/f5-tts-marathi/datasets/syspin_marathi_female/extracted/IISc_SYSPIN_Data/IISc_SYSPINProject_Marathi_Female_Spk001_HC/wav/IISc_SYSPINProject_mr_f_BOOK_05390.wav|कंपासमधील प्लास्टिकची पट्टी प्रकाशात डोळ्यासमोर धरून हळूहळू तिरकी करून पहा.
/root/f5-tts-marathi/datasets/syspin_marathi_female/extracted/IISc_SYSPIN_Data/IISc_SYSPINProject_Marathi_Female_Spk001_HC/wav/IISc_SYSPINProject_mr_f_OTHE_04130.wav|ही वरची घटना असत्य आहे असाच 1एक किस्सा पाकिस्तानी सैन्य आणि टाटांची वाहनं यांबद्दल सांगितला जातो या किश्श्यांमध्ये अजिबात तथ्यांश नाही
/root/f5-tts-marathi/datasets/syspin_marathi_female/extracted/IISc_SYSPIN_Data/IISc_SYSPINProject_Marathi_Female_Spk001_HC/wav/IISc_SYSPINProject_mr_f_BOOK_00540.wav|लोकशिक्षण हा संत एकनाथांचा भारुडे रचण्याचा उद्देश होता.
/root/f5-tts-marathi/datasets/syspin_marathi_female/extracted/IISc_SYSPIN_Data/IISc_SYSPINProject_Marathi_Female_Spk001_HC/wav/IISc_SYSPINProject_mr_f_WEAT_02407.wav|तर दुसरीकडं कोकणातल्या हापूसच्या पेटीत कानडी हापूस घुसडून चढ्या दरानं विकण्याचा गोरख धंदाही विक्रेत्यांनी सुरू केल्याचं बोललं जातंय.
/root/f5-tts-marathi/datasets/syspin_marathi_female/extracted/IISc_SYSPIN_Data/IISc_SYSPINProject_Marathi_Female_Spk001_HC/wav/IISc_SYSPINProject_mr_f_EDUC_02506.wav|मीदेखील कॉलेजच्या केण्टीनमध्ये म्हणालो, मी आता पारतंत्र्यात नाही, मी इंग्रजीचं जोखड मानेवर घेणार नाही.
/root/f5-tts-marathi/datasets/syspin_marathi_female/extracted/IISc_SYSPIN_Data/IISc_SYSPINProject_Marathi_Female_Spk001_HC/wav/IISc_SYSPINProject_mr_f_FINA_00855.wav|दरवर्षी करोडो रुपयांच्या फाटलेल्या किंवा मळकट नोटा रिझर्व्ह बंक ओफ इंडियाला रिप्लेस कराव्या लागतात.
/root/f5-tts-marathi/datasets/syspin_marathi_female/extracted/IISc_SYSPIN_Data/IISc_SYSPINProject_Marathi_Female_Spk001_HC/wav/IISc_SYSPINProject_mr_f_WEAT_03226.wav|जिनपिंग यांच्या पूर्वीचे नेते, हू जिंताओ व जियांग झेमिन यांच्या विचारांचा पक्षाच्या घटनेत समावेश केला गेला आहे.
/root/f5-tts-marathi/datasets/syspin_marathi_female/extracted/IISc_SYSPIN_Data/IISc_SYSPINProject_Marathi_Female_Spk001_HC/wav/IISc_SYSPINProject_mr_f_WEAT_03720.wav|कपिल शर्मा शोमध्ये खेसारी लाल यादवनं बिहारचा मशहूर लौंडा डान्सदेखील करून दाखवला.
/root/f5-tts-marathi/datasets/syspin_marathi_female/extracted/IISc_SYSPIN_Data/IISc_SYSPINProject_Marathi_Female_Spk001_HC/wav/IISc_SYSPINProject_mr_f_BOOK_02110.wav|तटबंदीमुळे पुन्हा प्रतिरोध पाऊस पडतो.
/root/f5-tts-marathi/datasets/syspin_marathi_female/extracted/IISc_SYSPIN_Data/IISc_SYSPINProject_Marathi_Female_Spk001_HC/wav/IISc_SYSPINProject_mr_f_WEAT_03817.wav|अवघ्या 10दहा मिनीटात सुसाट वेगाने जात निर्भया पथकाने दोघांच्या मुस्क्या आवळत त्यांना दणका दिला.
/root/f5-tts-marathi/datasets/syspin_marathi_female/extracted/IISc_SYSPIN_Data/IISc_SYSPINProject_Marathi_Female_Spk001_HC/wav/IISc_SYSPINProject_mr_f_HEAL_02058.wav|याखेरीज महत्वाचा मुद्दा असा की वाद्य वाजवताना मेंदू आणि हात या दोन्हीमध्ये समन्वय राहतो
/root/f5-tts-marathi/datasets/syspin_marathi_female/extracted/IISc_SYSPIN_Data/IISc_SYSPINProject_Marathi_Female_Spk001_HC/wav/IISc_SYSPINProject_mr_f_BOOK_02397.wav|तसेच अतिरेक्यांनी अनेक शाळांना आग लावून त्या नष्ट केल्याचीही उदाहरणेआहेत.
/root/f5-tts-marathi/datasets/syspin_marathi_female/extracted/IISc_SYSPIN_Data/IISc_SYSPINProject_Marathi_Female_Spk001_HC/wav/IISc_SYSPINProject_mr_f_AGRI_03477.wav|शेतात एकाच वेळी दोन किंवा अधिक प्रकारची पिके घेतली पाहिजेत. अशाने अस्मानी संकटाच्या वेळी जास्त नुकसान होत नाही.
/root/f5-tts-marathi/datasets/syspin_marathi_female/extracted/IISc_SYSPIN_Data/IISc_SYSPINProject_Marathi_Female_Spk001_HC/wav/IISc_SYSPINProject_mr_f_EDUC_00825.wav|ज्यावेळी वर्ल्ड वाइड वेबची सुरुवात होती, तेव्हा या दोन विद्यार्थ्यांनी एक अशी सिस्टीम तयार केली , जी संपूर्ण जगाची माहिती सर्वांसाठी उपलब्ध करेल.
/root/f5-tts-marathi/datasets/syspin_marathi_female/extracted/IISc_SYSPIN_Data/IISc_SYSPINProject_Marathi_Female_Spk001_HC/wav/IISc_SYSPINProject_mr_f_POLI_01443.wav|सोलापूर शहरासाठी माजी महापौर संजय हेमगड्डी आणि अरुण शर्मा , तर जिल्ह्यासाठी अश्पाक बळोरगी व शिवलिंग सुकळे हे कार्याध्यक्ष म्हणून काम पाहणार आहेत.
/root/f5-tts-marathi/datasets/syspin_marathi_female/extracted/IISc_SYSPIN_Data/IISc_SYSPINProject_Marathi_Female_Spk001_HC/wav/IISc_SYSPINProject_mr_f_POLI_00455.wav|किशोर चौधरी यांची बेछूट गोळीबार करून हत्या करणाऱ्या भोईर कुटुंबीयांनी चौधरी यांचा कामगार महिमदास विल्सन यांचीसुद्धा निर्घृण हत्या केली आहे.
/root/f5-tts-marathi/datasets/syspin_marathi_female/extracted/IISc_SYSPIN_Data/IISc_SYSPINProject_Marathi_Female_Spk001_HC/wav/IISc_SYSPINProject_mr_f_WEAT_02931.wav|आपल्या अलौकीक कर्तृत्वाने आकाशाला गवसणी घालणारी अनेक व्यक्तीमत्वं रोह्याच्या मातीत जन्माला आली.
/root/f5-tts-marathi/datasets/syspin_marathi_female/extracted/IISc_SYSPIN_Data/IISc_SYSPINProject_Marathi_Female_Spk001_HC/wav/IISc_SYSPINProject_mr_f_FINA_01870.wav|रिझर्व्ह बंकेचे अधिकारी नोटाबंदीच्या काळापेक्षा बाजारात जास्त चलन उपलब्ध असल्याचे सांगून लोकांचा संभ्रम आणखी वाढवत होते.
/root/f5-tts-marathi/datasets/syspin_marathi_female/extracted/IISc_SYSPIN_Data/IISc_SYSPINProject_Marathi_Female_Spk001_HC/wav/IISc_SYSPINProject_mr_f_BOOK_04619.wav|या प्रजननात केवळ एका जनकापासूननवीन जीवाची निर्मिती गुणसूत्री विभाजनाने होते.
/root/f5-tts-marathi/datasets/syspin_marathi_female/extracted/IISc_SYSPIN_Data/IISc_SYSPINProject_Marathi_Female_Spk001_HC/wav/IISc_SYSPINProject_mr_f_BOOK_00972.wav|जेथे इतिहास घडला तेथे प्रत्यक्ष जाऊन इतिहास जाणून घेणे ही अनुभूती हेरिटेज वॉकमध्येयेते.
/root/f5-tts-marathi/datasets/syspin_marathi_female/extracted/IISc_SYSPIN_Data/IISc_SYSPINProject_Marathi_Female_Spk001_HC/wav/IISc_SYSPINProject_mr_f_HEAL_01984.wav|कमी खर्चात पटकन प्रतिसाद देणारी ही उपचार पद्धती परदेशात उपलब्ध असून भारतातही या उपचार पद्धतीवर अभ्यास होणे गरजेचे आहे
/root/f5-tts-marathi/datasets/syspin_marathi_female/extracted/IISc_SYSPIN_Data/IISc_SYSPINProject_Marathi_Female_Spk001_HC/wav/IISc_SYSPINProject_mr_f_FINA_02836.wav|सोप्या शब्दांत, जर करदात्यांना हवे असेल तर ते जुने कर दर आणि नवीन कर दर यांच्या दरम्यान निवड करू शकतात.
/root/f5-tts-marathi/datasets/syspin_marathi_female/extracted/IISc_SYSPIN_Data/IISc_SYSPINProject_Marathi_Female_Spk001_HC/wav/IISc_SYSPINProject_mr_f_BOOK_02897.wav|आफ्रिका आणि आशिया खंडातील जनतेला सुसंस्कृत करण्याची जबाबदारी आपणावर आहे, अशी भूमिका युरोपीय वसाहतवाद्यांनी घेतली.
/root/f5-tts-marathi/datasets/syspin_marathi_female/extracted/IISc_SYSPIN_Data/IISc_SYSPINProject_Marathi_Female_Spk001_HC/wav/IISc_SYSPINProject_mr_f_OTHE_03761.wav|बदललेल्या फोटोवर मिसाइल दिसत होती आणि त्यावर सांकेतिक रूपात 'अयिल्दिज तिम' असंही लिहिलं होतं
/root/f5-tts-marathi/datasets/syspin_marathi_female/extracted/IISc_SYSPIN_Data/IISc_SYSPINProject_Marathi_Female_Spk001_HC/wav/IISc_SYSPINProject_mr_f_OTHE_02467.wav|अलॉय फ्रेम, आकर्षक रंगसंगत, रेपीड शिफ्टर यामुळे या बजेटमध्ये हा चांगला पर्याय आहे.
/root/f5-tts-marathi/datasets/syspin_marathi_female/extracted/IISc_SYSPIN_Data/IISc_SYSPINProject_Marathi_Female_Spk001_HC/wav/IISc_SYSPINProject_mr_f_WEAT_01894.wav|पैशाची वारेमाप उधळण, साऊंड सिस्टीम्सचा दणदणाट, व्यसनी तरुणांचा हुर्या यासह विविध गोष्टींमुळे प्रबोधनाचा असणारा उत्सव केवळ काही लोकांमुळे बदनाम झाला.
/root/f5-tts-marathi/datasets/syspin_marathi_female/extracted/IISc_SYSPIN_Data/IISc_SYSPINProject_Marathi_Female_Spk001_HC/wav/IISc_SYSPINProject_mr_f_WEAT_03256.wav|नद्यांच्या खोऱ्यातील गुरुत्वीय क्षेत्रातील सूक्ष्म बदलांची उपग्रहाने टिपलेल्या माहितीच्या आधारे ही पूर्वसूचना देणं शक्य होऊ शकेल, असं शास्त्रज्ञांचं म्हणणं आहे.
/root/f5-tts-marathi/datasets/syspin_marathi_female/extracted/IISc_SYSPIN_Data/IISc_SYSPINProject_Marathi_Female_Spk001_HC/wav/IISc_SYSPINProject_mr_f_BOOK_04859.wav|वरील अभिक्रियांमध्ये प्रत्येकी किती उत्पादिते तयार होतात?
/root/f5-tts-marathi/datasets/syspin_marathi_female/extracted/IISc_SYSPIN_Data/IISc_SYSPINProject_Marathi_Female_Spk001_HC/wav/IISc_SYSPINProject_mr_f_WEAT_02652.wav|वर्डप्रेस टेक्निकली ब्लॉगरपेक्षा जास्त चांगलं आहे. फक्त बाहेरच्या थिम्स अलाऊड नाहीत तिथे.
/root/f5-tts-marathi/datasets/syspin_marathi_female/extracted/IISc_SYSPIN_Data/IISc_SYSPINProject_Marathi_Female_Spk001_HC/wav/IISc_SYSPINProject_mr_f_FINA_03278.wav|ते जर एखाद्या कर्जदाराला परवडले नाही तर तो आपले कर्ज दुसर्या सोयीच्या बंकेत शिफ्ट करू शकतो.
/root/f5-tts-marathi/datasets/syspin_marathi_female/extracted/IISc_SYSPIN_Data/IISc_SYSPINProject_Marathi_Female_Spk001_HC/wav/IISc_SYSPINProject_mr_f_EVAL_00166.wav|शाळा बंद असल्याने फार नव्हती, बऱ्यापैकी मोकळा होता रस्ता.
/root/f5-tts-marathi/datasets/syspin_marathi_female/extracted/IISc_SYSPIN_Data/IISc_SYSPINProject_Marathi_Female_Spk001_HC/wav/IISc_SYSPINProject_mr_f_AGRI_03775.wav|घड बाहेर पडण्याचा मार्ग आकसला जाऊन घड सामान्यपणे बाहेर पडण्यास अडथळा निर्माण होतो. या विकृतीस 'घड अडकणे' असे म्हणतात.
/root/f5-tts-marathi/datasets/syspin_marathi_female/extracted/IISc_SYSPIN_Data/IISc_SYSPINProject_Marathi_Female_Spk001_HC/wav/IISc_SYSPINProject_mr_f_EVAL_00027.wav|तुझी छत्री आणायला विसरू नकोस. पाऊस पडतोय इथे.
/root/f5-tts-marathi/datasets/syspin_marathi_female/extracted/IISc_SYSPIN_Data/IISc_SYSPINProject_Marathi_Female_Spk001_HC/wav/IISc_SYSPINProject_mr_f_AGRI_03206.wav|या सर्वाचा विचार करता शेतकर्यांनी शाश्वत उत्पन्नासाठी वरकस जमिनींवर काजू पिकाची मोठ्या प्रमाणात लागवड करावी.
/root/f5-tts-marathi/datasets/syspin_marathi_female/extracted/IISc_SYSPIN_Data/IISc_SYSPINProject_Marathi_Female_Spk001_HC/wav/IISc_SYSPINProject_mr_f_BOOK_00185.wav|परंतु त्यापूर्वीच भारतामध्ये वंचितांच्या इतिहासाचा विचार महात्मा जोतीराव फुले आणि डॉक्टर बाबासाहेब आंबेडकर यांच्या लेखनातून मांडलेला दिसतो.
/root/f5-tts-marathi/datasets/syspin_marathi_female/extracted/IISc_SYSPIN_Data/IISc_SYSPINProject_Marathi_Female_Spk001_HC/wav/IISc_SYSPINProject_mr_f_EVAL_00164.wav|इतकं काही सोपं देणार नाहीत ते ओळखायला, ते वेगळे काही देतील.
/root/f5-tts-marathi/datasets/syspin_marathi_female/extracted/IISc_SYSPIN_Data/IISc_SYSPINProject_Marathi_Female_Spk001_HC/wav/IISc_SYSPINProject_mr_f_AGRI_01182.wav|मात्र तेवढया प्रमाणात बांबू उपलब्ध होत नसल्यामुळे इतर जिल्ह्यातून किंवा राज्यातून बांबूची आयात करावी लागते, असे कोल्हापूर व सांगलीतील बांबू खरेदी करणाऱ्या व्यापाऱ्यांनी सांगितले
/root/f5-tts-marathi/datasets/syspin_marathi_female/extracted/IISc_SYSPIN_Data/IISc_SYSPINProject_Marathi_Female_Spk001_HC/wav/IISc_SYSPINProject_mr_f_HEAL_00145.wav|तुम्हाला पुलंच्या भाषेत असं म्हणायचंय का की बेफिकीरांच्या स्वप्नात गामा पैलवान डास होऊन त्यांचे रक्त शोषित आहेत?
/root/f5-tts-marathi/datasets/syspin_marathi_female/extracted/IISc_SYSPIN_Data/IISc_SYSPINProject_Marathi_Female_Spk001_HC/wav/IISc_SYSPINProject_mr_f_EDUC_02299.wav|'गेम ओफ थ्रोन्स' या लोकप्रिय काल्पनिक मालिकेतील या कुटुंबाचा उदय आणि अस्त प्रीक्वलमध्ये दाखवण्यात येईल अशी चर्चा आहे.
/root/f5-tts-marathi/datasets/syspin_marathi_female/extracted/IISc_SYSPIN_Data/IISc_SYSPINProject_Marathi_Female_Spk001_HC/wav/IISc_SYSPINProject_mr_f_OTHE_03672.wav|सुप्रिम मोशन पिक्चर्स प्रायव्हेट लिमिटेडच्या बेनरखाली लालासाहेब शिंदे आणि राजेंद्र शिंदे निर्मित 'बॉईज' या चित्रपटात ती आयटम सांगवर डान्स करताना दिसणार आहे
/root/f5-tts-marathi/datasets/syspin_marathi_female/extracted/IISc_SYSPIN_Data/IISc_SYSPINProject_Marathi_Female_Spk001_HC/wav/IISc_SYSPINProject_mr_f_HEAL_03061.wav|बेटरीवर चालणारा हा पेसमेकर उर्वरित बेटरी जेवढी शिल्लक असेल तितका चालतो
/root/f5-tts-marathi/datasets/syspin_marathi_female/extracted/IISc_SYSPIN_Data/IISc_SYSPINProject_Marathi_Female_Spk001_HC/wav/IISc_SYSPINProject_mr_f_WEAT_03658.wav|ही घटना बुधवारी दुपारी साडेबारा वाजण्याच्या दरम्यान मुळशी टॉवरमागील इमारतीत घडली.
/root/f5-tts-marathi/datasets/syspin_marathi_female/extracted/IISc_SYSPIN_Data/IISc_SYSPINProject_Marathi_Female_Spk001_HC/wav/IISc_SYSPINProject_mr_f_EDUC_02625.wav|मी लागलीच अर्ज केला व कळवले की माधवनेही जीवशास्त्रात सैद्धान्तिक संशोधन केले आहे.
/root/f5-tts-marathi/datasets/syspin_marathi_female/extracted/IISc_SYSPIN_Data/IISc_SYSPINProject_Marathi_Female_Spk001_HC/wav/IISc_SYSPINProject_mr_f_AGRI_02304.wav|उगवण विरळ झाली असल्यास त्याठिकाणी प्लास्टिक पिशवीत किंवा गादी वाफ्यावर वाढवलेली समवयस्क रोपे वापरून नांग्या भरून घ्याव्यात त्यानंतर त्वरित हलके पाणी द्यावे.
/root/f5-tts-marathi/datasets/syspin_marathi_female/extracted/IISc_SYSPIN_Data/IISc_SYSPINProject_Marathi_Female_Spk001_HC/wav/IISc_SYSPINProject_mr_f_BOOK_05557.wav|आयनिक संयुगांची जलीय द्रावणे विद्युतवाहक असतात कारण पाण्यातील द्रावणात विचरण झालेले आयन असतात.
/root/f5-tts-marathi/datasets/syspin_marathi_female/extracted/IISc_SYSPIN_Data/IISc_SYSPINProject_Marathi_Female_Spk001_HC/wav/IISc_SYSPINProject_mr_f_EDUC_02594.wav|या फोटोजवर तिची चांगली मैत्रीण आणि हॉलिवूड अभिनेत्री ओक्टाविया स्पेंसरने कमेंट करून लिहिले, 'स्टनिंग ममासिटा' इंग्रजीमध्ये याचा अर्थ होतो हॉट मॉम.
/root/f5-tts-marathi/datasets/syspin_marathi_female/extracted/IISc_SYSPIN_Data/IISc_SYSPINProject_Marathi_Female_Spk001_HC/wav/IISc_SYSPINProject_mr_f_BOOK_02837.wav|नाविक सामर्थ्याच्या जोरावर हा कच्चा माल प्रक्रिया करून पुन्हा पक्क्या मालाच्या रूपात इंग्रजांच्या ताब्यात असलेल्या वसाहतींमध्ये विक्रीसाठी पाठवता येऊ लागला.
/root/f5-tts-marathi/datasets/syspin_marathi_female/extracted/IISc_SYSPIN_Data/IISc_SYSPINProject_Marathi_Female_Spk001_HC/wav/IISc_SYSPINProject_mr_f_HEAL_03540.wav|"""सर्व साधनांचा आणि पुराव्यांचा विचार करता हेच कळून येते की राजांचा मृत्यू हा अति थकव्यामुळे आजार होऊन झाला होता"""
/root/f5-tts-marathi/datasets/syspin_marathi_female/extracted/IISc_SYSPIN_Data/IISc_SYSPINProject_Marathi_Female_Spk001_HC/wav/IISc_SYSPINProject_mr_f_AGRI_03669.wav|कागदी लिंबू हे महत्त्वाचे लिंबूवर्गीय फळ असून महाराष्ट्रात या फळपिकाखाली 30,328तीस हजार तीनशे अठ्ठावीस हेक्टर क्षेत्र आहे.
/root/f5-tts-marathi/datasets/syspin_marathi_female/extracted/IISc_SYSPIN_Data/IISc_SYSPINProject_Marathi_Female_Spk001_HC/wav/IISc_SYSPINProject_mr_f_BOOK_03813.wav|एकोणिसाव्या शतकाच्या उत्तरार्धात औद्योगिक क्षेत्रांत नवनवे शोध लागत होते.
/root/f5-tts-marathi/datasets/syspin_marathi_female/extracted/IISc_SYSPIN_Data/IISc_SYSPINProject_Marathi_Female_Spk001_HC/wav/IISc_SYSPINProject_mr_f_WEAT_03738.wav|शेवटी जगात वावरताना व्हर्चुअल का असेना एक लेवल मेन्टेन असणं गरजेचं आहे.
/root/f5-tts-marathi/datasets/syspin_marathi_female/extracted/IISc_SYSPIN_Data/IISc_SYSPINProject_Marathi_Female_Spk001_HC/wav/IISc_SYSPINProject_mr_f_FINA_02433.wav|सर्व क्रेडिट आणि डेबिट कार्डांचा वापर हा अधिकाधिक ठिकाणी करण्याची गरज आहे.
/root/f5-tts-marathi/datasets/syspin_marathi_female/extracted/IISc_SYSPIN_Data/IISc_SYSPINProject_Marathi_Female_Spk001_HC/wav/IISc_SYSPINProject_mr_f_BOOK_05830.wav|या पद्धतीने पिकांच्या जास्त उत्पादन देणाऱ्या, रोगप्रतिकारक, क्षारता प्रतिकारक, तणनाशक प्रतिकारक, दुष्काळी तसेच थंडीच्या परिस्थितीतही तग धरू शकणाऱ्या पिकांच्या जाती निर्माण केल्या जातात.
/root/f5-tts-marathi/datasets/syspin_marathi_female/extracted/IISc_SYSPIN_Data/IISc_SYSPINProject_Marathi_Female_Spk001_HC/wav/IISc_SYSPINProject_mr_f_HEAL_01593.wav|एखाद्या आजारामुळे जेव्हा यकृताचा बहुतांशी म्हणजेच 75पंचाहत्तर ते 80ऐंशी टक्क्यांहून अधिक भाग खराब होऊन निकामी होतो तेव्हा त्याला शेवटच्या अवस्थेतील यकृत बिघाड म्हणतात
/root/f5-tts-marathi/datasets/syspin_marathi_female/extracted/IISc_SYSPIN_Data/IISc_SYSPINProject_Marathi_Female_Spk001_HC/wav/IISc_SYSPINProject_mr_f_OTHE_03760.wav|तो आवाज ऐकताच योगेश हडबडून बेडरूमच्या बाहेर आला तेव्हा त्याच्या अंगावर फक्त टॉवेल होता
/root/f5-tts-marathi/datasets/syspin_marathi_female/extracted/IISc_SYSPIN_Data/IISc_SYSPINProject_Marathi_Female_Spk001_HC/wav/IISc_SYSPINProject_mr_f_EDUC_01873.wav|येथे फ्रेन्कीचे विविध प्रकार, पावभाजी, मन्चुरिअन राईस, सेण्डविच यांसारख्या फास्टफूडची चव नक्कीच चाखायला मिळेल
/root/f5-tts-marathi/datasets/syspin_marathi_female/extracted/IISc_SYSPIN_Data/IISc_SYSPINProject_Marathi_Female_Spk001_HC/wav/IISc_SYSPINProject_mr_f_GENE_02601.wav|जेव्हा असे तडे गेले असतील, तर ते वॉटर प्रुफिंगचे कंपाऊंड आणि पांढरे सिमेंट यांची एकत्रित पेस्ट करून तेवढे तडे भरावेत.
/root/f5-tts-marathi/datasets/syspin_marathi_female/extracted/IISc_SYSPIN_Data/IISc_SYSPINProject_Marathi_Female_Spk001_HC/wav/IISc_SYSPINProject_mr_f_BOOK_04676.wav|यांपैकी पुमंग आणि जायांग हे प्रजननाचे काम करतात म्हणून यांना 'आवश्यक मंडले' म्हणतात
/root/f5-tts-marathi/datasets/syspin_marathi_female/extracted/IISc_SYSPIN_Data/IISc_SYSPINProject_Marathi_Female_Spk001_HC/wav/IISc_SYSPINProject_mr_f_OTHE_03677.wav|रविंद्रनाथ टागोरांच्या खालील वाक्याची दुहाई देणारे ओवेसी एकटे नव्हेत. खालील वाक्य अनेक मान्यवरांनी कोट केले आहे
/root/f5-tts-marathi/datasets/syspin_marathi_female/extracted/IISc_SYSPIN_Data/IISc_SYSPINProject_Marathi_Female_Spk001_HC/wav/IISc_SYSPINProject_mr_f_GENE_01327.wav|पहाटे साडेचार वाजता दक्षिण मुंबईतील कोठारी मेन्शन ही चार मजली इमारत या आगीत संपूर्ण जळाली.
/root/f5-tts-marathi/datasets/syspin_marathi_female/extracted/IISc_SYSPIN_Data/IISc_SYSPINProject_Marathi_Female_Spk001_HC/wav/IISc_SYSPINProject_mr_f_OTHE_02390.wav|रीमा काग्ती हिच्या या चित्रपटाचा स्क्रिनप्ले मजबूत आहे आणि मुख्य कलाकारांनी खूपच सशक्त अभिनय केला आहे.
/root/f5-tts-marathi/datasets/syspin_marathi_female/extracted/IISc_SYSPIN_Data/IISc_SYSPINProject_Marathi_Female_Spk001_HC/wav/IISc_SYSPINProject_mr_f_BOOK_04964.wav|चुंबकत्व आणि चुंबकीय क्षेत्राचा अभ्यास तुम्ही मागील इयत्तेमध्ये केला. लोखंडाचा कीस चुंबकीय बलरेषांना धरून पसरलेला दिसतो.
/root/f5-tts-marathi/datasets/syspin_marathi_female/extracted/IISc_SYSPIN_Data/IISc_SYSPINProject_Marathi_Female_Spk001_HC/wav/IISc_SYSPINProject_mr_f_HEAL_04247.wav|प्रसूतीनंतर कमकुवत स्नायूंची ताकद वाढवणे व शरीराची ठेवण पूर्ववत करणे महत्त्वाचे असते.
/root/f5-tts-marathi/datasets/syspin_marathi_female/extracted/IISc_SYSPIN_Data/IISc_SYSPINProject_Marathi_Female_Spk001_HC/wav/IISc_SYSPINProject_mr_f_EDUC_00296.wav|पेरूमधील पत्रकाराने लाईव्ह रिपोर्टींग सोडून एका कुत्र्याचा जीव वाचवला आहे.
/root/f5-tts-marathi/datasets/syspin_marathi_female/extracted/IISc_SYSPIN_Data/IISc_SYSPINProject_Marathi_Female_Spk001_HC/wav/IISc_SYSPINProject_mr_f_OTHE_00992.wav|खरबुजे, कलंगडी, द्राक्षे, नारळ, वस्त्रे, पात्रे, गावे, भिक्षा, कर्ज, व्याज ह्यांची मागणी ह्या 600सहाशे पत्रांतून केलेली आहे.
/root/f5-tts-marathi/datasets/syspin_marathi_female/extracted/IISc_SYSPIN_Data/IISc_SYSPINProject_Marathi_Female_Spk001_HC/wav/IISc_SYSPINProject_mr_f_HEAL_00240.wav|साध्या गोळ्या, कोटेड गोळ्या, केप्स्युल्स, पातळ औषधे, सिरप्स, इंजेक्शन्स हे झाले त्या मुळ औषधाचे वेगवेगळे डोसेज् फॉर्म्स.
/root/f5-tts-marathi/datasets/syspin_marathi_female/extracted/IISc_SYSPIN_Data/IISc_SYSPINProject_Marathi_Female_Spk001_HC/wav/IISc_SYSPINProject_mr_f_OTHE_03997.wav|यात गुरेझ, बंदिपोरा, सोनावरी, नोबरा, लेह, कारगील, झांस्कर, सुरनकोट, मंधर, आणि पुंछ हवेली या दहा जागांचा समावेश आहे
/root/f5-tts-marathi/datasets/syspin_marathi_female/extracted/IISc_SYSPIN_Data/IISc_SYSPINProject_Marathi_Female_Spk001_HC/wav/IISc_SYSPINProject_mr_f_AGRI_03617.wav|पाणी उपसा करणारी केंद्रे, विस्कळीत झालेला विद्युत पुरवठा आणि पावसाने उघडीप दिल्याने शहरात पाणी टंचाई जाणवली.
/root/f5-tts-marathi/datasets/syspin_marathi_female/extracted/IISc_SYSPIN_Data/IISc_SYSPINProject_Marathi_Female_Spk001_HC/wav/IISc_SYSPINProject_mr_f_WEAT_04181.wav|अनुभवी स्ट्रायकर मिरोस्लाव क्लोसा आणि फॉरवर्ड लुका पोडोल्स्कीसह मेसुट ओझिल, थॉमस म्युलरवर जर्मनीची सर्वाधिक भिस्त आहे.
/root/f5-tts-marathi/datasets/syspin_marathi_female/extracted/IISc_SYSPIN_Data/IISc_SYSPINProject_Marathi_Female_Spk001_HC/wav/IISc_SYSPINProject_mr_f_BOOK_04847.wav|अशा प्रकारे पायरी पायरीने एकेका मूलद्रव्याच्या अणुसंख्येचे संतुलन करण्यासाठी योग्य त्या अभिकारक किंवा उत्पादिताला योग्य तो सहगुणक लावून, असंतुलित रासायनिक समीकरणापासून संतुलित समीकरण मिळवतात.
/root/f5-tts-marathi/datasets/syspin_marathi_female/extracted/IISc_SYSPIN_Data/IISc_SYSPINProject_Marathi_Female_Spk001_HC/wav/IISc_SYSPINProject_mr_f_HEAL_00585.wav|सर्दी, खोकला यासह स्वाईन फ्ल्यूची लक्षणे दिसू लागल्याने त्यांचा स्वेबही पुणे येथे पाठवला
/root/f5-tts-marathi/datasets/syspin_marathi_female/extracted/IISc_SYSPIN_Data/IISc_SYSPINProject_Marathi_Female_Spk001_HC/wav/IISc_SYSPINProject_mr_f_BOOK_00399.wav|त्यामुळे त्या भिंती आणि त्यावरील शिल्पेयांच्यावर छायाप्रकाशाचा सुंदर परिणाम पाहण्यास मिळतो.
/root/f5-tts-marathi/datasets/syspin_marathi_female/extracted/IISc_SYSPIN_Data/IISc_SYSPINProject_Marathi_Female_Spk001_HC/wav/IISc_SYSPINProject_mr_f_HEAL_01434.wav|हायग्रेड कर्करोग म्हणजे यामध्ये कर्करोगाचे जंतू एका जागेवरून दुसर्या जागी लवकर पसरले जातात
/root/f5-tts-marathi/datasets/syspin_marathi_female/extracted/IISc_SYSPIN_Data/IISc_SYSPINProject_Marathi_Female_Spk001_HC/wav/IISc_SYSPINProject_mr_f_WEAT_03122.wav|दोन वर्षापूर्वी रिटायर झालेली गोल्डी आणि सोमवारी सेवानिवृत्ती घेतलेला मार्शल या जोडीने तर अनेक स्पर्धेतही बक्षीसे मिळवली होती.
/root/f5-tts-marathi/datasets/syspin_marathi_female/extracted/IISc_SYSPIN_Data/IISc_SYSPINProject_Marathi_Female_Spk001_HC/wav/IISc_SYSPINProject_mr_f_EVAL_00163.wav|संत्र्याच्या सरबतासारखंच वाटतंय ते. तो सहजच ओळखेल.
/root/f5-tts-marathi/datasets/syspin_marathi_female/extracted/IISc_SYSPIN_Data/IISc_SYSPINProject_Marathi_Female_Spk001_HC/wav/IISc_SYSPINProject_mr_f_BOOK_04866.wav|या परीक्षानळीला रबरी बुचाच्या सहाय्याने वाकडी काचनळी बसवून नळीचे दुसरे टोक दुसऱ्या परीक्षानळीत घेतलेल्या ताज्या चुन्याच्या निवळीत बुडवा.
/root/f5-tts-marathi/datasets/syspin_marathi_female/extracted/IISc_SYSPIN_Data/IISc_SYSPINProject_Marathi_Female_Spk001_HC/wav/IISc_SYSPINProject_mr_f_FINA_02245.wav|महसूल विभागातील प्रलंबित दावे मार्गी लावण्यासाठी राज्य शासनाने नवीन अतिरिक्त आयुक्तांचे पद निर्माण केले आहे.
/root/f5-tts-marathi/datasets/syspin_marathi_female/extracted/IISc_SYSPIN_Data/IISc_SYSPINProject_Marathi_Female_Spk001_HC/wav/IISc_SYSPINProject_mr_f_GENE_02522.wav|शूर आम्ही सरदार आणि मराठी पाऊल पडते पुढे या सारख्या चित्रपट गाण्यांनी अनेकांना स्फुरण दिलंय.
/root/f5-tts-marathi/datasets/syspin_marathi_female/extracted/IISc_SYSPIN_Data/IISc_SYSPINProject_Marathi_Female_Spk001_HC/wav/IISc_SYSPINProject_mr_f_HEAL_01798.wav|छातीची चिरफाड, रक्त देणे, टाके, व्हेंटिलेटर, रक्त पातळ करण्याची औषधी या सर्व गोष्टी टाळल्या गेल्या
/root/f5-tts-marathi/datasets/syspin_marathi_female/extracted/IISc_SYSPIN_Data/IISc_SYSPINProject_Marathi_Female_Spk001_HC/wav/IISc_SYSPINProject_mr_f_GENE_01925.wav|सेरापिज या इजिप्शियन देवावरून शंकराची कल्पना उचलली गेली असा एक विचारप्रवाह आहे. हा देव मुळात इजिप्तमधे स्थायिक झालेल्या ग्रीक लोकांनी निर्माण केला.
/root/f5-tts-marathi/datasets/syspin_marathi_female/extracted/IISc_SYSPIN_Data/IISc_SYSPINProject_Marathi_Female_Spk001_HC/wav/IISc_SYSPINProject_mr_f_WEAT_00112.wav|मर्चंट नेव्हीत हल्ली सरकारी किंवा खाजगी मार्गांनी लोक रिक्रूट होतात.
/root/f5-tts-marathi/datasets/syspin_marathi_female/extracted/IISc_SYSPIN_Data/IISc_SYSPINProject_Marathi_Female_Spk001_HC/wav/IISc_SYSPINProject_mr_f_EDUC_02950.wav|या बंदरांचा वाणिज्यिक ऐवजी चीनचा सैन्यतळ म्हणून वापर होण्याची शक्यता अधिक आहे.
/root/f5-tts-marathi/datasets/syspin_marathi_female/extracted/IISc_SYSPIN_Data/IISc_SYSPINProject_Marathi_Female_Spk001_HC/wav/IISc_SYSPINProject_mr_f_BOOK_04544.wav|विनॉक्सीश्वसनाचे ग्लुकोज-विघटन आणि किण्वन हे दोन टप्पे असतात.यातग्लुकोजचे अपूर्णविघटन होऊन कमी ऊर्जामिळते.
/root/f5-tts-marathi/datasets/syspin_marathi_female/extracted/IISc_SYSPIN_Data/IISc_SYSPINProject_Marathi_Female_Spk001_HC/wav/IISc_SYSPINProject_mr_f_BOOK_03918.wav|मालकिणीच्या पदराला धरून जाणेतिला भागच होते.
/root/f5-tts-marathi/datasets/syspin_marathi_female/extracted/IISc_SYSPIN_Data/IISc_SYSPINProject_Marathi_Female_Spk001_HC/wav/IISc_SYSPINProject_mr_f_HEAL_00638.wav|पेशंटला झोप येऊ नये म्हणून दिवसरात्र जागता पहारा असायचा, झोप आल्यावर विष चढते असा समज असल्याने दिवसा गप्पांत व रात्री पत्त्यांच्या खेळात फड जागायचा
/root/f5-tts-marathi/datasets/syspin_marathi_female/extracted/IISc_SYSPIN_Data/IISc_SYSPINProject_Marathi_Female_Spk001_HC/wav/IISc_SYSPINProject_mr_f_BOOK_03102.wav|पोर्तुगीज आरमारातील सैनिक पोर्तुगालहून भारतात पाठवले जात.
/root/f5-tts-marathi/datasets/syspin_marathi_female/extracted/IISc_SYSPIN_Data/IISc_SYSPINProject_Marathi_Female_Spk001_HC/wav/IISc_SYSPINProject_mr_f_BOOK_03420.wav|डॉ.बाबासाहेब आंबेडकरांनी स्वातंत्र्य, समता आणि बंधुता या तत्त्वांवर समाजउभारणी करण्याचे ठरवले.
/root/f5-tts-marathi/datasets/syspin_marathi_female/extracted/IISc_SYSPIN_Data/IISc_SYSPINProject_Marathi_Female_Spk001_HC/wav/IISc_SYSPINProject_mr_f_AGRI_04284.wav|सीताफळ झाडाच्या अवयवात हायड्रोसायनिक आम्ल असते. त्यामुळे या झाडाला वाळवी लागत नाही.
/root/f5-tts-marathi/datasets/syspin_marathi_female/extracted/IISc_SYSPIN_Data/IISc_SYSPINProject_Marathi_Female_Spk001_HC/wav/IISc_SYSPINProject_mr_f_HEAL_03811.wav|मेंदूची क्षमता वाढवणाऱ्या व्यायाम प्रकारांना मस्तिष्कव्यायाम असे म्हणतात. यांमुळे मेंदूचे आरोग्य राखण्यास मदत होते.
/root/f5-tts-marathi/datasets/syspin_marathi_female/extracted/IISc_SYSPIN_Data/IISc_SYSPINProject_Marathi_Female_Spk001_HC/wav/IISc_SYSPINProject_mr_f_WEAT_01053.wav|त्याचा फायदा दोन्ही घटकांना होणार असून 'एकमेका साह्य करू दोघांचीही उन्नती करू', असा नवा मंत्र रुढ झाला आहे.
/root/f5-tts-marathi/datasets/syspin_marathi_female/extracted/IISc_SYSPIN_Data/IISc_SYSPINProject_Marathi_Female_Spk001_HC/wav/IISc_SYSPINProject_mr_f_GENE_01831.wav|तर वॉटर प्रुफिंगचे कंपाऊंड व पांढरे सिमेंट यांची एकत्रित पेस्ट करून ती पेस्ट जोर देऊन तडे भरावेत.
/root/f5-tts-marathi/datasets/syspin_marathi_female/extracted/IISc_SYSPIN_Data/IISc_SYSPINProject_Marathi_Female_Spk001_HC/wav/IISc_SYSPINProject_mr_f_AGRI_01365.wav|या सप्ताहात मका, गहू व गवार बी यांचे भाव वाढले असून इतरांचे भाव कमी झाले आहेत.
/root/f5-tts-marathi/datasets/syspin_marathi_female/extracted/IISc_SYSPIN_Data/IISc_SYSPINProject_Marathi_Female_Spk001_HC/wav/IISc_SYSPINProject_mr_f_WEAT_00954.wav|राजस्थान, मध्य प्रदेश आणि छत्तीसगड या राज्यांमध्ये कांग्रेसची आगेकूच नक्कीच चांगली आहे.
/root/f5-tts-marathi/datasets/syspin_marathi_female/extracted/IISc_SYSPIN_Data/IISc_SYSPINProject_Marathi_Female_Spk001_HC/wav/IISc_SYSPINProject_mr_f_AGRI_01057.wav|माणगाव खोऱ्यात तीन हत्तींनी अक्षरशः धुमाकूळ घालून शेतकऱ्यांचे माड, केळी, बांबू यासह भाताची उडवी व घरातील भाताच्या पिशव्या बाहेर काढून नुकसान केले.
/root/f5-tts-marathi/datasets/syspin_marathi_female/extracted/IISc_SYSPIN_Data/IISc_SYSPINProject_Marathi_Female_Spk001_HC/wav/IISc_SYSPINProject_mr_f_HEAL_04216.wav|अन्नजन्य व जलजन्य घटक, कीटकजन्य, प्राणिजन्य, लैंगिक संबंध, हवा किंवा माती यांद्वारे रोगाची लागण होऊ शकते.
/root/f5-tts-marathi/datasets/syspin_marathi_female/extracted/IISc_SYSPIN_Data/IISc_SYSPINProject_Marathi_Female_Spk001_HC/wav/IISc_SYSPINProject_mr_f_WEAT_00867.wav|शिरशिंगे, झोळंबे, सरंबळ, असनिये, तुळस या भागातील डोंगर खचून लोकवस्तीला धोका निर्माण झाला आहे.
/root/f5-tts-marathi/datasets/syspin_marathi_female/extracted/IISc_SYSPIN_Data/IISc_SYSPINProject_Marathi_Female_Spk001_HC/wav/IISc_SYSPINProject_mr_f_HEAL_01719.wav|त्यामुळेच ओर्थोपेडिक डॉक्टरांच्या सल्ल्याने वेदना आणि सूज यांचा इलाज करावा, असं वरिष्ठ डॉक्टर सांगतात
/root/f5-tts-marathi/datasets/syspin_marathi_female/extracted/IISc_SYSPIN_Data/IISc_SYSPINProject_Marathi_Female_Spk001_HC/wav/IISc_SYSPINProject_mr_f_WEAT_01293.wav|त्यांना केरळ, आंध्रप्रदेश, तामिळनाडू, तेलंगणा, अंदमान निकोबारचा प्रभार देण्यात आला आहे.
/root/f5-tts-marathi/datasets/syspin_marathi_female/extracted/IISc_SYSPIN_Data/IISc_SYSPINProject_Marathi_Female_Spk001_HC/wav/IISc_SYSPINProject_mr_f_BOOK_00446.wav|त्यांनी भारतीय शास्त्रीय नृत्य आणि युरोपीय रंगभूमीवरील नृत्यनाट्य परंपरा यांचा मेळ साधला.
/root/f5-tts-marathi/datasets/syspin_marathi_female/extracted/IISc_SYSPIN_Data/IISc_SYSPINProject_Marathi_Female_Spk001_HC/wav/IISc_SYSPINProject_mr_f_BOOK_05726.wav|समस्यांचे योग्य वेळी व योग्य प्रमाणात निराकरण न झाल्यास सर्व सजीवांच्या पुढच्या पिढ्यांचेजीवन अवघड ठरेल.
/root/f5-tts-marathi/datasets/syspin_marathi_female/extracted/IISc_SYSPIN_Data/IISc_SYSPINProject_Marathi_Female_Spk001_HC/wav/IISc_SYSPINProject_mr_f_WEAT_03325.wav|यापूर्वी मॉरिशस, थायलंड, दक्षिण कोरिया, सिंगापूर, श्रीलंका, सौदी अरेबिया, इराण, युएई, बहारीन, मेक्सिको, उरुग्वे, ओस्ट्रेलिया देशांनीही एन्ड्सच्या वापरावर बंदी घातली आहे.
/root/f5-tts-marathi/datasets/syspin_marathi_female/extracted/IISc_SYSPIN_Data/IISc_SYSPINProject_Marathi_Female_Spk001_HC/wav/IISc_SYSPINProject_mr_f_BOOK_01820.wav|काही लोक एखाद्याच प्रश्नावर लक्ष केंद्रित करून त्या प्रश्नाचा पाठपुरावा करतात.
/root/f5-tts-marathi/datasets/syspin_marathi_female/extracted/IISc_SYSPIN_Data/IISc_SYSPINProject_Marathi_Female_Spk001_HC/wav/IISc_SYSPINProject_mr_f_EDUC_02863.wav|जिजाऊ मॉंसाहेब आणि छत्रपती शिवाजी महाराज यांच्या विचारांचे तेज, प्रेरणा पाठीशी राहू द्या.
/root/f5-tts-marathi/datasets/syspin_marathi_female/extracted/IISc_SYSPIN_Data/IISc_SYSPINProject_Marathi_Female_Spk001_HC/wav/IISc_SYSPINProject_mr_f_AGRI_03475.wav|तेव्हा यंदा ज्या मालाला जास्त भाव मिळाला आहे त्या पिकाच्या मागे सर्वांनीच न लागता सर्वच प्रकारची पिके संतुलित प्रमाणात घेतली पाहिजेत.
/root/f5-tts-marathi/datasets/syspin_marathi_female/extracted/IISc_SYSPIN_Data/IISc_SYSPINProject_Marathi_Female_Spk001_HC/wav/IISc_SYSPINProject_mr_f_BOOK_00702.wav|विविध विषयांवरील नाटके व नाट्यप्रकारांच्या आविष्कारांमुळे मराठी रंगभूमी समृद्ध झाली.
/root/f5-tts-marathi/datasets/syspin_marathi_female/extracted/IISc_SYSPIN_Data/IISc_SYSPINProject_Marathi_Female_Spk001_HC/wav/IISc_SYSPINProject_mr_f_GENE_02539.wav|नासा वैज्ञानिकांची अशी धारणा आहे की मंगळावर ज्या प्रकारची भूसंरचना अस्तित्वात आहे ती दख्खन खडकांच्या जवळ जाणारी आहे.
/root/f5-tts-marathi/datasets/syspin_marathi_female/extracted/IISc_SYSPIN_Data/IISc_SYSPINProject_Marathi_Female_Spk001_HC/wav/IISc_SYSPINProject_mr_f_HEAL_00636.wav|या मनाला नियंत्रणात ठेवण्यासाठी जसे मंत्र, व्यायाम आदी उपचार आहेत त्याचप्रमाणे चांगले विचार, सत्संग व औषधी उपचारही आहेत
/root/f5-tts-marathi/datasets/syspin_marathi_female/extracted/IISc_SYSPIN_Data/IISc_SYSPINProject_Marathi_Female_Spk001_HC/wav/IISc_SYSPINProject_mr_f_POLI_02750.wav|त्यामुळे, मला सांगावेसे वाटते की, कर्टनी वॉल्श हे माझे वडील नव्हेत
/root/f5-tts-marathi/datasets/syspin_marathi_female/extracted/IISc_SYSPIN_Data/IISc_SYSPINProject_Marathi_Female_Spk001_HC/wav/IISc_SYSPINProject_mr_f_AGRI_03686.wav|महाराष्ट्रात कागदी लिंबाची लागवड बियांपासून केली जाते. रंगपूर लिंबू ही खुंटावर डोळा भरून तयार केलेली कलमे लागवडीसाठी वापरण्यास योग्य असतात.
/root/f5-tts-marathi/datasets/syspin_marathi_female/extracted/IISc_SYSPIN_Data/IISc_SYSPINProject_Marathi_Female_Spk001_HC/wav/IISc_SYSPINProject_mr_f_OTHE_03246.wav|टोस्टर, ट्रीमर, हेअर ड्रायर, वेगवेगळे रेझर्स, मसाजर्स, बेल्ट्स, सोडा मेकर्स काय काय आपण घेऊन ठेवतो
/root/f5-tts-marathi/datasets/syspin_marathi_female/extracted/IISc_SYSPIN_Data/IISc_SYSPINProject_Marathi_Female_Spk001_HC/wav/IISc_SYSPINProject_mr_f_BOOK_01684.wav|त्यामुळे पक्षांमध्ये विचारसरणीवर आधारित फरक करणे अवघड झाले आहे.
/root/f5-tts-marathi/datasets/syspin_marathi_female/extracted/IISc_SYSPIN_Data/IISc_SYSPINProject_Marathi_Female_Spk001_HC/wav/IISc_SYSPINProject_mr_f_BOOK_03128.wav|प्रत्यक्ष वखारीत काम करणाऱ्या इंग्रजांमध्ये शिकाऊ उमेदवार, कारकून आणि फेक्टर असे हुद्दे होते.
/root/f5-tts-marathi/datasets/syspin_marathi_female/extracted/IISc_SYSPIN_Data/IISc_SYSPINProject_Marathi_Female_Spk001_HC/wav/IISc_SYSPINProject_mr_f_POLI_02773.wav|यानंतर आरोपी आईने मुलाला मारून टाकल्याचं पतीला आणि सासऱ्याला सांगितलं त्यानंतर मुलाच्या मृतदेहाला बाहेर काढून जंगलात फेकून देण्यात आलं.
/root/f5-tts-marathi/datasets/syspin_marathi_female/extracted/IISc_SYSPIN_Data/IISc_SYSPINProject_Marathi_Female_Spk001_HC/wav/IISc_SYSPINProject_mr_f_GENE_00868.wav|या टोळीचा आणखी एक म्होरक्या श्रीनिवासन हा त्याच्या डोंबिवली येथील घरातून फरार झाला असून, पोलीस त्याचा शोध घेत आहेत.
/root/f5-tts-marathi/datasets/syspin_marathi_female/extracted/IISc_SYSPIN_Data/IISc_SYSPINProject_Marathi_Female_Spk001_HC/wav/IISc_SYSPINProject_mr_f_OTHE_04159.wav|स्तनात एखाद्यी गाठ असल्याचे समजले तर हे स्तनाच्या कर्करोगाचे लक्षण असू शकते
/root/f5-tts-marathi/datasets/syspin_marathi_female/extracted/IISc_SYSPIN_Data/IISc_SYSPINProject_Marathi_Female_Spk001_HC/wav/IISc_SYSPINProject_mr_f_OTHE_00493.wav|वाईड अंगल्स् आणि क्लोजप्स् सोडल्यास पडद्यावर काही घडायचंच नाही.
/root/f5-tts-marathi/datasets/syspin_marathi_female/extracted/IISc_SYSPIN_Data/IISc_SYSPINProject_Marathi_Female_Spk001_HC/wav/IISc_SYSPINProject_mr_f_BOOK_01898.wav|पुढील पाठात आपण लोकशाहीसमोरील आव्हानांचा विचार करणार आहोत.
/root/f5-tts-marathi/datasets/syspin_marathi_female/extracted/IISc_SYSPIN_Data/IISc_SYSPINProject_Marathi_Female_Spk001_HC/wav/IISc_SYSPINProject_mr_f_AGRI_03607.wav|वर्षातून तीन महिने पावसाचे पाणी भरलेले असते, पण या सगळ्या अडचणींना हिमाने आपली ताकद बनवले.
/root/f5-tts-marathi/datasets/syspin_marathi_female/extracted/IISc_SYSPIN_Data/IISc_SYSPINProject_Marathi_Female_Spk001_HC/wav/IISc_SYSPINProject_mr_f_AGRI_01072.wav|तलावाच्या, विहिरीच्या पाण्यातही मिश्रित मातीचं प्रमाण वाढतं आणि यामुळे या दिवसांत पुरवलं जाणारं पाणी बऱ्याचदा फार गढूळ व अशुद्ध असू शकतं.
/root/f5-tts-marathi/datasets/syspin_marathi_female/extracted/IISc_SYSPIN_Data/IISc_SYSPINProject_Marathi_Female_Spk001_HC/wav/IISc_SYSPINProject_mr_f_BOOK_00717.wav|भारतीय चित्रपटांच्या विकासात मदनराव माधवराव पितळे, कल्याणचे पटवर्धन कुटुंबीय आणि हरिश्चंद्र सखाराम भाटवडेकर उर्फ सावेदादा यांचे योगदान आहे.
/root/f5-tts-marathi/datasets/syspin_marathi_female/extracted/IISc_SYSPIN_Data/IISc_SYSPINProject_Marathi_Female_Spk001_HC/wav/IISc_SYSPINProject_mr_f_WEAT_01132.wav|अशा हजारो स्त्रियांचं मूक आक्रंदन आपल्या आजच्या स्वतंत्र विचारांच्या पाठीमागे काळ्या ढगासारखं लपलेलं आहे.
/root/f5-tts-marathi/datasets/syspin_marathi_female/extracted/IISc_SYSPIN_Data/IISc_SYSPINProject_Marathi_Female_Spk001_HC/wav/IISc_SYSPINProject_mr_f_BOOK_03944.wav|भारतीय भूमीचा वापर त्यांनी स्वतःच्या स्वार्थासाठी केला. युरोपातील दोस्त राष्ट्रांसाठी औद्योगिक उत्पादने, कपडे, जीवनोपयोगी सामुग्री पुरवणारी हक्काची वसाहत म्हणून ब्रिटन भारताकडे बघत होता.
/root/f5-tts-marathi/datasets/syspin_marathi_female/extracted/IISc_SYSPIN_Data/IISc_SYSPINProject_Marathi_Female_Spk001_HC/wav/IISc_SYSPINProject_mr_f_FINA_01046.wav|इलेक्ट्रिक वाहन खरेदी करताना कर्ज घेतल्यास, व्याजासकट कर्ज फेडल्यास त्यावर आयकरात 15पंधरा लाखाची सूट देण्यात येईल.
/root/f5-tts-marathi/datasets/syspin_marathi_female/extracted/IISc_SYSPIN_Data/IISc_SYSPINProject_Marathi_Female_Spk001_HC/wav/IISc_SYSPINProject_mr_f_OTHE_04010.wav|त्यांनी या सर्वच गीतांमध्ये जपलेलं वैविध्य हे खरोखरचं उल्लेखनीय असं आहे
/root/f5-tts-marathi/datasets/syspin_marathi_female/extracted/IISc_SYSPIN_Data/IISc_SYSPINProject_Marathi_Female_Spk001_HC/wav/IISc_SYSPINProject_mr_f_GENE_03493.wav|कधीही लक्षपूर्वक पाहिलं तर तुमच्या लक्षात येईल की खेळाडू प्रत्येकवेळी सिम्बॉल असलेल्या बाजूनेच पदक चावतात.
/root/f5-tts-marathi/datasets/syspin_marathi_female/extracted/IISc_SYSPIN_Data/IISc_SYSPINProject_Marathi_Female_Spk001_HC/wav/IISc_SYSPINProject_mr_f_FINA_03217.wav|आपल्या देशाच्या एकूण उत्पन्नाच्या तुलनेत अगदी तुटपुंजी रक्कम शिक्षणावर खर्च होत असताना धरसोडीचे धोरण त्याला मारकच ठरत असते
/root/f5-tts-marathi/datasets/syspin_marathi_female/extracted/IISc_SYSPIN_Data/IISc_SYSPINProject_Marathi_Female_Spk001_HC/wav/IISc_SYSPINProject_mr_f_GENE_02314.wav|ज्या वैमानिकांनी धाडसाने बालाकोट हवाई हल्ले केले, त्या वैमानिकांच्या कर्तृत्वावर शंका घेताय?
/root/f5-tts-marathi/datasets/syspin_marathi_female/extracted/IISc_SYSPIN_Data/IISc_SYSPINProject_Marathi_Female_Spk001_HC/wav/IISc_SYSPINProject_mr_f_POLI_02669.wav|राज्यपाल किरण बेदी यांनी राज्य सरकारच्या दैनंदिन कामात खोडा घालून मुख्यमंत्र्यांचे अनेक निर्णय रद्द करण्याचा सपाटा लावला होता.
/root/f5-tts-marathi/datasets/syspin_marathi_female/extracted/IISc_SYSPIN_Data/IISc_SYSPINProject_Marathi_Female_Spk001_HC/wav/IISc_SYSPINProject_mr_f_BOOK_01642.wav|तसेच निवडणुकांचे निकाल लवकर लागू लागले.
/root/f5-tts-marathi/datasets/syspin_marathi_female/extracted/IISc_SYSPIN_Data/IISc_SYSPINProject_Marathi_Female_Spk001_HC/wav/IISc_SYSPINProject_mr_f_OTHE_03446.wav|या वर्षी अनेरीने ओनलाईन अर्जात रुपारेल, पाटकर, साठ्ये, मिठीबाई रुईया, ठाकूर या कॉलेजेसची नावे भरली होती.
/root/f5-tts-marathi/datasets/syspin_marathi_female/extracted/IISc_SYSPIN_Data/IISc_SYSPINProject_Marathi_Female_Spk001_HC/wav/IISc_SYSPINProject_mr_f_OTHE_03082.wav|लष्कर प्रमुख मीन आंग ह्यांग देशाच्या पहिल्या स्टेट कौन्सिलर आंग सान स्यू की यांनाही जुमानत नसल्याचे प्रकर्षाने समोर येत आहे
/root/f5-tts-marathi/datasets/syspin_marathi_female/extracted/IISc_SYSPIN_Data/IISc_SYSPINProject_Marathi_Female_Spk001_HC/wav/IISc_SYSPINProject_mr_f_GENE_01140.wav|राम माधवानी ह्यांनी आपला पहिला फुल लेंग्थ चित्रपट करण्यासाठी असाच काहीसा 'सेफ गेम' खेळला आहे. त्यांनी विषय निवडला 'नीरजा भानोट'चा.
/root/f5-tts-marathi/datasets/syspin_marathi_female/extracted/IISc_SYSPIN_Data/IISc_SYSPINProject_Marathi_Female_Spk001_HC/wav/IISc_SYSPINProject_mr_f_EDUC_00389.wav|श्रद्धा कपूर आणि टायगर श्रॉफ आपल्या आगामी बागी चित्रपटाच्या शूटिंगसाठी संपूर्ण टीमसह सर्बियाला दाखल झालेले आहेत
/root/f5-tts-marathi/datasets/syspin_marathi_female/extracted/IISc_SYSPIN_Data/IISc_SYSPINProject_Marathi_Female_Spk001_HC/wav/IISc_SYSPINProject_mr_f_HEAL_01381.wav|त्याच्या काही चाचण्या केल्या असता त्याला गंगरिन नावाचा आजार झाल्याचे समजले
/root/f5-tts-marathi/datasets/syspin_marathi_female/extracted/IISc_SYSPIN_Data/IISc_SYSPINProject_Marathi_Female_Spk001_HC/wav/IISc_SYSPINProject_mr_f_OTHE_03986.wav|आंद्रे रसेल, डेविड वार्नर, जॉनी बेयरस्टो, सुनील नरेन, मोहम्मद नबी, राशिद खान, अल्जारी जोसेफ, कागिसो रबाडा आणि कायरन पोलार्ड अशी त्यांची नावे आहेत
/root/f5-tts-marathi/datasets/syspin_marathi_female/extracted/IISc_SYSPIN_Data/IISc_SYSPINProject_Marathi_Female_Spk001_HC/wav/IISc_SYSPINProject_mr_f_HEAL_03869.wav|कांजिण्या हा जगभर सर्वत्र कमी-अधिक प्रमाणात आढळणारा संसर्गजन्य आजार आहे.
/root/f5-tts-marathi/datasets/syspin_marathi_female/extracted/IISc_SYSPIN_Data/IISc_SYSPINProject_Marathi_Female_Spk001_HC/wav/IISc_SYSPINProject_mr_f_GENE_01971.wav|तंत्र प्रगत होऊन ट्रान्झिस्टर्स आले, टीव्ही आले, इंटरनेट आलं, तसतशी खेळांची आणि प्रेक्षकांची संख्याही वाढली.
/root/f5-tts-marathi/datasets/syspin_marathi_female/extracted/IISc_SYSPIN_Data/IISc_SYSPINProject_Marathi_Female_Spk001_HC/wav/IISc_SYSPINProject_mr_f_GENE_03071.wav|या गोष्टीचा त्यांच्या मुलांच्या जीवनावर कसा परिणाम होतो हे दाखवणारा चित्रपट म्हणजे तेरे जैसा यार कहां.
/root/f5-tts-marathi/datasets/syspin_marathi_female/extracted/IISc_SYSPIN_Data/IISc_SYSPINProject_Marathi_Female_Spk001_HC/wav/IISc_SYSPINProject_mr_f_AGRI_03695.wav|पहिली दीड वर्षे कसलीच छाटणी करू नये. रोपे दोन वर्षांची झाल्यावर वळण द्यावे. त्यासाठी आवश्यक तेवढीच छाटणी करावी.
/root/f5-tts-marathi/datasets/syspin_marathi_female/extracted/IISc_SYSPIN_Data/IISc_SYSPINProject_Marathi_Female_Spk001_HC/wav/IISc_SYSPINProject_mr_f_BOOK_00269.wav|थोडक्यात सांगायचे म्हणजे इतिहासाच्या आधारे वर्तमानकाळाचे यथायोग्य आकलन आणि भविष्यकाळासाठी दिशादर्शन, असे उपयोजित इतिहासाचे वर्णन करता येईल.
/root/f5-tts-marathi/datasets/syspin_marathi_female/extracted/IISc_SYSPIN_Data/IISc_SYSPINProject_Marathi_Female_Spk001_HC/wav/IISc_SYSPINProject_mr_f_HEAL_04256.wav|यामध्ये मार्जारासन, भुजंगासन, चक्राकार व्यायाम, पोटावर झोपून मान व खांदे वर उचलणे अशा व्यायाम प्रकारांचा अंतर्भाव असतो.
/root/f5-tts-marathi/datasets/syspin_marathi_female/extracted/IISc_SYSPIN_Data/IISc_SYSPINProject_Marathi_Female_Spk001_HC/wav/IISc_SYSPINProject_mr_f_HEAL_01717.wav|वास्तविक हे प्रचंड विषारी असून, त्यामुळे प्रौढांमध्ये हृदय आणि मेंदूशी संबंधित रोगाचे प्रमाण वाढते
/root/f5-tts-marathi/datasets/syspin_marathi_female/extracted/IISc_SYSPIN_Data/IISc_SYSPINProject_Marathi_Female_Spk001_HC/wav/IISc_SYSPINProject_mr_f_BOOK_03450.wav|स्त्री-शिक्षणास प्रोत्साहन आणि स्त्रियांसाठी स्वतंत्र व्यायामशाळा त्यांनीसुरू केली.
/root/f5-tts-marathi/datasets/syspin_marathi_female/extracted/IISc_SYSPIN_Data/IISc_SYSPINProject_Marathi_Female_Spk001_HC/wav/IISc_SYSPINProject_mr_f_AGRI_03108.wav|तर वरच्या धरणांत पाणी अडवून ठेवल्यास उजनीत पाणी येणार तरी कुठून?
/root/f5-tts-marathi/datasets/syspin_marathi_female/extracted/IISc_SYSPIN_Data/IISc_SYSPINProject_Marathi_Female_Spk001_HC/wav/IISc_SYSPINProject_mr_f_POLI_01388.wav|याचा फायदा उचलून भक्त लोक मात्र निर्लज्जपणे आपल्या अजेंड्याचा प्रचार देशभर करत राहतात.
/root/f5-tts-marathi/datasets/syspin_marathi_female/extracted/IISc_SYSPIN_Data/IISc_SYSPINProject_Marathi_Female_Spk001_HC/wav/IISc_SYSPINProject_mr_f_AGRI_01006.wav|झाडांवरची विविधरंगी फुले, पक्ष्यांची किलबिल, मातीचा स्पर्श, पाण्याचे तुषार या सर्वांचे वर्णन करावे तेवढे थोडेच.
/root/f5-tts-marathi/datasets/syspin_marathi_female/extracted/IISc_SYSPIN_Data/IISc_SYSPINProject_Marathi_Female_Spk001_HC/wav/IISc_SYSPINProject_mr_f_AGRI_03435.wav|दरम्यान अंगारकीच्या निमित्ताने होणारी खरेदी लक्षात घेत फळ विक्रेत्यांनी दुप्पटीने फळे मागविली.
/root/f5-tts-marathi/datasets/syspin_marathi_female/extracted/IISc_SYSPIN_Data/IISc_SYSPINProject_Marathi_Female_Spk001_HC/wav/IISc_SYSPINProject_mr_f_AGRI_03983.wav|हे जीवाणू स्थिर स्वरूपातील पालाशातून जैव रासायनिक क्रियांद्वारे पालाश मुक्त करतात व पिकाला उपलब्ध करून देतात.
/root/f5-tts-marathi/datasets/syspin_marathi_female/extracted/IISc_SYSPIN_Data/IISc_SYSPINProject_Marathi_Female_Spk001_HC/wav/IISc_SYSPINProject_mr_f_HEAL_02943.wav|अशा व्यसनाने आतड्याचे आजार, मनोरूग्ण, डोळ्यांचे विकार व केन्सर सारखे आजार होऊ शकतात
/root/f5-tts-marathi/datasets/syspin_marathi_female/extracted/IISc_SYSPIN_Data/IISc_SYSPINProject_Marathi_Female_Spk001_HC/wav/IISc_SYSPINProject_mr_f_BOOK_04551.wav|प्रथिने कशापासून मिळतात? ती कशापासून बनलेली असतात? अमिनो आम्लाचे अनेक रेणू एकमेकांना जोडून तयार झालेल्या महारेणूला 'प्रथिन' म्हणतात.
/root/f5-tts-marathi/datasets/syspin_marathi_female/extracted/IISc_SYSPIN_Data/IISc_SYSPINProject_Marathi_Female_Spk001_HC/wav/IISc_SYSPINProject_mr_f_POLI_00980.wav|केरळ, आंध्र प्रदेश, तामिळनाडू आणि पुद्दूचेरी या चार राज्यांमध्ये भाजपाला एकही जागा जिंकता आलेली नाही.
/root/f5-tts-marathi/datasets/syspin_marathi_female/extracted/IISc_SYSPIN_Data/IISc_SYSPINProject_Marathi_Female_Spk001_HC/wav/IISc_SYSPINProject_mr_f_GENE_02875.wav|भारतीय क्रिकेटमध्ये दादा अशी ओळख असलेल्या सौरव गांगुली आणि दिल्लीचे प्रमुख प्रशिक्षक रिकी पांटिंग यांनी गब्बर शिखर धवनला काही टिप्स दिल्या.
/root/f5-tts-marathi/datasets/syspin_marathi_female/extracted/IISc_SYSPIN_Data/IISc_SYSPINProject_Marathi_Female_Spk001_HC/wav/IISc_SYSPINProject_mr_f_POLI_03290.wav|आचारसंहिता पथकाचे प्रमुख जाधव यांना फोनद्वारे शाही मस्जिदजवळ पैसे वाटप होत असल्याची तक्रार मिळाली.
/root/f5-tts-marathi/datasets/syspin_marathi_female/extracted/IISc_SYSPIN_Data/IISc_SYSPINProject_Marathi_Female_Spk001_HC/wav/IISc_SYSPINProject_mr_f_BOOK_04627.wav|या प्रकारात जनक पेशीचे दोन समान भागांत विभाजन होऊन दोन नवजात पेशी तयार होतात.
/root/f5-tts-marathi/datasets/syspin_marathi_female/extracted/IISc_SYSPIN_Data/IISc_SYSPINProject_Marathi_Female_Spk001_HC/wav/IISc_SYSPINProject_mr_f_GENE_02327.wav|पुंटा काना ह्या ठिकाणाहून केरीबियन समुद्र आणि अटलांटिक महासागर या दोहोंचे दर्शन घडते.
/root/f5-tts-marathi/datasets/syspin_marathi_female/extracted/IISc_SYSPIN_Data/IISc_SYSPINProject_Marathi_Female_Spk001_HC/wav/IISc_SYSPINProject_mr_f_EDUC_02465.wav|कोंबडीच्या स्कीनचं साजूक तूप, गुलकंदात टीश्यू पेपरचे तुकडे अशा प्रकारची भेसळ होत आहे.
/root/f5-tts-marathi/datasets/syspin_marathi_female/extracted/IISc_SYSPIN_Data/IISc_SYSPINProject_Marathi_Female_Spk001_HC/wav/IISc_SYSPINProject_mr_f_HEAL_04120.wav|धमनी-रक्त-वायू चाचणी मध्ये धमनीमधून रक्ताचा नमुना घेऊन त्यातील ओक्सिजन, कार्बन-डाय ओक्साइड आणि इतर महत्त्वाच्या पदार्थाची चाचणी करण्यात येते.
/root/f5-tts-marathi/datasets/syspin_marathi_female/extracted/IISc_SYSPIN_Data/IISc_SYSPINProject_Marathi_Female_Spk001_HC/wav/IISc_SYSPINProject_mr_f_OTHE_03976.wav|आपल्या मुलांची नाव कुणी झक्कि, बेफिकिर, इब्लिस अशि ठेवतात का?
/root/f5-tts-marathi/datasets/syspin_marathi_female/extracted/IISc_SYSPIN_Data/IISc_SYSPINProject_Marathi_Female_Spk001_HC/wav/IISc_SYSPINProject_mr_f_AGRI_02301.wav|काकती येथील गावकरी ढाब्याजवळ ऊस घेऊन जाणार्या ट्रेक्टरची ट्रॉली पलटी होऊन ऊस कोसळला आहे.
/root/f5-tts-marathi/datasets/syspin_marathi_female/extracted/IISc_SYSPIN_Data/IISc_SYSPINProject_Marathi_Female_Spk001_HC/wav/IISc_SYSPINProject_mr_f_BOOK_05853.wav|त्यासाठी त्यांनी रोगजंतूचे जे प्रथिन प्रतिजन म्हणून काम करते त्याचे जनुक मिळवून त्याच्या मदतीने प्रयोगशाळेतच ते प्रतिजन तयार केले आिण त्याचा वापर लस म्हणून केला.
/root/f5-tts-marathi/datasets/syspin_marathi_female/extracted/IISc_SYSPIN_Data/IISc_SYSPINProject_Marathi_Female_Spk001_HC/wav/IISc_SYSPINProject_mr_f_AGRI_02292.wav|सर्व योजनेचे पाणी दुष्काळी भागात लवकरात लवकर आणण्यासाठी जिवाचे रान करणार आहे, असेही ते म्हणाले.
/root/f5-tts-marathi/datasets/syspin_marathi_female/extracted/IISc_SYSPIN_Data/IISc_SYSPINProject_Marathi_Female_Spk001_HC/wav/IISc_SYSPINProject_mr_f_WEAT_03377.wav|म्हणूनच त्या काळात स्कॉटलंड यार्डच्या नंतर जगात दुसऱ्या क्रमांकावर मुंबई होती, परंतु नंतरच्या काळावर नजर टाकली तर तेथील लोकांना पोलिसांचा धाकच राहिला नाही असे दिसत आहे.
/root/f5-tts-marathi/datasets/syspin_marathi_female/extracted/IISc_SYSPIN_Data/IISc_SYSPINProject_Marathi_Female_Spk001_HC/wav/IISc_SYSPINProject_mr_f_OTHE_01893.wav|शिवाय बायकांना आपल्या इतकेच कमवणारा नवरा लागतो, आपल्यापेक्षा अजूनच जास्त कमवणारा.
/root/f5-tts-marathi/datasets/syspin_marathi_female/extracted/IISc_SYSPIN_Data/IISc_SYSPINProject_Marathi_Female_Spk001_HC/wav/IISc_SYSPINProject_mr_f_FINA_00564.wav|स्वित्झर्लंडचे कर अधिकारी अशा व्यक्तींची बंक माहिती भारतीय कर अधिकाऱ्यांना देत आहेत, जे कर चुकवून येथून पळून गेले आहेत.
/root/f5-tts-marathi/datasets/syspin_marathi_female/extracted/IISc_SYSPIN_Data/IISc_SYSPINProject_Marathi_Female_Spk001_HC/wav/IISc_SYSPINProject_mr_f_FINA_01075.wav|मल्ल्या यांच्या तोंडाकडे व किंगफिशर ब्रंडकडे बघूनच बंकांनी हे कर्ज दिले.
/root/f5-tts-marathi/datasets/syspin_marathi_female/extracted/IISc_SYSPIN_Data/IISc_SYSPINProject_Marathi_Female_Spk001_HC/wav/IISc_SYSPINProject_mr_f_WEAT_03541.wav|यापूर्वी मतदानात सगळ्या चिठ्ठ्या मोजल्या जायच्या त्या आताच्या चिठ्ठ्यांपेक्षाही मोठ्या होत्या असंही शरद पवार यांनी म्हटलं आहे.
/root/f5-tts-marathi/datasets/syspin_marathi_female/extracted/IISc_SYSPIN_Data/IISc_SYSPINProject_Marathi_Female_Spk001_HC/wav/IISc_SYSPINProject_mr_f_HEAL_01488.wav|पाठीला लावण्यासाठी म्हणून केप्टन हेगडेने एक मलम दिले होते आणि काही गोळ्या लिहून दिल्या होत्या.
/root/f5-tts-marathi/datasets/syspin_marathi_female/extracted/IISc_SYSPIN_Data/IISc_SYSPINProject_Marathi_Female_Spk001_HC/wav/IISc_SYSPINProject_mr_f_OTHE_03278.wav|याशिवाय, महादेवाचे त्रिशूळ, विष्णूंचे सुदर्शन, यमराजाचा कालदंड, कर्णाची कुंडले आणि पुष्पक विमानाची निर्मितीही विश्वकर्मा यांनी केली आहे
/root/f5-tts-marathi/datasets/syspin_marathi_female/extracted/IISc_SYSPIN_Data/IISc_SYSPINProject_Marathi_Female_Spk001_HC/wav/IISc_SYSPINProject_mr_f_OTHE_03012.wav|"""यावेळी आम्हाला मुंढेच हवेत, मुंढे हटणार नाहीत, मुंढेंच्या बदलीचे नेमके कारण सांगा"" अशा उद्घोषणानी परिसर दणाणून गेला"
/root/f5-tts-marathi/datasets/syspin_marathi_female/extracted/IISc_SYSPIN_Data/IISc_SYSPINProject_Marathi_Female_Spk001_HC/wav/IISc_SYSPINProject_mr_f_HEAL_04241.wav|प्रवास-पूर्व, प्रवासादरम्यान आणि प्रवास-पश्चात स्थितीमध्ये योग्य ती काळजी घेतल्याने प्रवास सुखकर होण्यास मदत होते.
/root/f5-tts-marathi/datasets/syspin_marathi_female/extracted/IISc_SYSPIN_Data/IISc_SYSPINProject_Marathi_Female_Spk001_HC/wav/IISc_SYSPINProject_mr_f_POLI_00384.wav|स्पेनची एक ट्रांसजेंडर महिला एंजेला पोंसने मिस स्पेन हा किताब जिंकून इतिहास रचला आहे.
/root/f5-tts-marathi/datasets/syspin_marathi_female/extracted/IISc_SYSPIN_Data/IISc_SYSPINProject_Marathi_Female_Spk001_HC/wav/IISc_SYSPINProject_mr_f_WEAT_03746.wav|पर्थ स्क्रॉचरचा अष्टपैलू ख्रिस जॉर्डनने मेलबर्न रेनेगेड्सविरूद्ध बिग बेश लीग बीबीएलमध्ये अप्रतिम झेल घेतला.
/root/f5-tts-marathi/datasets/syspin_marathi_female/extracted/IISc_SYSPIN_Data/IISc_SYSPINProject_Marathi_Female_Spk001_HC/wav/IISc_SYSPINProject_mr_f_HEAL_00355.wav|मेंदूच्या कार्यात निर्माण होणारे तणाव, बिघाड टळतात, याचा परिणाम म्हणून अल्झायमर्स, पार्किंन्स डिसीज, अर्धांगवायू असे आजार होण्याची शक्यता कमी होते
/root/f5-tts-marathi/datasets/syspin_marathi_female/extracted/IISc_SYSPIN_Data/IISc_SYSPINProject_Marathi_Female_Spk001_HC/wav/IISc_SYSPINProject_mr_f_FINA_01820.wav|कर लावतेवेळी करदाते नागरिक जे मोजमाप देतात ते ग्राह्य धरुन कर लावला जातो.
/root/f5-tts-marathi/datasets/syspin_marathi_female/extracted/IISc_SYSPIN_Data/IISc_SYSPINProject_Marathi_Female_Spk001_HC/wav/IISc_SYSPINProject_mr_f_AGRI_01210.wav|निशिगंधा हे कंदवर्गीय फुलपीक असून, या झाडाला शुभ्र पांढरी फुले लागतात.
/root/f5-tts-marathi/datasets/syspin_marathi_female/extracted/IISc_SYSPIN_Data/IISc_SYSPINProject_Marathi_Female_Spk001_HC/wav/IISc_SYSPINProject_mr_f_WEAT_01626.wav|मुख्य मंदिराचे पश्चिमबाजूस उत्तरेकडे एक चौथरा असून त्यावर एक लिंग, नाग व खड्गधारी भग्न शिल्प आहे. येथे यात्रेत पोवाड्याचा कार्यक्रम होतो.
/root/f5-tts-marathi/datasets/syspin_marathi_female/extracted/IISc_SYSPIN_Data/IISc_SYSPINProject_Marathi_Female_Spk001_HC/wav/IISc_SYSPINProject_mr_f_FINA_00162.wav|नोकरी नसलेल्या किंवा घराला आर्थिकदृष्ट्या सपोर्ट करत नसलेल्या व्यक्तीचा मृत्यूविमा का काढायचा?
/root/f5-tts-marathi/datasets/syspin_marathi_female/extracted/IISc_SYSPIN_Data/IISc_SYSPINProject_Marathi_Female_Spk001_HC/wav/IISc_SYSPINProject_mr_f_WEAT_01137.wav|सुनील देशमुख, सिद्धराम म्हेत्रे, डॉक्टर शोभा बच्छाव या मंत्र्यांना मतदारांनी घरी पाठविले.
/root/f5-tts-marathi/datasets/syspin_marathi_female/extracted/IISc_SYSPIN_Data/IISc_SYSPINProject_Marathi_Female_Spk001_HC/wav/IISc_SYSPINProject_mr_f_WEAT_03211.wav|जगण्यातल्या विविध टप्प्यांवर दोन काळांतील, दोन माणसातील साम्य अधोरेखित करताना गालिबच्या शेरांची पार्श्वभूमी नाटककार वापरत आहे.
/root/f5-tts-marathi/datasets/syspin_marathi_female/extracted/IISc_SYSPIN_Data/IISc_SYSPINProject_Marathi_Female_Spk001_HC/wav/IISc_SYSPINProject_mr_f_FINA_03646.wav|भारतातील ई-व्यापार क्षेत्रातील आपले स्थान मजबूत करण्यासाठी अमेझॉनने देशात , कित्येक कोटी रुपयांची अतिरिक्त गुंतवणूक केली आहे.
/root/f5-tts-marathi/datasets/syspin_marathi_female/extracted/IISc_SYSPIN_Data/IISc_SYSPINProject_Marathi_Female_Spk001_HC/wav/IISc_SYSPINProject_mr_f_OTHE_03977.wav|अशा प्रकरची खबर कोणी देणार असेल तर त्यांना मोठ्या रकमेचे बक्षीस जाहीर करा
/root/f5-tts-marathi/datasets/syspin_marathi_female/extracted/IISc_SYSPIN_Data/IISc_SYSPINProject_Marathi_Female_Spk001_HC/wav/IISc_SYSPINProject_mr_f_FINA_00680.wav|मोठे आर्थिक नियोजन करत असताना सावध राहावे, वादविवाद टाळावेत, प्रवासामध्ये दक्षता बाळगावी, आर्थिक गुंतवणूक सावधपणे करावी.
/root/f5-tts-marathi/datasets/syspin_marathi_female/extracted/IISc_SYSPIN_Data/IISc_SYSPINProject_Marathi_Female_Spk001_HC/wav/IISc_SYSPINProject_mr_f_EDUC_03159.wav|सीमेवर शत्रुंशी लढत आपल्या जीवाची बाजी लावत देशाच्या सीमांचे रक्षण करणाऱ्या भारतीय सैनिकांच्या क्षमतेवर मोहन भागवंतांचा विश्वास नाही का?
/root/f5-tts-marathi/datasets/syspin_marathi_female/extracted/IISc_SYSPIN_Data/IISc_SYSPINProject_Marathi_Female_Spk001_HC/wav/IISc_SYSPINProject_mr_f_AGRI_03478.wav|भूगर्भातील पाण्याचे पुनर्भरण होण्यासाठी छतावरचे पाणी जमिनीत मुरण्याची प्रक्रिया होणे गरजेचे आहे
/root/f5-tts-marathi/datasets/syspin_marathi_female/extracted/IISc_SYSPIN_Data/IISc_SYSPINProject_Marathi_Female_Spk001_HC/wav/IISc_SYSPINProject_mr_f_POLI_01912.wav|तीन हजार वर्षांपूर्वी ज्यांचे शासन होते ते राजे दुसरे राम्सेस ह्यांची ती मूर्ती होती.
/root/f5-tts-marathi/datasets/syspin_marathi_female/extracted/IISc_SYSPIN_Data/IISc_SYSPINProject_Marathi_Female_Spk001_HC/wav/IISc_SYSPINProject_mr_f_BOOK_02546.wav|समुद्राच्या तळाशी उद्भवलेल्या भूकंप व ज्वालामुखीमुळेया लाटा उद्भवतात.
/root/f5-tts-marathi/datasets/syspin_marathi_female/extracted/IISc_SYSPIN_Data/IISc_SYSPINProject_Marathi_Female_Spk001_HC/wav/IISc_SYSPINProject_mr_f_FINA_03512.wav|वस्त्रोद्योग घटकांचे गेल्या दीड वर्षापासून प्रलंबित असलेले व्याज अनुदान तातडीने वितरीत करावे, यासह विविध मागण्या यावेळी करण्यात आल्या.
/root/f5-tts-marathi/datasets/syspin_marathi_female/extracted/IISc_SYSPIN_Data/IISc_SYSPINProject_Marathi_Female_Spk001_HC/wav/IISc_SYSPINProject_mr_f_OTHE_01758.wav|सरस्वती मासिक साहित्यिक होतं आणि गणेश शंकरचा पिंड राजकीय असल्यामुळे ते अभ्युदयकडे ओढले गेले.
/root/f5-tts-marathi/datasets/syspin_marathi_female/extracted/IISc_SYSPIN_Data/IISc_SYSPINProject_Marathi_Female_Spk001_HC/wav/IISc_SYSPINProject_mr_f_AGRI_02930.wav|काविळीची शंका आल्यास पाणी उकळून प्यावे पाण्याचा काढा करून पिणे सर्वांत चांगले, पण कमीत कमी दहापंधरा मिनिटे उकळलेलेच पाणी प्यावे.
/root/f5-tts-marathi/datasets/syspin_marathi_female/extracted/IISc_SYSPIN_Data/IISc_SYSPINProject_Marathi_Female_Spk001_HC/wav/IISc_SYSPINProject_mr_f_AGRI_02538.wav|लिंबापेक्षा कैरीचा रस जास्त आंबट असतो त्यामुळे आपण काढलेल्या रसाची चव घेऊन मग पाणी घालून थोडा डायल्युट करावा.
/root/f5-tts-marathi/datasets/syspin_marathi_female/extracted/IISc_SYSPIN_Data/IISc_SYSPINProject_Marathi_Female_Spk001_HC/wav/IISc_SYSPINProject_mr_f_HEAL_03523.wav|मितभाषी हा शब्दही मोठा वाटावा, इतकं कमी बोलण्याकडे त्यांचा कल होता निदान आमच्यात तरी.
/root/f5-tts-marathi/datasets/syspin_marathi_female/extracted/IISc_SYSPIN_Data/IISc_SYSPINProject_Marathi_Female_Spk001_HC/wav/IISc_SYSPINProject_mr_f_BOOK_03648.wav|कारण हा अधिकारी सावरकर यांच्या मागावर होता.
/root/f5-tts-marathi/datasets/syspin_marathi_female/extracted/IISc_SYSPIN_Data/IISc_SYSPINProject_Marathi_Female_Spk001_HC/wav/IISc_SYSPINProject_mr_f_HEAL_03957.wav|त्यामुळे होणाऱ्या आतड्यातील आणि इतर अवयवांमधील कर्करोग उद्भवलेल्या गाठी केवळ काढून भागत नाही.
/root/f5-tts-marathi/datasets/syspin_marathi_female/extracted/IISc_SYSPIN_Data/IISc_SYSPINProject_Marathi_Female_Spk001_HC/wav/IISc_SYSPINProject_mr_f_AGRI_00926.wav|उजनी जलाशयात होड्या व थर्माकोलच्या साह्याने मासेमारी करण्यासाठी रोज सकाळी पाण्यात जाणारे मच्छिमार मगरीच्या भीतीमुळे मासेमारी करण्यासाठी गेले नसल्याचे मच्छीमारांनी सांगितले.
/root/f5-tts-marathi/datasets/syspin_marathi_female/extracted/IISc_SYSPIN_Data/IISc_SYSPINProject_Marathi_Female_Spk001_HC/wav/IISc_SYSPINProject_mr_f_AGRI_00182.wav|रोप पद्धतीची लागवड, जैविक खतांचा वापर, पट्टा पद्धत, ठिबक सिंचन यांसारख्या शेती पद्धतीचे या संशोधकांनी मनापासून कौतुक केले.
/root/f5-tts-marathi/datasets/syspin_marathi_female/extracted/IISc_SYSPIN_Data/IISc_SYSPINProject_Marathi_Female_Spk001_HC/wav/IISc_SYSPINProject_mr_f_BOOK_04125.wav|शीतयुद्धाची अवस्था कायम ठेवण्यासाठी दोन्ही राष्ट्रांना अफाट खर्च आला. सोव्हिएट रशियाच्या पाडावाचे पर्यावसन अमेरिका ही एकमेव महासत्ता होण्यात झाला.
/root/f5-tts-marathi/datasets/syspin_marathi_female/extracted/IISc_SYSPIN_Data/IISc_SYSPINProject_Marathi_Female_Spk001_HC/wav/IISc_SYSPINProject_mr_f_OTHE_01077.wav|मात्र 36छत्तीसाव्या मिनिटाला बेल्जियमच्या सेबेस्टियन डेकियरने निर्णायक गोल करत सामना बेल्जियमच्या बाजूने झुकवला.
/root/f5-tts-marathi/datasets/syspin_marathi_female/extracted/IISc_SYSPIN_Data/IISc_SYSPINProject_Marathi_Female_Spk001_HC/wav/IISc_SYSPINProject_mr_f_WEAT_00283.wav|ज्वारी काळी पडल्याने व शासनाने केवळ चांगल्या दर्जाची ज्वारीच खरेदी करण्याचे आदेश दिल्याने शेतकऱ्यांना ज्वारी विकता आलेली नाही.
/root/f5-tts-marathi/datasets/syspin_marathi_female/extracted/IISc_SYSPIN_Data/IISc_SYSPINProject_Marathi_Female_Spk001_HC/wav/IISc_SYSPINProject_mr_f_WEAT_03931.wav|दरम्यान या सरकारनं शेतकर्यांच्या तोंडाला पानं पुसली असून त्यांना खोटी आश्वासनं दिल्याचा आरोप विरोधकांनी केला.
/root/f5-tts-marathi/datasets/syspin_marathi_female/extracted/IISc_SYSPIN_Data/IISc_SYSPINProject_Marathi_Female_Spk001_HC/wav/IISc_SYSPINProject_mr_f_HEAL_02909.wav|ज्यावेळी रुग्णाच्या जीवाला धोका असतो त्यावेळी आपत्कालीन नियोजन करून शस्त्रक्रिया केली जाते त्याला आपत्कालीन शस्त्रक्रिया म्हणतात
/root/f5-tts-marathi/datasets/syspin_marathi_female/extracted/IISc_SYSPIN_Data/IISc_SYSPINProject_Marathi_Female_Spk001_HC/wav/IISc_SYSPINProject_mr_f_AGRI_03656.wav|सहसा आपल्याकडे कुक्कुट पालन केंद्र किंवा रेशीम किड्यांची पैदास करणारी केंद्रं पाहायला मिळतात.
/root/f5-tts-marathi/datasets/syspin_marathi_female/extracted/IISc_SYSPIN_Data/IISc_SYSPINProject_Marathi_Female_Spk001_HC/wav/IISc_SYSPINProject_mr_f_FINA_03388.wav|पेंशनपात्र वेतन कालावधी 12बारा महिन्याची सरासरी होती, ती 2014दोन हजार चौदा मध्ये 60साठ महिन्यावर नेली.
/root/f5-tts-marathi/datasets/syspin_marathi_female/extracted/IISc_SYSPIN_Data/IISc_SYSPINProject_Marathi_Female_Spk001_HC/wav/IISc_SYSPINProject_mr_f_POLI_02108.wav|विशेष म्हणजे फ्रान्सिस यांनी यापुर्वी देखील रेल्वे समितीत काम केले असल्याने त्यांना या कामाचा बऱ्यापैकी अनुभव असल्याच्या निमित्ताने पालिकेने त्यांना पुन्हा संधी दिली आहे
/root/f5-tts-marathi/datasets/syspin_marathi_female/extracted/IISc_SYSPIN_Data/IISc_SYSPINProject_Marathi_Female_Spk001_HC/wav/IISc_SYSPINProject_mr_f_BOOK_05585.wav|गिरणीत दळताना वापरतात त्या प्रकारचे एक निमुळते भांडे असते, जे खालच्या बाजूने निमुळत्या हौदासारख्या भांड्यात उघडलेले असते.
/root/f5-tts-marathi/datasets/syspin_marathi_female/extracted/IISc_SYSPIN_Data/IISc_SYSPINProject_Marathi_Female_Spk001_HC/wav/IISc_SYSPINProject_mr_f_WEAT_03013.wav|याच काळात ए. के. हंगल आणि नारायण सुर्वे यांनी अस्तास चाललेल्या इप्टा या संस्थेची जबाबदारी वामन केंद्रे यांच्यावर सोपवली.
/root/f5-tts-marathi/datasets/syspin_marathi_female/extracted/IISc_SYSPIN_Data/IISc_SYSPINProject_Marathi_Female_Spk001_HC/wav/IISc_SYSPINProject_mr_f_OTHE_03463.wav|मंगला एक्सप्रेस खेडवरून रत्नागिरीला वळवून ती पुणे मार्गे मुंबईकडे रवाना करण्यात आली आहे
/root/f5-tts-marathi/datasets/syspin_marathi_female/extracted/IISc_SYSPIN_Data/IISc_SYSPINProject_Marathi_Female_Spk001_HC/wav/IISc_SYSPINProject_mr_f_EDUC_00896.wav|अशा या विविध चित्रपटांच्या गर्दीत चर्चा आहे ती म्हणजे मणिकर्णिका द क्वीन ओफ झांसी या चित्रपटाची
/root/f5-tts-marathi/datasets/syspin_marathi_female/extracted/IISc_SYSPIN_Data/IISc_SYSPINProject_Marathi_Female_Spk001_HC/wav/IISc_SYSPINProject_mr_f_FINA_00556.wav|महसूल तूट, आर्थिक तूट आणि चालू खात्यातील तूट ही अंदाजित लक्ष्यापेक्षा अधिक नोंदवली गेली.
/root/f5-tts-marathi/datasets/syspin_marathi_female/extracted/IISc_SYSPIN_Data/IISc_SYSPINProject_Marathi_Female_Spk001_HC/wav/IISc_SYSPINProject_mr_f_OTHE_00274.wav|तर सिद्धी हरिश्चंद्र हेरेकर, हरिश्चंद्र शंकर हेरेकर, हर्षला हरिश्चंद्र हेरेकर, हे जखमी झाले आहेत.
/root/f5-tts-marathi/datasets/syspin_marathi_female/extracted/IISc_SYSPIN_Data/IISc_SYSPINProject_Marathi_Female_Spk001_HC/wav/IISc_SYSPINProject_mr_f_BOOK_01489.wav|इतकी मतदारसंख्या अन्य कोणत्याच लोकशाही असलेल्या देशात आढळत नाही.
/root/f5-tts-marathi/datasets/syspin_marathi_female/extracted/IISc_SYSPIN_Data/IISc_SYSPINProject_Marathi_Female_Spk001_HC/wav/IISc_SYSPINProject_mr_f_AGRI_00286.wav|पावसाच्या सुरुवातीला गिरिपुष्पाची वाढ जोमाने होत असल्याने भात लावणीच्या वेळी गिरिपुष्पाचा पाला मुबलक प्रमाणात उपलब्ध होतो.
/root/f5-tts-marathi/datasets/syspin_marathi_female/extracted/IISc_SYSPIN_Data/IISc_SYSPINProject_Marathi_Female_Spk001_HC/wav/IISc_SYSPINProject_mr_f_BOOK_05151.wav|तेव्हा माकडासारखे प्राणी त्यांच्याहूनही प्राचीन अशा थोड्याफार आजच्या आधुनिक लेम्युरप्रमाणे दिसणाऱ्या प्राण्यांपासून विकसित झाले असावेत.
/root/f5-tts-marathi/datasets/syspin_marathi_female/extracted/IISc_SYSPIN_Data/IISc_SYSPINProject_Marathi_Female_Spk001_HC/wav/IISc_SYSPINProject_mr_f_EDUC_00946.wav|एण्डोजेइक गांडूळ, हे मातीच्या आत खूप खोल राहत असल्याने आपल्या नजरेस जास्त पडत नाहीत.
/root/f5-tts-marathi/datasets/syspin_marathi_female/extracted/IISc_SYSPIN_Data/IISc_SYSPINProject_Marathi_Female_Spk001_HC/wav/IISc_SYSPINProject_mr_f_WEAT_04411.wav|श्री राम रविकुमार म्हणाले, कमल हसन यांचे विधान हिंदूविरोधी आहे.
/root/f5-tts-marathi/datasets/syspin_marathi_female/extracted/IISc_SYSPIN_Data/IISc_SYSPINProject_Marathi_Female_Spk001_HC/wav/IISc_SYSPINProject_mr_f_GENE_00948.wav|1959एकोणीसशे एकोणसाठ ला हेमंत कुमारांनी संगीतबद्ध केलेला एक चित्रपट आला होता - चांद.
/root/f5-tts-marathi/datasets/syspin_marathi_female/extracted/IISc_SYSPIN_Data/IISc_SYSPINProject_Marathi_Female_Spk001_HC/wav/IISc_SYSPINProject_mr_f_POLI_01925.wav|सरकारच्या या निर्णयाचा विरोधी पक्ष कांग्रेस पार्टीने कडाडून विरोध केला आहे.
/root/f5-tts-marathi/datasets/syspin_marathi_female/extracted/IISc_SYSPIN_Data/IISc_SYSPINProject_Marathi_Female_Spk001_HC/wav/IISc_SYSPINProject_mr_f_GENE_02357.wav|हे गोळे भाभा अण्वस्त्र ऊर्जा केंद्रात तयार केले होते आणि एका गोळ्याचे वजन 5पाच ते 10दहा किलो एवढे होते.
/root/f5-tts-marathi/datasets/syspin_marathi_female/extracted/IISc_SYSPIN_Data/IISc_SYSPINProject_Marathi_Female_Spk001_HC/wav/IISc_SYSPINProject_mr_f_GENE_01115.wav|पद्मावती मंदिर, सदर, शिलेखाना, अंबारी, राजमहाल, दफ्तरखाना, दारूचे कोठार या दागिन्यांनी सजलेला सह्याद्रीच्या स्वर्गातला हिरा म्हणजे राजगड.
/root/f5-tts-marathi/datasets/syspin_marathi_female/extracted/IISc_SYSPIN_Data/IISc_SYSPINProject_Marathi_Female_Spk001_HC/wav/IISc_SYSPINProject_mr_f_GENE_02090.wav|नंतर एकदम खान एका संगणक तज्ञाशी वाटाघाटी करतो व त्याला फितुर करून बंकेची संगणकीय यंत्रणा हायजेक करतो.
/root/f5-tts-marathi/datasets/syspin_marathi_female/extracted/IISc_SYSPIN_Data/IISc_SYSPINProject_Marathi_Female_Spk001_HC/wav/IISc_SYSPINProject_mr_f_EDUC_02165.wav|किटाणूंचं 'व्यवस्थापन' करण्यासाठी विविध प्रकारचे साबण, उटी, द्रावण, स्प्रे बाजारात उपलब्ध आहेत.
/root/f5-tts-marathi/datasets/syspin_marathi_female/extracted/IISc_SYSPIN_Data/IISc_SYSPINProject_Marathi_Female_Spk001_HC/wav/IISc_SYSPINProject_mr_f_GENE_00300.wav|प्रस्तावनेत, अंधश्रद्धा, निर्मूलन व वैज्ञानिक दृष्टिकोन, प्रबुधन, समितीचे राज्यअध्यक्ष तानाजी शिंदे यांनी दगडात देव न पाहता माणसात देव पहा असे आवाहन केले.
/root/f5-tts-marathi/datasets/syspin_marathi_female/extracted/IISc_SYSPIN_Data/IISc_SYSPINProject_Marathi_Female_Spk001_HC/wav/IISc_SYSPINProject_mr_f_BOOK_00443.wav|अलीकडील काळात भारतीय संगीताच्या क्षेत्रात विशिष्ट शैली किंवा विशिष्ट घराणे यांच्या मर्यादा ओलांडून अभिनव प्रयोग करण्याकडे कल असलेला दिसतो.
/root/f5-tts-marathi/datasets/syspin_marathi_female/extracted/IISc_SYSPIN_Data/IISc_SYSPINProject_Marathi_Female_Spk001_HC/wav/IISc_SYSPINProject_mr_f_POLI_01645.wav|ज्युंनी जर्मनीला सोडून जाण्यास नकार द्यावा आणि त्यांच्याविरुध्द होणाऱ्या अन्यायासही विरोध करावा.
/root/f5-tts-marathi/datasets/syspin_marathi_female/extracted/IISc_SYSPIN_Data/IISc_SYSPINProject_Marathi_Female_Spk001_HC/wav/IISc_SYSPINProject_mr_f_WEAT_04359.wav|काही दिवसांपूर्वी समोर आलेल्या इमिशन टेस्टिंग - प्रदूषण चाचणी स्केंडलचा आणि कारची विक्री थांबवण्याचा काही एक संबंध नाही.
/root/f5-tts-marathi/datasets/syspin_marathi_female/extracted/IISc_SYSPIN_Data/IISc_SYSPINProject_Marathi_Female_Spk001_HC/wav/IISc_SYSPINProject_mr_f_AGRI_00066.wav|बांबू किंवा लाकडी पट्टयांवर तैलरंगांनी नक्षीकाम करून, त्याला फुलं, रंगीत कागद, मणी, गोंडे, झालर लावून मखर बनवता येते.
/root/f5-tts-marathi/datasets/syspin_marathi_female/extracted/IISc_SYSPIN_Data/IISc_SYSPINProject_Marathi_Female_Spk001_HC/wav/IISc_SYSPINProject_mr_f_WEAT_00720.wav|भुवनेश्वर नक्षलग्रस्त विभागांमध्ये सुरक्षा दलांनी तुफानी मोहीम राबवली असून तिला ऐतिहासिक आणि जबरदस्त यश मिळालेलं आहे.
/root/f5-tts-marathi/datasets/syspin_marathi_female/extracted/IISc_SYSPIN_Data/IISc_SYSPINProject_Marathi_Female_Spk001_HC/wav/IISc_SYSPINProject_mr_f_FINA_03534.wav|याप्रसंगी सभासंदानी शहर विकास व महसूल विभागाशी निगडित विविध प्रश्नांवर मार्गदर्शन करण्याची विनंती केली.
/root/f5-tts-marathi/datasets/syspin_marathi_female/extracted/IISc_SYSPIN_Data/IISc_SYSPINProject_Marathi_Female_Spk001_HC/wav/IISc_SYSPINProject_mr_f_EDUC_02183.wav|बरं, इथल्या झगमगत्या इंडस्ट्रीमध्ये ठामपणे टिकण्यासाठी तेवढा हुशारपणा, व्यवहार ज्ञान आणि इथलं राजकारण, राणू मंडलसारख्या भोळ्या स्वभावाच्या गायिकेला जमेलच असं नाही.
/root/f5-tts-marathi/datasets/syspin_marathi_female/extracted/IISc_SYSPIN_Data/IISc_SYSPINProject_Marathi_Female_Spk001_HC/wav/IISc_SYSPINProject_mr_f_GENE_03094.wav|त्यांच्या या वक्तव्यामुळे तनुश्रीने नाराजी व्यक्त करत ती म्हणाली की, अनेकजण महत्त्वाच्या मुद्द्यांवर आधारित चित्रपट साकारतात.
/root/f5-tts-marathi/datasets/syspin_marathi_female/extracted/IISc_SYSPIN_Data/IISc_SYSPINProject_Marathi_Female_Spk001_HC/wav/IISc_SYSPINProject_mr_f_GENE_02844.wav|ओंकारा, सात खून माफ, इश्किया, हैदर हे त्यांचे चित्रपट प्रचंड गाजलेत.
/root/f5-tts-marathi/datasets/syspin_marathi_female/extracted/IISc_SYSPIN_Data/IISc_SYSPINProject_Marathi_Female_Spk001_HC/wav/IISc_SYSPINProject_mr_f_POLI_03312.wav|त्यासाठी राज्यातील प्रत्येक नागरिकानं पाऊल उचलून पृथ्वीचा होत असलेला ऱ्हास टाळण्याचं आवाहन देखील राज्यपाल यांनी केलं.
/root/f5-tts-marathi/datasets/syspin_marathi_female/extracted/IISc_SYSPIN_Data/IISc_SYSPINProject_Marathi_Female_Spk001_HC/wav/IISc_SYSPINProject_mr_f_AGRI_00411.wav|कृषी अधिकारी भाऊसाहेब बऱ्हाटे यांनी वर्ध्यातील जमीन शेवगा लागवडीच्या दृष्टीने उपयुक्त असल्याचे अचूक हेरले.
/root/f5-tts-marathi/datasets/syspin_marathi_female/extracted/IISc_SYSPIN_Data/IISc_SYSPINProject_Marathi_Female_Spk001_HC/wav/IISc_SYSPINProject_mr_f_WEAT_01651.wav|आम्ही मस्जिदच्या विरोधात नाही, त्यामुळे मंदिर उभारण्यात मुस्लिमांनी सहजता दाखवली पाहिजे.
/root/f5-tts-marathi/datasets/syspin_marathi_female/extracted/IISc_SYSPIN_Data/IISc_SYSPINProject_Marathi_Female_Spk001_HC/wav/IISc_SYSPINProject_mr_f_AGRI_01550.wav|विदेशातील आधुनिक भाजीपाला लागवडीच्या यंत्रामुळे मोठ्या क्षेत्रावर सहज लागवड होत असल्याने यांत्रिक शेतीला महत्व प्राप्त होत चाललंय.
/root/f5-tts-marathi/datasets/syspin_marathi_female/extracted/IISc_SYSPIN_Data/IISc_SYSPINProject_Marathi_Female_Spk001_HC/wav/IISc_SYSPINProject_mr_f_HEAL_00761.wav|तेथे चिरंजीवी ब्लड बंकेत शैलेशच्या सर्व प्रकारच्या तपासण्या करून अनुकूलता सिद्ध झाल्यावर शैलेशने रक्त व पेशी प्लेट्स दान केले
/root/f5-tts-marathi/datasets/syspin_marathi_female/extracted/IISc_SYSPIN_Data/IISc_SYSPINProject_Marathi_Female_Spk001_HC/wav/IISc_SYSPINProject_mr_f_OTHE_02952.wav|तीन अंटमबॉंब वाजले तसा पडवीच्या कट्ट्यावर झोपलेला सोमा दचकला. अंगावर टॉवेल टाकून अंगणात आला आणि कानोसा घेऊ लागला
/root/f5-tts-marathi/datasets/syspin_marathi_female/extracted/IISc_SYSPIN_Data/IISc_SYSPINProject_Marathi_Female_Spk001_HC/wav/IISc_SYSPINProject_mr_f_OTHE_00141.wav|डम्पिंग प्रश्नी मनसेने आयुक्त दालनात, आयुक्तांची भेट न झाल्याने आयुक्तांचे होर्डिंग दालनाच्या दरवाजाला लावून बांगड्यांची माळ घालत आयुक्तांच्या भूमिकेचा निषेध केला.
/root/f5-tts-marathi/datasets/syspin_marathi_female/extracted/IISc_SYSPIN_Data/IISc_SYSPINProject_Marathi_Female_Spk001_HC/wav/IISc_SYSPINProject_mr_f_HEAL_03986.wav|फुप्फुससंबंधित आजारांमध्ये दम लागणे हा प्रमुख त्रास असतो.
/root/f5-tts-marathi/datasets/syspin_marathi_female/extracted/IISc_SYSPIN_Data/IISc_SYSPINProject_Marathi_Female_Spk001_HC/wav/IISc_SYSPINProject_mr_f_AGRI_03739.wav|एका महिन्यात त्यांच्यापासून 10दहा ते 15पंधरा सेंटी मीटर उंचीची, चारपाच पानांची लागणीलायक रोपे तयार होतात. त्यांना जरूरीप्रमाणे पाणी देतात.
/root/f5-tts-marathi/datasets/syspin_marathi_female/extracted/IISc_SYSPIN_Data/IISc_SYSPINProject_Marathi_Female_Spk001_HC/wav/IISc_SYSPINProject_mr_f_OTHE_03654.wav|पुतळी हार, कोल्हापुरी साज, तन्मणी याचे अक्च्युअल दागिना करणे हे फार मेहनतीचे आणि आव्हानात्मक काम होते
/root/f5-tts-marathi/datasets/syspin_marathi_female/extracted/IISc_SYSPIN_Data/IISc_SYSPINProject_Marathi_Female_Spk001_HC/wav/IISc_SYSPINProject_mr_f_EVAL_00263.wav|भारतातील पारंपारिक कपड्यांमध्ये महिलांसाठी साडी आणि मेखला सडोर आणि पुरुषांसाठी धोती किंवा लुंगी किंवा पंचे यासारखे नटलेले कपडे समाविष्ट आहेत.
/root/f5-tts-marathi/datasets/syspin_marathi_female/extracted/IISc_SYSPIN_Data/IISc_SYSPINProject_Marathi_Female_Spk001_HC/wav/IISc_SYSPINProject_mr_f_EDUC_00802.wav|संबंधित वैद्यकीय अधिकाऱ्यावर अनेकवेळा कारवाई करण्यात आली आहे मात्र, पुन्हा चौकशी करून कारवाई करण्यात येईल असे डॉक्टर शिवाजी शेळके म्हणाले.
/root/f5-tts-marathi/datasets/syspin_marathi_female/extracted/IISc_SYSPIN_Data/IISc_SYSPINProject_Marathi_Female_Spk001_HC/wav/IISc_SYSPINProject_mr_f_OTHE_02568.wav|रायगड जिल्ह्यातील रातवड, उसर, वडगाव येथील शाळेसाठी पन्नास लाख रुपयेहून अधिक खर्चाचे अद्ययावत पद्धतीचे बांधकाम, कॉम्प्युटर, लेब्ज, वाचनालये, ईलर्निग, सायकली वगैरे सोयी पुरविल्या आहेत
/root/f5-tts-marathi/datasets/syspin_marathi_female/extracted/IISc_SYSPIN_Data/IISc_SYSPINProject_Marathi_Female_Spk001_HC/wav/IISc_SYSPINProject_mr_f_BOOK_05904.wav|व्यसनी माणूस सारासार विचार करू शकत नाही. त्यामुळेशारीरिक अनारोग्याबरोबरच त्याला मानसिक, सामाजिक व कौटुंबिक समस्यांना सामोरेजावे लागते.
/root/f5-tts-marathi/datasets/syspin_marathi_female/extracted/IISc_SYSPIN_Data/IISc_SYSPINProject_Marathi_Female_Spk001_HC/wav/IISc_SYSPINProject_mr_f_EDUC_02393.wav|स्ट्रिंजरची जी अवस्था आपल्याकडं आहे त्यापेक्षा ती वेगळी केरळमध्ये असण्याची शक्यता नाही.
/root/f5-tts-marathi/datasets/syspin_marathi_female/extracted/IISc_SYSPIN_Data/IISc_SYSPINProject_Marathi_Female_Spk001_HC/wav/IISc_SYSPINProject_mr_f_AGRI_00861.wav|जिल्ह्याच्या दुष्काळी भागाला वरदान ठरणाऱ्या ताकारी, म्हैसाळ, टेंभू आणि आरफळ या सिंचन योजना आहेत.
/root/f5-tts-marathi/datasets/syspin_marathi_female/extracted/IISc_SYSPIN_Data/IISc_SYSPINProject_Marathi_Female_Spk001_HC/wav/IISc_SYSPINProject_mr_f_AGRI_01264.wav|मध आणि लिंबाचा रस मिसळून त्यात ब्लेंडर फिरवून त्याचा ज्यूस बनवून घ्या.
/root/f5-tts-marathi/datasets/syspin_marathi_female/extracted/IISc_SYSPIN_Data/IISc_SYSPINProject_Marathi_Female_Spk001_HC/wav/IISc_SYSPINProject_mr_f_OTHE_01946.wav|ही बंडखोरी सुप्रिया सुळे यांच्या पथ्थ्यावर पडेल का हे आगामी काळच ठरवेल.
/root/f5-tts-marathi/datasets/syspin_marathi_female/extracted/IISc_SYSPIN_Data/IISc_SYSPINProject_Marathi_Female_Spk001_HC/wav/IISc_SYSPINProject_mr_f_WEAT_01112.wav|अमृतसर, पंजाब येथे पाकमधून आलेली समझौता एक्सप्रेस भारताच्या अटारी सीमेवर पाककडून थांबवण्यात आली.
/root/f5-tts-marathi/datasets/syspin_marathi_female/extracted/IISc_SYSPIN_Data/IISc_SYSPINProject_Marathi_Female_Spk001_HC/wav/IISc_SYSPINProject_mr_f_BOOK_04005.wav|26सहवीस जुलै 1965एकोणीशे पासष्ट रोजी कोलंबो येथे झालेल्या करारानुसार मालदीवला स्वातंत्र्य मिळाले.
/root/f5-tts-marathi/datasets/syspin_marathi_female/extracted/IISc_SYSPIN_Data/IISc_SYSPINProject_Marathi_Female_Spk001_HC/wav/IISc_SYSPINProject_mr_f_FINA_00354.wav|तुम्ही जर अजूनही जुने मेगस्ट्राईप डेबिट म्हणजेच एटीएम किंवा क्रेडिट कार्ड वापरत असाल, तर तुम्हाला ते तातडीने बदलून घ्यावे लागणार आहे.
/root/f5-tts-marathi/datasets/syspin_marathi_female/extracted/IISc_SYSPIN_Data/IISc_SYSPINProject_Marathi_Female_Spk001_HC/wav/IISc_SYSPINProject_mr_f_BOOK_02316.wav|ब्राझील यंत्रसामग्री, रासायनिक उत्पादने, खते, गहू, वाहने, खनिज तेल, वंगण इत्यादींची आयात करतो.
/root/f5-tts-marathi/datasets/syspin_marathi_female/extracted/IISc_SYSPIN_Data/IISc_SYSPINProject_Marathi_Female_Spk001_HC/wav/IISc_SYSPINProject_mr_f_BOOK_00736.wav|भारतीय चित्रपटांना आंतरराष्ट्रीय स्तरावर स्थान मिळवून देणारा पहिला चित्रपट म्हणजे संत तुकाराम.
/root/f5-tts-marathi/datasets/syspin_marathi_female/extracted/IISc_SYSPIN_Data/IISc_SYSPINProject_Marathi_Female_Spk001_HC/wav/IISc_SYSPINProject_mr_f_GENE_00620.wav|मंगळ आणि पृथ्वी या दोन्ही ग्रहांमध्ये साधर्म्य असल्यामुळे सर्वांचा प्रयत्न मंगळावर पोहचण्याचा आहे.
/root/f5-tts-marathi/datasets/syspin_marathi_female/extracted/IISc_SYSPIN_Data/IISc_SYSPINProject_Marathi_Female_Spk001_HC/wav/IISc_SYSPINProject_mr_f_EDUC_01590.wav|बैठकीत अशोक पाटील, पिराजी मुचंडीकर, सुरेश डुकरे आदींनी विचार व्यक्त केले.
/root/f5-tts-marathi/datasets/syspin_marathi_female/extracted/IISc_SYSPIN_Data/IISc_SYSPINProject_Marathi_Female_Spk001_HC/wav/IISc_SYSPINProject_mr_f_EDUC_02244.wav|या आखाड्यात पैलवान विलास डोईफोडे, सिकंदर शेख, शिवाजी पवार व अभिजित तळेकर या नामवंत मल्लांनीही लक्षणीय लढती करून विजय मिळवला.
/root/f5-tts-marathi/datasets/syspin_marathi_female/extracted/IISc_SYSPIN_Data/IISc_SYSPINProject_Marathi_Female_Spk001_HC/wav/IISc_SYSPINProject_mr_f_AGRI_00180.wav|पेरू हे फळ कमीतकमी पाण्यात येऊ शकते आणि त्याला मार्केटही चांगले मिळते.
/root/f5-tts-marathi/datasets/syspin_marathi_female/extracted/IISc_SYSPIN_Data/IISc_SYSPINProject_Marathi_Female_Spk001_HC/wav/IISc_SYSPINProject_mr_f_EDUC_01526.wav|भारतीय जनतेनं त्यांची काळजी घ्यावी, अशी पोस्ट रॉबर्ट वाड्रांनी टाकल्यामुळे सोशल मीडियावर तो चर्चेचा विषय ठरत आहे.
/root/f5-tts-marathi/datasets/syspin_marathi_female/extracted/IISc_SYSPIN_Data/IISc_SYSPINProject_Marathi_Female_Spk001_HC/wav/IISc_SYSPINProject_mr_f_WEAT_00801.wav|अट फक्त एकच होती की शाळेतले साहित्य, वह्या, पुस्तके शाळेबाहेर न्यायचे नाही.
/root/f5-tts-marathi/datasets/syspin_marathi_female/extracted/IISc_SYSPIN_Data/IISc_SYSPINProject_Marathi_Female_Spk001_HC/wav/IISc_SYSPINProject_mr_f_BOOK_02263.wav|दुर्गमता, घनदाट अरण्ये, सुप्त खनिज साठ्यांसंबंधीचे अज्ञान इत्यादी प्रतिकूल घटकांमुळे देशातील अंतर्गत भागातील खाणकाम व्यवसायाच्या विकासावर मर्यादा आल्या आहेत.
/root/f5-tts-marathi/datasets/syspin_marathi_female/extracted/IISc_SYSPIN_Data/IISc_SYSPINProject_Marathi_Female_Spk001_HC/wav/IISc_SYSPINProject_mr_f_OTHE_01878.wav|जिल्हा प्रशासनाने व्हॉट्सअप, फेसबुक, इन्स्टाग्राम, ट्विटर, हाईप आदीवर बंदी घालावी, अशी मागणी केली.
/root/f5-tts-marathi/datasets/syspin_marathi_female/extracted/IISc_SYSPIN_Data/IISc_SYSPINProject_Marathi_Female_Spk001_HC/wav/IISc_SYSPINProject_mr_f_BOOK_04031.wav|या शिक्षण पद्धतीमुळे अमेरिकन स्वातंत्र्यलढा, फ्रेंच राज्यक्रांती,राष्ट्रवाद यांचे ज्ञान आफ्रिकेतील लोकांना झाले होते.
/root/f5-tts-marathi/datasets/syspin_marathi_female/extracted/IISc_SYSPIN_Data/IISc_SYSPINProject_Marathi_Female_Spk001_HC/wav/IISc_SYSPINProject_mr_f_BOOK_00341.wav|विविध धार्मिक पंथांचे आगमग्रंथ, पुराणे आणि वास्तुशास्त्रांवरील ग्रंथ यांमधून चित्रकला, शिल्पकला यांच्यासंबंधीचा विचार मंदिर बांधणीच्या संदर्भात केलेला दिसतो.
/root/f5-tts-marathi/datasets/syspin_marathi_female/extracted/IISc_SYSPIN_Data/IISc_SYSPINProject_Marathi_Female_Spk001_HC/wav/IISc_SYSPINProject_mr_f_BOOK_01862.wav|एकोणिसाव्या शतकाच्या उत्तरार्धात भारतात कापड गिरण्या, रेल्वे कंपन्या यांसारख्या उद्योगांची सुरुवात झाली होती.
/root/f5-tts-marathi/datasets/syspin_marathi_female/extracted/IISc_SYSPIN_Data/IISc_SYSPINProject_Marathi_Female_Spk001_HC/wav/IISc_SYSPINProject_mr_f_WEAT_03852.wav|वर उल्लेखल्याप्रमाणे अल्बुकर्की ते संटा फे अंतर साधारण 1एक तासाचं आहे.
/root/f5-tts-marathi/datasets/syspin_marathi_female/extracted/IISc_SYSPIN_Data/IISc_SYSPINProject_Marathi_Female_Spk001_HC/wav/IISc_SYSPINProject_mr_f_HEAL_02895.wav|गणेशच्या मेंदूमध्ये रक्तस्राव झाल्यानं डॉक्टरांना तातडीनं त्याच्यावर शस्त्रक्रिया करणं भाग पडलं.
/root/f5-tts-marathi/datasets/syspin_marathi_female/extracted/IISc_SYSPIN_Data/IISc_SYSPINProject_Marathi_Female_Spk001_HC/wav/IISc_SYSPINProject_mr_f_WEAT_04254.wav|आज बुधवारी सकाळी स्त्री जातीचे जिवंत अर्भक आढळून आलं होतं.
/root/f5-tts-marathi/datasets/syspin_marathi_female/extracted/IISc_SYSPIN_Data/IISc_SYSPINProject_Marathi_Female_Spk001_HC/wav/IISc_SYSPINProject_mr_f_BOOK_03229.wav|कुडाळवर शिवाजी महाराजांची स्वारी झाल्याने डचांच्या व्यापारावर प्रतिकूल परिणाम झाला.
/root/f5-tts-marathi/datasets/syspin_marathi_female/extracted/IISc_SYSPIN_Data/IISc_SYSPINProject_Marathi_Female_Spk001_HC/wav/IISc_SYSPINProject_mr_f_OTHE_00852.wav|फायण्डिंग फेनी सोबत बिपाशाचा सिनेमा क्रिएचर देखिल रिलीज झालाय, मात्र फायण्डिंग फेनीच्या मानाने या चित्रपटाला अजून तरी मोठा प्रतिसाद लाभलेला नाही.
/root/f5-tts-marathi/datasets/syspin_marathi_female/extracted/IISc_SYSPIN_Data/IISc_SYSPINProject_Marathi_Female_Spk001_HC/wav/IISc_SYSPINProject_mr_f_FINA_02131.wav|परिवहन कर्मचाऱ्यांना पाचवा वेतन आयोग लागू करताना व रोजंदारी कर्मचार्यांना वेतनश्रेणी प्रस्तावाच्या वेळी आस्थापन खर्च 34चौतीस व 33तेहतीस टक्के दाखवण्यात आला.
/root/f5-tts-marathi/datasets/syspin_marathi_female/extracted/IISc_SYSPIN_Data/IISc_SYSPINProject_Marathi_Female_Spk001_HC/wav/IISc_SYSPINProject_mr_f_AGRI_03786.wav|केळी पिकाच्या लागवडीत प्रामुख्याने पर्णगुच्छ, इन्फेक्शियस क्लोरोसिस, स्ट्रिक व्हायरस, ब्रेक्ट मोझेक यासारख्या विषाणूजन्य रोगांचा प्रादुर्भाव दिसून येतो.
/root/f5-tts-marathi/datasets/syspin_marathi_female/extracted/IISc_SYSPIN_Data/IISc_SYSPINProject_Marathi_Female_Spk001_HC/wav/IISc_SYSPINProject_mr_f_BOOK_01822.wav|सातत्याने कृतिशील राहून त्या समस्येबाबत जनमत तयार करून राजकीय पक्ष व सरकारवर दबाव आणण्याचे काम केले जाते.
/root/f5-tts-marathi/datasets/syspin_marathi_female/extracted/IISc_SYSPIN_Data/IISc_SYSPINProject_Marathi_Female_Spk001_HC/wav/IISc_SYSPINProject_mr_f_WEAT_02695.wav|अशा उत्तुंग व्यक्तिमत्त्वाच्या नावानेच शत्रू थरथर कापत असे, तर प्रत्यक्षात आक्रमण केल्यावर त्यांची काय धूळधाण उडत असेल, याची कल्पनाच केलेली बरी.
/root/f5-tts-marathi/datasets/syspin_marathi_female/extracted/IISc_SYSPIN_Data/IISc_SYSPINProject_Marathi_Female_Spk001_HC/wav/IISc_SYSPINProject_mr_f_HEAL_01859.wav|आज रविवार आणि ओफिसला सुट्टी, मग काय, अंथरुणात शिरायचे नि झोपेच्या मांडीवर डोके टेकून डोळे मिटून घ्यायचे
/root/f5-tts-marathi/datasets/syspin_marathi_female/extracted/IISc_SYSPIN_Data/IISc_SYSPINProject_Marathi_Female_Spk001_HC/wav/IISc_SYSPINProject_mr_f_POLI_02102.wav|मेघवाड, भील्ल, कोळी आदिवासी अशा जाती हिंदूंमध्ये आहेत, त्याचं राहणं, खाणं राजस्थानी लोकांसारखं आहे
/root/f5-tts-marathi/datasets/syspin_marathi_female/extracted/IISc_SYSPIN_Data/IISc_SYSPINProject_Marathi_Female_Spk001_HC/wav/IISc_SYSPINProject_mr_f_AGRI_03527.wav|राष्ट्रीय कृषी विकास योजनेच्या माध्यमातून रेशीम पार्कच्या निधीसाठी पाठपुरावा करावा.
/root/f5-tts-marathi/datasets/syspin_marathi_female/extracted/IISc_SYSPIN_Data/IISc_SYSPINProject_Marathi_Female_Spk001_HC/wav/IISc_SYSPINProject_mr_f_FINA_03319.wav|यावर उपाय म्हणजे सदर प्रस्तावातील विमा धारकांच्या हिताची काही कलमे आहेत तशीच ठेवून हप्त्यातील वाढ कमीतकमी राहील हे पाहणे.
/root/f5-tts-marathi/datasets/syspin_marathi_female/extracted/IISc_SYSPIN_Data/IISc_SYSPINProject_Marathi_Female_Spk001_HC/wav/IISc_SYSPINProject_mr_f_FINA_03185.wav|एकाच वेळी सर्वांनी गोंधळ न घालता ज्यांची निकड असेल त्यांनीच तातडीने पैसे बंकेत भरून नव्या नोटा काढाव्यात.
/root/f5-tts-marathi/datasets/syspin_marathi_female/extracted/IISc_SYSPIN_Data/IISc_SYSPINProject_Marathi_Female_Spk001_HC/wav/IISc_SYSPINProject_mr_f_FINA_00576.wav|हलाखीची स्थिती असलेल्या क्षेत्रामध्ये, नैसर्गिक आपत्तीवेळी पूर्वस्थिती येईपर्यंत गैरसंस्थात्मक कर्जासहित सर्व कर्जाची वसुली स्थगित करून त्यावरील व्याज माफ करावे.
/root/f5-tts-marathi/datasets/syspin_marathi_female/extracted/IISc_SYSPIN_Data/IISc_SYSPINProject_Marathi_Female_Spk001_HC/wav/IISc_SYSPINProject_mr_f_GENE_02388.wav|सुरुवातीला इंटरनेट आणि अस्ट्रॉनॉट या शब्दांपासून तयार केलेला इंटरनॉट हा शब्द वापरला जात असे.
/root/f5-tts-marathi/datasets/syspin_marathi_female/extracted/IISc_SYSPIN_Data/IISc_SYSPINProject_Marathi_Female_Spk001_HC/wav/IISc_SYSPINProject_mr_f_WEAT_02862.wav|राज कपूरच्या आवारामध्ये नर्गिस, संगममध्ये वैजंयती माला, मेरा नाम जोकरमध्ये सिम्मी गरेवाल आणि बॉबीमध्ये डिंपल कपाडिया यांच्या अत्यंत वेलस्क्रिप्टेड बिकिनी होत्या.
/root/f5-tts-marathi/datasets/syspin_marathi_female/extracted/IISc_SYSPIN_Data/IISc_SYSPINProject_Marathi_Female_Spk001_HC/wav/IISc_SYSPINProject_mr_f_POLI_00132.wav|ज्या रिव्हॉल्व्हरने गोळी घातली गेली ती रिव्हॉल्व्हर साथीदार आरोपी लक्ष्मण शिंदे याने गयाळवाडी येथे खड्डा काढून लपवून ठेवली होती.
/root/f5-tts-marathi/datasets/syspin_marathi_female/extracted/IISc_SYSPIN_Data/IISc_SYSPINProject_Marathi_Female_Spk001_HC/wav/IISc_SYSPINProject_mr_f_POLI_01785.wav|हिल्टॉन हॉटेलमध्ये कांग्रेसचे आमदार राहत असून, जेडीएसच्या आमदारांना एका रिसॉर्टमध्ये ठेवण्यात आलं आहे.
/root/f5-tts-marathi/datasets/syspin_marathi_female/extracted/IISc_SYSPIN_Data/IISc_SYSPINProject_Marathi_Female_Spk001_HC/wav/IISc_SYSPINProject_mr_f_BOOK_01135.wav|कोशाच्या शेवटी सूची दिलेली असेल तर वाचकाची उत्तम सोय होते.
/root/f5-tts-marathi/datasets/syspin_marathi_female/extracted/IISc_SYSPIN_Data/IISc_SYSPINProject_Marathi_Female_Spk001_HC/wav/IISc_SYSPINProject_mr_f_FINA_00357.wav|शहरातील नोकरदार एप्रिल महिन्यातच पूर्ण आर्थिक वर्षाचं नियोजन करून, किती उत्पन्न अपेक्षित आहे, किती कर द्यायचा, कसा वाचवायचा या गोष्टी मार्गी लावतो.
/root/f5-tts-marathi/datasets/syspin_marathi_female/extracted/IISc_SYSPIN_Data/IISc_SYSPINProject_Marathi_Female_Spk001_HC/wav/IISc_SYSPINProject_mr_f_WEAT_04207.wav|टेकडीवर पूर्वी छोटेसे मंदिर होते. ते मंदिर टेम्भीमातेचे असल्याचे जुने लोक सांगत होते.
/root/f5-tts-marathi/datasets/syspin_marathi_female/extracted/IISc_SYSPIN_Data/IISc_SYSPINProject_Marathi_Female_Spk001_HC/wav/IISc_SYSPINProject_mr_f_BOOK_01480.wav|ठरावीक मुदतीनंतर मुक्त आणि न्याय्य वातावरणात होणाऱ्या निवडणुका हे भारतीय लोकशाहीचे यश आहे.
/root/f5-tts-marathi/datasets/syspin_marathi_female/extracted/IISc_SYSPIN_Data/IISc_SYSPINProject_Marathi_Female_Spk001_HC/wav/IISc_SYSPINProject_mr_f_WEAT_00596.wav|सुभाष यादव हे शाहगंज कोतवाली येथील धौरहरा गावाचे रहिवासी होते.
/root/f5-tts-marathi/datasets/syspin_marathi_female/extracted/IISc_SYSPIN_Data/IISc_SYSPINProject_Marathi_Female_Spk001_HC/wav/IISc_SYSPINProject_mr_f_GENE_03237.wav|मात्र, दुसर्या व तिसर्या सेटमध्ये त्यांना चांगला खेळ करता आला नाही आणि त्यांच्यावर स्पर्धेबाहेर जाण्याची नामुष्की ओढवली.
/root/f5-tts-marathi/datasets/syspin_marathi_female/extracted/IISc_SYSPIN_Data/IISc_SYSPINProject_Marathi_Female_Spk001_HC/wav/IISc_SYSPINProject_mr_f_BOOK_03925.wav|जहाजातील उतारूंनी ताबडतोब आपापल्या गावी जावे असे त्यांना इंग्रज अधिकाऱ्यांनी सांगितले.
/root/f5-tts-marathi/datasets/syspin_marathi_female/extracted/IISc_SYSPIN_Data/IISc_SYSPINProject_Marathi_Female_Spk001_HC/wav/IISc_SYSPINProject_mr_f_BOOK_02868.wav|पुढे व्यापार वाढत गेला आणि युरोपीय राष्ट्रांमध्ये एका नव्या स्पर्धेचा उदय झाला.
/root/f5-tts-marathi/datasets/syspin_marathi_female/extracted/IISc_SYSPIN_Data/IISc_SYSPINProject_Marathi_Female_Spk001_HC/wav/IISc_SYSPINProject_mr_f_EDUC_02656.wav|बाबाने स्वतःच्या नावात लावलेल्या सगळ्या पदव्या खोट्या असल्याचंही माजी सुरक्षा रक्षकाने म्हटलं आहे.
/root/f5-tts-marathi/datasets/syspin_marathi_female/extracted/IISc_SYSPIN_Data/IISc_SYSPINProject_Marathi_Female_Spk001_HC/wav/IISc_SYSPINProject_mr_f_BOOK_02438.wav|तेथे उठाव होण्याचे हेएक मुख्य कारण आहे.
/root/f5-tts-marathi/datasets/syspin_marathi_female/extracted/IISc_SYSPIN_Data/IISc_SYSPINProject_Marathi_Female_Spk001_HC/wav/IISc_SYSPINProject_mr_f_EVAL_00084.wav|मी तस करणार नाही. मी काहीही चूक केलेली नाही. त्यापेक्षा मी राजीनामा लिहून देतो.
/root/f5-tts-marathi/datasets/syspin_marathi_female/extracted/IISc_SYSPIN_Data/IISc_SYSPINProject_Marathi_Female_Spk001_HC/wav/IISc_SYSPINProject_mr_f_BOOK_01897.wav|त्य अधिक विषयनिष्ठ होऊ लागल्या, म्हणजेच एकेका विषयाभोवती जनआंदोलन उभे करण्याचे प्रयत्न होऊ लागले.
/root/f5-tts-marathi/datasets/syspin_marathi_female/extracted/IISc_SYSPIN_Data/IISc_SYSPINProject_Marathi_Female_Spk001_HC/wav/IISc_SYSPINProject_mr_f_FINA_02040.wav|पुढील काही वर्षांत प्रत्यक्ष कर देणारे आणि महसूल कैक पटीने वाढला पाहिजे.
/root/f5-tts-marathi/datasets/syspin_marathi_female/extracted/IISc_SYSPIN_Data/IISc_SYSPINProject_Marathi_Female_Spk001_HC/wav/IISc_SYSPINProject_mr_f_OTHE_01913.wav|शिवशाही फक्त गाडीवर नको तर प्रत्यक्षात कारभारातही हवी असा सल्ला यावेळी उद्धव ठाकरेंनी दिला.
/root/f5-tts-marathi/datasets/syspin_marathi_female/extracted/IISc_SYSPIN_Data/IISc_SYSPINProject_Marathi_Female_Spk001_HC/wav/IISc_SYSPINProject_mr_f_OTHE_02280.wav|मात्र, यापुढे फोटो, ओळखपत्र आणि रहिवासी प्रमाणपत्र हे दोन्ही पुरावे एका आधार कार्डाच्या माध्यमातून ग्राह्य धरले जाणार आहेत.
/root/f5-tts-marathi/datasets/syspin_marathi_female/extracted/IISc_SYSPIN_Data/IISc_SYSPINProject_Marathi_Female_Spk001_HC/wav/IISc_SYSPINProject_mr_f_BOOK_01545.wav|भूमिकाही खूप महत्त्वाची आहे.
/root/f5-tts-marathi/datasets/syspin_marathi_female/extracted/IISc_SYSPIN_Data/IISc_SYSPINProject_Marathi_Female_Spk001_HC/wav/IISc_SYSPINProject_mr_f_GENE_02262.wav|त्यानंतर भिंतीच्या अर्ध्या भागापर्यंत टाईल्स व वरच्या भागाला रंग दिला जायचा.
/root/f5-tts-marathi/datasets/syspin_marathi_female/extracted/IISc_SYSPIN_Data/IISc_SYSPINProject_Marathi_Female_Spk001_HC/wav/IISc_SYSPINProject_mr_f_OTHE_02031.wav|मात्र, एका सत्प्रवृत्तीच्या व्यक्तीमुळे खल प्रवृत्तीवर मात करता येऊ शकते, हेही खरे.
/root/f5-tts-marathi/datasets/syspin_marathi_female/extracted/IISc_SYSPIN_Data/IISc_SYSPINProject_Marathi_Female_Spk001_HC/wav/IISc_SYSPINProject_mr_f_BOOK_01184.wav|या पुढचा महत्त्वाचा कोश म्हणजे भारतवर्षीय चरित्रकोश होय.
/root/f5-tts-marathi/datasets/syspin_marathi_female/extracted/IISc_SYSPIN_Data/IISc_SYSPINProject_Marathi_Female_Spk001_HC/wav/IISc_SYSPINProject_mr_f_OTHE_02342.wav|हा प्रकल्प पिझ्झेरियस, रेस्टॉरंट्स, आइस्क्रीम केफे आणि मिठाई दंड संयोजन आहे.
/root/f5-tts-marathi/datasets/syspin_marathi_female/extracted/IISc_SYSPIN_Data/IISc_SYSPINProject_Marathi_Female_Spk001_HC/wav/IISc_SYSPINProject_mr_f_POLI_00882.wav|"""रुपालीने वीणाला ओव्हर कॉन्फिडन्ट म्हटले आणि अशा सदस्यांना या घरामध्ये जागा नाही असे देखील तिने स्पष्ट केले."""
/root/f5-tts-marathi/datasets/syspin_marathi_female/extracted/IISc_SYSPIN_Data/IISc_SYSPINProject_Marathi_Female_Spk001_HC/wav/IISc_SYSPINProject_mr_f_BOOK_01665.wav|प्रस्तुत पाठात आपण भारतातल्या राजकीय पक्षपद्धतीची ओळख करून घेणार आहोत.
/root/f5-tts-marathi/datasets/syspin_marathi_female/extracted/IISc_SYSPIN_Data/IISc_SYSPINProject_Marathi_Female_Spk001_HC/wav/IISc_SYSPINProject_mr_f_AGRI_01860.wav|तो बाहेर काढून आमचे दादा तो बांबू माझ्या खांद्यावर ठेवून धुवून आणण्यासाठी ओढ्यावर पाठवीत असायचे.
/root/f5-tts-marathi/datasets/syspin_marathi_female/extracted/IISc_SYSPIN_Data/IISc_SYSPINProject_Marathi_Female_Spk001_HC/wav/IISc_SYSPINProject_mr_f_HEAL_02424.wav|फक्त योग्य आहार आणि नियमित व्यायाम कर्करोग दूर ठेवण्यासाठी महत्त्वपूर्ण आहे असं नाही तर पुढील पाच फळांनी कर्करोग दूर राहण्यासही मदत होते
/root/f5-tts-marathi/datasets/syspin_marathi_female/extracted/IISc_SYSPIN_Data/IISc_SYSPINProject_Marathi_Female_Spk001_HC/wav/IISc_SYSPINProject_mr_f_HEAL_04410.wav|रसानोपचारांमुळे अनेकदा कर्करोग बाधित रुग्णाच्या अस्थिमज्जेचा ऱ्हास होतो. त्यामुळे रक्तात पांढऱ्या पेशींचे प्रमाण कमी होते.
/root/f5-tts-marathi/datasets/syspin_marathi_female/extracted/IISc_SYSPIN_Data/IISc_SYSPINProject_Marathi_Female_Spk001_HC/wav/IISc_SYSPINProject_mr_f_OTHE_02986.wav|म्हाडाने बीडीडी चाळीतील रहिवाशांचे ट्रान्झिट केम्पमध्ये स्थलांतर करण्यासाठी मुव्हर्स एण्ड पेकर्सची व्यवस्था केली आहे
/root/f5-tts-marathi/datasets/syspin_marathi_female/extracted/IISc_SYSPIN_Data/IISc_SYSPINProject_Marathi_Female_Spk001_HC/wav/IISc_SYSPINProject_mr_f_BOOK_04060.wav|1962एकोणीशे बासष्ट मध्ये सार्वमताच्या आधारावर अल्जेरियाला स्वातंत्र्य मिळाले.
/root/f5-tts-marathi/datasets/syspin_marathi_female/extracted/IISc_SYSPIN_Data/IISc_SYSPINProject_Marathi_Female_Spk001_HC/wav/IISc_SYSPINProject_mr_f_AGRI_03585.wav|खरीप हंगामातील हायब्रीड मका, वाटाणा, सोयाबीन, घेवडा, तूर, मूग, चवळी, भुईमूग आदी पिकांची पेरणी सध्या जोमात सुरू आहे.
/root/f5-tts-marathi/datasets/syspin_marathi_female/extracted/IISc_SYSPIN_Data/IISc_SYSPINProject_Marathi_Female_Spk001_HC/wav/IISc_SYSPINProject_mr_f_FINA_01632.wav|नोकरीत बोनस अथवा व्यवसायात अतिरिक्त नफा झाल्यास चैनीच्या वस्तूंची खरेदी केली जाते.
/root/f5-tts-marathi/datasets/syspin_marathi_female/extracted/IISc_SYSPIN_Data/IISc_SYSPINProject_Marathi_Female_Spk001_HC/wav/IISc_SYSPINProject_mr_f_AGRI_03693.wav|दीर्घकाळ दर्जेदार फळांचे उत्पन्न मिळण्यासाठी लिंबूच्या झाडांचे खोड मजबूत होणे आवश्यक आहे.
/root/f5-tts-marathi/datasets/syspin_marathi_female/extracted/IISc_SYSPIN_Data/IISc_SYSPINProject_Marathi_Female_Spk001_HC/wav/IISc_SYSPINProject_mr_f_FINA_01327.wav|यात सुरुवातीच्या केंद्राने जरी दोन वर्षे अनुदान दिले असले तरी राज्य सरकारचे अनुदान मिळण्यास उशीर झाला.
/root/f5-tts-marathi/datasets/syspin_marathi_female/extracted/IISc_SYSPIN_Data/IISc_SYSPINProject_Marathi_Female_Spk001_HC/wav/IISc_SYSPINProject_mr_f_BOOK_03411.wav|अहमद खान यांनी ' मोहम्मदन सोशल रिफर्मर 'या नावाचे नियतकालिक सुरू केले.
/root/f5-tts-marathi/datasets/syspin_marathi_female/extracted/IISc_SYSPIN_Data/IISc_SYSPINProject_Marathi_Female_Spk001_HC/wav/IISc_SYSPINProject_mr_f_FINA_03249.wav|इंडेक्सने दीर्घकाळात चांगला परतावा दिल्याने त्यामध्ये अथवा त्याच प्रमाणात शेअरमध्ये गुंतवणूक करणे हा एक फायदेशीर सौदा ठरू शकतो.
/root/f5-tts-marathi/datasets/syspin_marathi_female/extracted/IISc_SYSPIN_Data/IISc_SYSPINProject_Marathi_Female_Spk001_HC/wav/IISc_SYSPINProject_mr_f_GENE_00651.wav|ज्युुडो आणि तायक्वांडो हे खेळ अनुक्रमे जपान आणि दक्षिण कोरियाचे राष्ट्रीय खेळ समजले जातात.
/root/f5-tts-marathi/datasets/syspin_marathi_female/extracted/IISc_SYSPIN_Data/IISc_SYSPINProject_Marathi_Female_Spk001_HC/wav/IISc_SYSPINProject_mr_f_BOOK_01328.wav|खगोलीय वस्तूंमधून उत्सर्जित झालेल्या गुरुत्वीय लहरींना शोधण्यासाठी शस्त्रज्ञांनी अतिशय संवेदनशील उपकरणे विकसित केली आहेत.
/root/f5-tts-marathi/datasets/syspin_marathi_female/extracted/IISc_SYSPIN_Data/IISc_SYSPINProject_Marathi_Female_Spk001_HC/wav/IISc_SYSPINProject_mr_f_BOOK_03224.wav|छोटी-छोटी ठाणी जिंकून घेतली तरी जोपर्यंत वसईचा किल्ला जिंकला जात नाही तोपर्यंत आजूबाजूच्या प्रदेशावर कायमस्वरूपी मालकी प्रस्थापित करणे अवघड होते.
/root/f5-tts-marathi/datasets/syspin_marathi_female/extracted/IISc_SYSPIN_Data/IISc_SYSPINProject_Marathi_Female_Spk001_HC/wav/IISc_SYSPINProject_mr_f_OTHE_03849.wav|सर्वोत्कृष्ट चित्रपटांच्या नामांकनात ब्लेक पंथर, ग्रीन बुक, रोमा, अ स्टार इज बॉर्न, व्हाइस या चित्रपटांचा समावेश आहे
/root/f5-tts-marathi/datasets/syspin_marathi_female/extracted/IISc_SYSPIN_Data/IISc_SYSPINProject_Marathi_Female_Spk001_HC/wav/IISc_SYSPINProject_mr_f_FINA_01055.wav|स्वाईप मशिनवर लागणारा 25एकशे पंचवीस टक्के विक्री कर आणि 4चार टक्के एक्साईज करदेखील सरकारने माफ केला आहे.
/root/f5-tts-marathi/datasets/syspin_marathi_female/extracted/IISc_SYSPIN_Data/IISc_SYSPINProject_Marathi_Female_Spk001_HC/wav/IISc_SYSPINProject_mr_f_BOOK_05412.wav|जेव्हा वातावरणातील पाण्याच्या लहान थेंबामध्ये प्रकाशकिरण प्रवेश करतो तेव्हा पाण्याचे थेंब सूर्यप्रकाशाचे अपवर्तन व अपस्करण घडवून आणतात.
/root/f5-tts-marathi/datasets/syspin_marathi_female/extracted/IISc_SYSPIN_Data/IISc_SYSPINProject_Marathi_Female_Spk001_HC/wav/IISc_SYSPINProject_mr_f_WEAT_00876.wav|आंध्र प्रदेश पोलिसांनी सांगितले की पोलिस गुप्तचर शाखेने केन्द्रीय गुप्तचर संस्था आणि नौदलाच्या मदतीने ही कारवाई केली आहे.
/root/f5-tts-marathi/datasets/syspin_marathi_female/extracted/IISc_SYSPIN_Data/IISc_SYSPINProject_Marathi_Female_Spk001_HC/wav/IISc_SYSPINProject_mr_f_BOOK_04837.wav|शंकुपात्राचे तराजूच्या सहाय्याने वजन करा.
/root/f5-tts-marathi/datasets/syspin_marathi_female/extracted/IISc_SYSPIN_Data/IISc_SYSPINProject_Marathi_Female_Spk001_HC/wav/IISc_SYSPINProject_mr_f_GENE_01611.wav|लकडी पुलावरून दुचाकी वाहनांना परवानगी नसताना या लष्करी अधिकाऱ्यांनी टू व्हीलर आणली, म्हणून पोलीस कॉनस्टेबलनी त्यांना हटकलं.
/root/f5-tts-marathi/datasets/syspin_marathi_female/extracted/IISc_SYSPIN_Data/IISc_SYSPINProject_Marathi_Female_Spk001_HC/wav/IISc_SYSPINProject_mr_f_AGRI_02425.wav|मोगऱ्याच वेल असतो तर बट मोगरा त्याची झाडे असतात. एखादे पांढरे शुभ्र सुवासिक फूल किंवा याचा गजरा करुन माळण्याची पध्दत आहे.
/root/f5-tts-marathi/datasets/syspin_marathi_female/extracted/IISc_SYSPIN_Data/IISc_SYSPINProject_Marathi_Female_Spk001_HC/wav/IISc_SYSPINProject_mr_f_POLI_03254.wav|रायगड कांग्रेसला खच्चीकरण करण्यात तटकरेंचा सिंहाचा वाटा असल्याने त्यांचा प्रचार करण्यास काही तालुक्यातील कार्यकर्त्यांनी जाहीरपणे नकार दर्शविला आहे.
/root/f5-tts-marathi/datasets/syspin_marathi_female/extracted/IISc_SYSPIN_Data/IISc_SYSPINProject_Marathi_Female_Spk001_HC/wav/IISc_SYSPINProject_mr_f_BOOK_04735.wav|रेतातील काही दशलक्ष संख्या असलेले शुक्राणू योनी मार्ग - गर्भाशय - अंडनलिका असा प्रवास करतात व त्यांतील एक शुक्राणू अंडनलिकेमध्ये असलेल्य एकमेव अंडपेशीचे फलन करते.
/root/f5-tts-marathi/datasets/syspin_marathi_female/extracted/IISc_SYSPIN_Data/IISc_SYSPINProject_Marathi_Female_Spk001_HC/wav/IISc_SYSPINProject_mr_f_BOOK_05581.wav|ही धातूकांची भुकटी धातुकांचे लहान तुकड्यांपासून बॉल मिल वापरून तयार केली जाते.
/root/f5-tts-marathi/datasets/syspin_marathi_female/extracted/IISc_SYSPIN_Data/IISc_SYSPINProject_Marathi_Female_Spk001_HC/wav/IISc_SYSPINProject_mr_f_EDUC_02462.wav|या जीपमधील अपघातात दगडू आनंदा भणगे, बाळासाहेब माळवदे, द्रौपदा भाऊसाहेब कातोरे, रमेश भाऊसाहेब कातोरे, आणि हनुमान अंबादास दुसे आदीजण जागीच ठार झाले.
/root/f5-tts-marathi/datasets/syspin_marathi_female/extracted/IISc_SYSPIN_Data/IISc_SYSPINProject_Marathi_Female_Spk001_HC/wav/IISc_SYSPINProject_mr_f_OTHE_00846.wav|दुधात डिटर्जंट, ग्लुकोज, युरिया, कॉस्टिक सोडा, व्हाईट पेंटची भेसळ करण्यात येते.
/root/f5-tts-marathi/datasets/syspin_marathi_female/extracted/IISc_SYSPIN_Data/IISc_SYSPINProject_Marathi_Female_Spk001_HC/wav/IISc_SYSPINProject_mr_f_AGRI_00887.wav|केळी या पिकाचे मूळ स्थान आशिया खंडाच्या आग्नेय भागात असून आधुनिक शास्त्रज्ञांच्या मते ते भारतातील आसाम राज्याच्या दक्षिणेस आहे.
/root/f5-tts-marathi/datasets/syspin_marathi_female/extracted/IISc_SYSPIN_Data/IISc_SYSPINProject_Marathi_Female_Spk001_HC/wav/IISc_SYSPINProject_mr_f_OTHE_03061.wav|गेला महिनाभर डाळींचे भाव कडाडत असताना बघ्याची भूमिका घेणाऱ्या व्यापाऱ्याना अचानक गरिबांची दिवाळी आठवली हा चर्चेचा विषय आहे
/root/f5-tts-marathi/datasets/syspin_marathi_female/extracted/IISc_SYSPIN_Data/IISc_SYSPINProject_Marathi_Female_Spk001_HC/wav/IISc_SYSPINProject_mr_f_POLI_00794.wav|अंबरनाथ पूर्वेतील कानसई परिसरात राहणारे केमिकल कन्सल्टंट अतुल कुलकर्णी यांचे वडील दत्तात्रय कुलकर्णी यांच्या नावावर कोपरगाव येथे जमीन आहे.
/root/f5-tts-marathi/datasets/syspin_marathi_female/extracted/IISc_SYSPIN_Data/IISc_SYSPINProject_Marathi_Female_Spk001_HC/wav/IISc_SYSPINProject_mr_f_HEAL_02572.wav|जेवण झाल्यानंतर शरीरातील रक्तप्रवाह पोटाकडे वळविला जात असल्याने मेंदूला काहीश्या कमी प्रमाणात रक्त पुरवठा होतो
/root/f5-tts-marathi/datasets/syspin_marathi_female/extracted/IISc_SYSPIN_Data/IISc_SYSPINProject_Marathi_Female_Spk001_HC/wav/IISc_SYSPINProject_mr_f_AGRI_03189.wav|भंडारदरा जलाशयात 11अकरा हजार 26सव्वीस दशलक्ष घनफूट पाणी शिल्लक असून, निळवंडे जलाशयात पाणी सोडतेवेळी 8114आठ हजार एकशे चौदा दशलक्ष घनफूट पाणी शिल्लक आहे.
/root/f5-tts-marathi/datasets/syspin_marathi_female/extracted/IISc_SYSPIN_Data/IISc_SYSPINProject_Marathi_Female_Spk001_HC/wav/IISc_SYSPINProject_mr_f_AGRI_03345.wav|तसेच नाचणी, तुरी, वरी, कुळीथ, भाजीपाला इत्यादी पिके त्या ठिकाणचे ग्रामस्थ घेतात.
/root/f5-tts-marathi/datasets/syspin_marathi_female/extracted/IISc_SYSPIN_Data/IISc_SYSPINProject_Marathi_Female_Spk001_HC/wav/IISc_SYSPINProject_mr_f_WEAT_01171.wav|"परंतु ""बाय इन्स्क्रिप्शन"" मोजमापात परिघ हा कमी मोजला जाईल, असा सिद्धांतच आहे."
/root/f5-tts-marathi/datasets/syspin_marathi_female/extracted/IISc_SYSPIN_Data/IISc_SYSPINProject_Marathi_Female_Spk001_HC/wav/IISc_SYSPINProject_mr_f_WEAT_01643.wav|यावेळी या नाविन्यपूर्ण दागिन्यांच्या प्रमुख शिल्पकार व इन्ट्रियाच्या भागीदार प्रसिद्ध ज्वेलरी डिझायनर पूर्वा दर्डा-कोठारी आणि दुसरे भागीदार हिरे व्यापारी हर्निश सेठ उपस्थित होते.
/root/f5-tts-marathi/datasets/syspin_marathi_female/extracted/IISc_SYSPIN_Data/IISc_SYSPINProject_Marathi_Female_Spk001_HC/wav/IISc_SYSPINProject_mr_f_BOOK_00800.wav|ओलिंपिक, एशियाड, ब्रिटिश राष्ट्रकुल, विंबल्डन यांसारख्या स्पर्धांमधून खेळल्या जाणाऱ्या क्रिकेट, फुटबॉल, लॉन टेनिस इत्यादी सामन्यांचे थेट प्रक्षेपण दूरदर्शन व अन्य वाहिन्यांवरून जगभर एकाच वेळी केले जाते.
/root/f5-tts-marathi/datasets/syspin_marathi_female/extracted/IISc_SYSPIN_Data/IISc_SYSPINProject_Marathi_Female_Spk001_HC/wav/IISc_SYSPINProject_mr_f_OTHE_03990.wav|चॉकलेट्स, बिस्कीटं, वेफर्स, कोल्ड्रींक्स यांच्यासह सिगरेट, तंबाखूजन्य वस्तू विक्रीसाठी ठेवलेल्या असतात
/root/f5-tts-marathi/datasets/syspin_marathi_female/extracted/IISc_SYSPIN_Data/IISc_SYSPINProject_Marathi_Female_Spk001_HC/wav/IISc_SYSPINProject_mr_f_OTHE_03616.wav|ही कारवाई सहायक आयुक्त समीर शेख, युनिट एकचे सतीश निकम व कर्मचारी अतुल गायकवाड, दिनेश गडांकुश, खराडे, भिलारे, फरांदे यांच्या पथकाने केली आहे
/root/f5-tts-marathi/datasets/syspin_marathi_female/extracted/IISc_SYSPIN_Data/IISc_SYSPINProject_Marathi_Female_Spk001_HC/wav/IISc_SYSPINProject_mr_f_GENE_00384.wav|डीसीयूचे वैशिष्ठ्य म्हणजे हे ओटोमेटिक पद्धतीने वीज ग्राहकांच्या मीटरचा डेटा केप्चर करून सर्व्हरला पाठवतो.
/root/f5-tts-marathi/datasets/syspin_marathi_female/extracted/IISc_SYSPIN_Data/IISc_SYSPINProject_Marathi_Female_Spk001_HC/wav/IISc_SYSPINProject_mr_f_BOOK_03373.wav|रॉय यांनी 'आत्मीय सभे'च्या माध्यमातून सर्व धर्मांमधील समान तत्त्वे शोधण्याचा प्रयत्न केला.
/root/f5-tts-marathi/datasets/syspin_marathi_female/extracted/IISc_SYSPIN_Data/IISc_SYSPINProject_Marathi_Female_Spk001_HC/wav/IISc_SYSPINProject_mr_f_POLI_00723.wav|सईच्या मृत्यूने तिची आई रेणुका शहाणे वडील मिलिंद फाटक आणि भाऊ साहिल सुमेध पूर्णपणे ढासळलेले असतात.
/root/f5-tts-marathi/datasets/syspin_marathi_female/extracted/IISc_SYSPIN_Data/IISc_SYSPINProject_Marathi_Female_Spk001_HC/wav/IISc_SYSPINProject_mr_f_POLI_01943.wav|येथील टेकडीवर असलेल्या गुहेत ही मूर्ती आहे. या मूर्तीची उंची साडेतीन फूट आहे. ही जागा चाफळच्या नैर्ऋत्य दिशेला सुमारे एक किलोमीटर अंतरावर आहे.
/root/f5-tts-marathi/datasets/syspin_marathi_female/extracted/IISc_SYSPIN_Data/IISc_SYSPINProject_Marathi_Female_Spk001_HC/wav/IISc_SYSPINProject_mr_f_GENE_03459.wav|10दहा वर्षांपूर्वी गुगलने ओर्कुट ही सोशल नेटवर्किंग साईट इंटरनेट विश्वात आणली.
/root/f5-tts-marathi/datasets/syspin_marathi_female/extracted/IISc_SYSPIN_Data/IISc_SYSPINProject_Marathi_Female_Spk001_HC/wav/IISc_SYSPINProject_mr_f_GENE_00774.wav|त्यामुळे त्यांची गावातील ग्रामस्थांनी शोधाशोध केली असता गावाच्या पूर्वेला असलेल्या तळ्यासारख्या खड्ड्याजवळ त्यांच्या चपला व कपडे सापडले होते.
/root/f5-tts-marathi/datasets/syspin_marathi_female/extracted/IISc_SYSPIN_Data/IISc_SYSPINProject_Marathi_Female_Spk001_HC/wav/IISc_SYSPINProject_mr_f_POLI_02143.wav|तसेच कामाच्या ठिकाणी कर्मचाऱ्यांना पिण्याचे पाणी, केन्टीन, प्राथमिक उपचारांचे साहित्य, स्वच्छतागृहे आदी सोयी सुविधाही उपलब्ध होणार आहेत
/root/f5-tts-marathi/datasets/syspin_marathi_female/extracted/IISc_SYSPIN_Data/IISc_SYSPINProject_Marathi_Female_Spk001_HC/wav/IISc_SYSPINProject_mr_f_WEAT_03342.wav|फोर्ब्जने अब्जाधीशांची यादी जाहीर केली असून 110एकशे दहा अब्ज डॉलर्सची संपत्ती असलेले अमेझॉनचे संस्थापक जेफ बेझोस हे जगातील सगळ्यात श्रीमंत गृहस्थ ठरले आहेत.
/root/f5-tts-marathi/datasets/syspin_marathi_female/extracted/IISc_SYSPIN_Data/IISc_SYSPINProject_Marathi_Female_Spk001_HC/wav/IISc_SYSPINProject_mr_f_FINA_00161.wav|2014दोन हजार चौदा मध्ये युनायटेड बंकेनं युनायटेड ब्रेवरीज होल्डिंग्सला कर्ज बुडवणारी कंपनी म्हणून घोषित केलं.
/root/f5-tts-marathi/datasets/syspin_marathi_female/extracted/IISc_SYSPIN_Data/IISc_SYSPINProject_Marathi_Female_Spk001_HC/wav/IISc_SYSPINProject_mr_f_EDUC_03462.wav|उद्या जीएसटीचा इन्वॉइस तरी तयार होऊ शकेल की नाही अशी भीती पण आहेच
/root/f5-tts-marathi/datasets/syspin_marathi_female/extracted/IISc_SYSPIN_Data/IISc_SYSPINProject_Marathi_Female_Spk001_HC/wav/IISc_SYSPINProject_mr_f_POLI_03439.wav|शिवाय मतदान झालेच तर राहुल गांधी कितीच्या फरकाने जिंकणार हे पाहणे औत्सुक्याचे ठरेल.
/root/f5-tts-marathi/datasets/syspin_marathi_female/extracted/IISc_SYSPIN_Data/IISc_SYSPINProject_Marathi_Female_Spk001_HC/wav/IISc_SYSPINProject_mr_f_WEAT_04079.wav|एप्रिलमध्ये ओडी, मर्सिडिज बेन्झ, जग्वार लेण्ड रोव्हर यासारख्या आलिशान कार कंपन्यांनी तर जूनपासून ह्युंडाई मोटारने किमती वाढविल्या आहेत.
/root/f5-tts-marathi/datasets/syspin_marathi_female/extracted/IISc_SYSPIN_Data/IISc_SYSPINProject_Marathi_Female_Spk001_HC/wav/IISc_SYSPINProject_mr_f_GENE_02485.wav|एकाच दिवशी खूप चित्रपट प्रदर्शित होणार असतील तर चित्रपटांना थिएटर न मिळण्याची नामुष्की ओढवते.
/root/f5-tts-marathi/datasets/syspin_marathi_female/extracted/IISc_SYSPIN_Data/IISc_SYSPINProject_Marathi_Female_Spk001_HC/wav/IISc_SYSPINProject_mr_f_OTHE_03435.wav|जैन बंधूंनीच मीसा हिला मनी लॉन्ड्रिंगद्वारे दिल्लीतील फार्महाउस दीड कोटींमध्ये मिळवून दिले होते.
/root/f5-tts-marathi/datasets/syspin_marathi_female/extracted/IISc_SYSPIN_Data/IISc_SYSPINProject_Marathi_Female_Spk001_HC/wav/IISc_SYSPINProject_mr_f_WEAT_02085.wav|अनुराग गुप्ता आणि किशोर पुष्पे अशी अटक झालेल्या एजंटची नावे आहेत.
/root/f5-tts-marathi/datasets/syspin_marathi_female/extracted/IISc_SYSPIN_Data/IISc_SYSPINProject_Marathi_Female_Spk001_HC/wav/IISc_SYSPINProject_mr_f_GENE_02573.wav|म्हणजे एक मुलभूत शक्ती, जिने हे ग्रह,तारे आणि ब्रह्मांडाचा पसारा उभा केला.
/root/f5-tts-marathi/datasets/syspin_marathi_female/extracted/IISc_SYSPIN_Data/IISc_SYSPINProject_Marathi_Female_Spk001_HC/wav/IISc_SYSPINProject_mr_f_HEAL_00055.wav|जर तुम्ही दररोज आंघोळीच्या पाण्यात थोडं दूध मिश्रित करून आंघोळ केली तर त्वचा खुलून दिसेल
/root/f5-tts-marathi/datasets/syspin_marathi_female/extracted/IISc_SYSPIN_Data/IISc_SYSPINProject_Marathi_Female_Spk001_HC/wav/IISc_SYSPINProject_mr_f_GENE_00322.wav|डिफेन्स ही पुणेरी पलटणची मजबूत बाजू असून धर्मराज चेरलाथन, गिरीश एर्नेक आणि संदीप नरवाल आहेतच आणि दीपक हुड्डादेखील उत्तम डिफेंसिव्ह खेळ करू शकतो.
/root/f5-tts-marathi/datasets/syspin_marathi_female/extracted/IISc_SYSPIN_Data/IISc_SYSPINProject_Marathi_Female_Spk001_HC/wav/IISc_SYSPINProject_mr_f_BOOK_03166.wav|ब्रिटिश अाणि फ्रेंच दोघांनीही यामध्ये हस्तक्षेप सुरू केला.
/root/f5-tts-marathi/datasets/syspin_marathi_female/extracted/IISc_SYSPIN_Data/IISc_SYSPINProject_Marathi_Female_Spk001_HC/wav/IISc_SYSPINProject_mr_f_BOOK_01531.wav|महिलांमधील निरक्षरता दूर करणे, त्यांना विकासाच्या पुरेशा संधी देणे यासाठी राष्ट्रीय व आंतरराष्ट्रीय पातळीवर महिलांच्या समस्यांची दखल घेऊन काही धोरणे निश्चित करण्यात आली.
/root/f5-tts-marathi/datasets/syspin_marathi_female/extracted/IISc_SYSPIN_Data/IISc_SYSPINProject_Marathi_Female_Spk001_HC/wav/IISc_SYSPINProject_mr_f_EDUC_02117.wav|कोणत्याही फार्मसीमध्ये जाऊन आपण विविध प्रकारच्या व्हिटेमिन कॉम्प्लेक्ससह बरेच रंगीत बॉक्स पाहू शकता.
/root/f5-tts-marathi/datasets/syspin_marathi_female/extracted/IISc_SYSPIN_Data/IISc_SYSPINProject_Marathi_Female_Spk001_HC/wav/IISc_SYSPINProject_mr_f_BOOK_04253.wav|या करारानुसार उत्पादन आणि विनिमय या मार्गांद्वारे आर्थिक विकास करणे, परममित्र राष्ट्रोचित व्यवहार करणे या गोष्टींना प्राधान्य देण्यात आले होते.
/root/f5-tts-marathi/datasets/syspin_marathi_female/extracted/IISc_SYSPIN_Data/IISc_SYSPINProject_Marathi_Female_Spk001_HC/wav/IISc_SYSPINProject_mr_f_AGRI_01657.wav|शिराळा तालुक्याच्या पश्चिम डोंगरी भागात सलग तीन महिने होत असलेल्या पावसाने व रोगाने खरीपातील पिके कुजू लागली आहेत.
/root/f5-tts-marathi/datasets/syspin_marathi_female/extracted/IISc_SYSPIN_Data/IISc_SYSPINProject_Marathi_Female_Spk001_HC/wav/IISc_SYSPINProject_mr_f_WEAT_00126.wav|छैय्या छैय्या गर्ल मलायका अरोरा या गाण्याच्या निमित्ताने बऱ्याच काळानंतर पुन्हा एकदा आयटम सांगमध्ये थिरकताना दिसणार आहे.
/root/f5-tts-marathi/datasets/syspin_marathi_female/extracted/IISc_SYSPIN_Data/IISc_SYSPINProject_Marathi_Female_Spk001_HC/wav/IISc_SYSPINProject_mr_f_POLI_02577.wav|माजी उपाध्यक्ष बोराटे यांच्या प्रकृतीची आस्थेने चौकशी करून कारखान्याच्या कर्जाच्या प्रॉपर्टीवर चढलेल्या बोजाविषयी निश्चिंत रहा, असा सल्लाही त्यांनी दिला.
/root/f5-tts-marathi/datasets/syspin_marathi_female/extracted/IISc_SYSPIN_Data/IISc_SYSPINProject_Marathi_Female_Spk001_HC/wav/IISc_SYSPINProject_mr_f_POLI_01584.wav|अंधेरी लोखंडवाला परिसरात आरोपी शेहनवाज सज्जाद हुसेन यांचे कामधेनू शाेपिंग सेंटरमध्ये सिमरन लेडिज टेलरिंग नावाचे दुकान आहे.
/root/f5-tts-marathi/datasets/syspin_marathi_female/extracted/IISc_SYSPIN_Data/IISc_SYSPINProject_Marathi_Female_Spk001_HC/wav/IISc_SYSPINProject_mr_f_WEAT_01159.wav|एकूणच सोशल मीडियात अभिव्यक्ती स्वातंत्र्याचा पुरेपूर फायदा घेऊन जुन्यानव्या संदर्भांसह एकमेकांचे वाभाडे काढले जात आहेत.
/root/f5-tts-marathi/datasets/syspin_marathi_female/extracted/IISc_SYSPIN_Data/IISc_SYSPINProject_Marathi_Female_Spk001_HC/wav/IISc_SYSPINProject_mr_f_OTHE_03655.wav|तिसऱ्या क्वार्टरच्या शेवटच्या मिनिटाला विल केल्नने इंग्लंडला आघाडीवर नेले, तरी तीन मिनिटांच्या फरकाने गोन्झेलो पिलेट याने अर्जेटिनाला बरोबरी गाठून दिली
/root/f5-tts-marathi/datasets/syspin_marathi_female/extracted/IISc_SYSPIN_Data/IISc_SYSPINProject_Marathi_Female_Spk001_HC/wav/IISc_SYSPINProject_mr_f_EDUC_03243.wav|तसेच मुंबई संघात फ्रान्सचा गाएल मोनफिल्स, अमेरिकेचा पीट सेम्प्रस, फेब्रिक सेन्टोरो यांचा समावेश करण्यात आला आहे.
/root/f5-tts-marathi/datasets/syspin_marathi_female/extracted/IISc_SYSPIN_Data/IISc_SYSPINProject_Marathi_Female_Spk001_HC/wav/IISc_SYSPINProject_mr_f_EDUC_02642.wav|जब्बार पटेल, महेश मांजरेकर किंवा संजय पवार, गजेंद्र अहिरे, राजीव पाटील यांनी व्यावसायिक मूल्यं जपून उपेक्षितांचे विषय मांडण्याचे यशस्वी प्रयत्न केले
/root/f5-tts-marathi/datasets/syspin_marathi_female/extracted/IISc_SYSPIN_Data/IISc_SYSPINProject_Marathi_Female_Spk001_HC/wav/IISc_SYSPINProject_mr_f_GENE_03290.wav|अजय देवगण व तब्बू यांची प्रमुख भूमिका असलेला हा चित्रपट चांगलाच गाजला.
/root/f5-tts-marathi/datasets/syspin_marathi_female/extracted/IISc_SYSPIN_Data/IISc_SYSPINProject_Marathi_Female_Spk001_HC/wav/IISc_SYSPINProject_mr_f_POLI_00894.wav|पण सामान्य गायकांच्या पठडीत तो बसणारा नसल्याने म्युझिक कंपनीशी खटके उडत राहतात.
/root/f5-tts-marathi/datasets/syspin_marathi_female/extracted/IISc_SYSPIN_Data/IISc_SYSPINProject_Marathi_Female_Spk001_HC/wav/IISc_SYSPINProject_mr_f_FINA_00691.wav|सिम्प्लिफाइड उदाहरण म्हणून समजा, वस्तूचा खर्च दहा रुपये असेल आणि ती वस्तू अकरा रुपयांना विकली गेली तर त्या एक रुपयावर इन्कमटेक्स भरावा लागतो.
/root/f5-tts-marathi/datasets/syspin_marathi_female/extracted/IISc_SYSPIN_Data/IISc_SYSPINProject_Marathi_Female_Spk001_HC/wav/IISc_SYSPINProject_mr_f_POLI_01063.wav|पोलिसांनी दिलेल्या माहितीनुसार आरोपी मुझ्झमिल आणि मानसी हे दोघे मुंबईत अंधेरी परिसरात राहात होते.
/root/f5-tts-marathi/datasets/syspin_marathi_female/extracted/IISc_SYSPIN_Data/IISc_SYSPINProject_Marathi_Female_Spk001_HC/wav/IISc_SYSPINProject_mr_f_BOOK_05095.wav|काळाच्या ओघात हजारो वर्षांनंतर यापासून एकपेशीय सजीवाची निर्मिती झाली.
/root/f5-tts-marathi/datasets/syspin_marathi_female/extracted/IISc_SYSPIN_Data/IISc_SYSPINProject_Marathi_Female_Spk001_HC/wav/IISc_SYSPINProject_mr_f_WEAT_03910.wav|अशाच आगळ्यावेगळ्या युगल गीतांचा दृकश्राव्य कार्यक्रम रविवारी लोकमान्य रंगमंदीर येथे पार पडला.
/root/f5-tts-marathi/datasets/syspin_marathi_female/extracted/IISc_SYSPIN_Data/IISc_SYSPINProject_Marathi_Female_Spk001_HC/wav/IISc_SYSPINProject_mr_f_GENE_00270.wav|या ग्रहाचा एकेकाळी उपग्रह मानला गेलेला शेरॉन इतका मोठा आहे की त्या दोघांमधील गुरुत्वीय केंद्र दोघांच्या कक्षेबाहेर येते.
/root/f5-tts-marathi/datasets/syspin_marathi_female/extracted/IISc_SYSPIN_Data/IISc_SYSPINProject_Marathi_Female_Spk001_HC/wav/IISc_SYSPINProject_mr_f_BOOK_01668.wav|विविध चळवळींच्या आंदोलनाविषयीही तुम्ही वाचता.
/root/f5-tts-marathi/datasets/syspin_marathi_female/extracted/IISc_SYSPIN_Data/IISc_SYSPINProject_Marathi_Female_Spk001_HC/wav/IISc_SYSPINProject_mr_f_EVAL_00230.wav|त्याच्या कल्पनारम्य स्वरूपामुळे, विज्ञान कथा वाचकांना अधिक प्रगत, नाविन्यपूर्ण आणि साहसी भविष्याची कल्पना करण्यास प्रेरित करतात.
/root/f5-tts-marathi/datasets/syspin_marathi_female/extracted/IISc_SYSPIN_Data/IISc_SYSPINProject_Marathi_Female_Spk001_HC/wav/IISc_SYSPINProject_mr_f_OTHE_01897.wav|नाशिक जिल्ह्यातही पहिल्या टप्प्यात चार ठिकाणी ही थाळी उपलब्ध करून देण्यात आली आहे.
/root/f5-tts-marathi/datasets/syspin_marathi_female/extracted/IISc_SYSPIN_Data/IISc_SYSPINProject_Marathi_Female_Spk001_HC/wav/IISc_SYSPINProject_mr_f_EDUC_01443.wav|त्यातच अडवाणींनी राजीनामास्त्र उगारल्याने त्यांची मनधरणी केली नाही तर भाजपचे खूप मोठे नुकसान होणार, हे स्पष्ट होते.
/root/f5-tts-marathi/datasets/syspin_marathi_female/extracted/IISc_SYSPIN_Data/IISc_SYSPINProject_Marathi_Female_Spk001_HC/wav/IISc_SYSPINProject_mr_f_AGRI_03689.wav|पावसाळा सुरू झाल्यानंतर रोपांची लागवड करावी. रोपांच्या मुळांचे आकारमान व वाढ लक्षात घेऊन खड्ड्यातली माती बाजूला करावी.
/root/f5-tts-marathi/datasets/syspin_marathi_female/extracted/IISc_SYSPIN_Data/IISc_SYSPINProject_Marathi_Female_Spk001_HC/wav/IISc_SYSPINProject_mr_f_HEAL_01268.wav|जखमेवर थोडीशी तुरटी लावल्याने किंवा तुरटी मिश्रीत पाण्याने जखम धुतल्याने जखमेतून रक्त वाहणे लगेच थांबते.
/root/f5-tts-marathi/datasets/syspin_marathi_female/extracted/IISc_SYSPIN_Data/IISc_SYSPINProject_Marathi_Female_Spk001_HC/wav/IISc_SYSPINProject_mr_f_AGRI_01562.wav|पाने गुंडाळणाऱ्या अळीचा प्रादुर्भाव झाल्यास शेतात पाणी बांधून ठेवावे व त्यानंतर कीडग्रस्त पिकावरती दोर आडवा ओढत न्यावा. त्यामुळे अळ्या पाण्यात पडतील.
/root/f5-tts-marathi/datasets/syspin_marathi_female/extracted/IISc_SYSPIN_Data/IISc_SYSPINProject_Marathi_Female_Spk001_HC/wav/IISc_SYSPINProject_mr_f_OTHE_01986.wav|स्नोडेनने सध्या रशियात तात्पुरता आश्रय घेतला असून मे दोन हजार तेरा पासून तो रशियात अज्ञात स्थळी राहतो आहे.
/root/f5-tts-marathi/datasets/syspin_marathi_female/extracted/IISc_SYSPIN_Data/IISc_SYSPINProject_Marathi_Female_Spk001_HC/wav/IISc_SYSPINProject_mr_f_AGRI_00292.wav|भाजीपाला पिकात मिश्र पीक म्हणून किंवा नवीन लागवड केलेल्या फळबागात आंतरपीक म्हणून घेतल्यास मूळ पिकास होणारा सूत्र कृमींचा त्रास कमी होतो.
/root/f5-tts-marathi/datasets/syspin_marathi_female/extracted/IISc_SYSPIN_Data/IISc_SYSPINProject_Marathi_Female_Spk001_HC/wav/IISc_SYSPINProject_mr_f_HEAL_01741.wav|धूम्रपान, दूषित हवेचे श्वसन, दमा, दीर्घकालीन ब्रांकायटीस, फुफ्फुसातील कर्करोग अशी कारणे खोकला येण्यास कारणीभूत ठरतात
/root/f5-tts-marathi/datasets/syspin_marathi_female/extracted/IISc_SYSPIN_Data/IISc_SYSPINProject_Marathi_Female_Spk001_HC/wav/IISc_SYSPINProject_mr_f_WEAT_00929.wav|ताम्हिणीच्या रस्त्याला लागताना आजुबाजुचे कोरडे वातावरण बघून थोडा मुड ओफच झाला होता.
/root/f5-tts-marathi/datasets/syspin_marathi_female/extracted/IISc_SYSPIN_Data/IISc_SYSPINProject_Marathi_Female_Spk001_HC/wav/IISc_SYSPINProject_mr_f_HEAL_00947.wav|जेव्हा केन्सरच्या पेशी एका ठिकाणाहून सगळीकडे फैलावतात, त्याला मेटास्टेटिक केन्सर म्हणतात
/root/f5-tts-marathi/datasets/syspin_marathi_female/extracted/IISc_SYSPIN_Data/IISc_SYSPINProject_Marathi_Female_Spk001_HC/wav/IISc_SYSPINProject_mr_f_OTHE_02937.wav|यामध्ये गुणी, पैखड, ग्राण, बटल गाला, बक्कल, कौरी, डुग्गा, सुरकोट, मोड, धर्मकुंड, संगलदान, गुलमोहोर, अरनास, कंथन, रियासी या गावांना प्रामुख्याने मोठा फायदा होत आहे
/root/f5-tts-marathi/datasets/syspin_marathi_female/extracted/IISc_SYSPIN_Data/IISc_SYSPINProject_Marathi_Female_Spk001_HC/wav/IISc_SYSPINProject_mr_f_WEAT_00191.wav|23तेवीस डब्बे असलेल्या या रेल्वेत 14चौदा सलोन, 1एक स्पा, 2दोन रेस्टॉरन्ट आणि एक रिसेप्शन कम बार आहे.
/root/f5-tts-marathi/datasets/syspin_marathi_female/extracted/IISc_SYSPIN_Data/IISc_SYSPINProject_Marathi_Female_Spk001_HC/wav/IISc_SYSPINProject_mr_f_WEAT_02843.wav|या वेळी कृष्णा दाभोळे, सुदाम तरस, रमेश जाधव, प्रशांत ढोरे यांनी निषेध व्यक्त केला.
/root/f5-tts-marathi/datasets/syspin_marathi_female/extracted/IISc_SYSPIN_Data/IISc_SYSPINProject_Marathi_Female_Spk001_HC/wav/IISc_SYSPINProject_mr_f_OTHE_01349.wav|विराट कोहलीच्या नेतृत्वाखाली भारतीय संघाने ख्राईस्टचर्च कसोटी सामन्यावर आपलं वर्चस्व निर्माण करण्याची संधी गमावली आहे.
/root/f5-tts-marathi/datasets/syspin_marathi_female/extracted/IISc_SYSPIN_Data/IISc_SYSPINProject_Marathi_Female_Spk001_HC/wav/IISc_SYSPINProject_mr_f_EDUC_02648.wav|पक्षात माणसे कमी नाहीत उलट दुसऱ्या पक्षातील नेते इकडे येत असतांना आम्ही जीव मुठीत घेऊन बसलो होतो, अशी मिश्किल टिपण्णी रावसाहेब दानवे यांनी केली.
/root/f5-tts-marathi/datasets/syspin_marathi_female/extracted/IISc_SYSPIN_Data/IISc_SYSPINProject_Marathi_Female_Spk001_HC/wav/IISc_SYSPINProject_mr_f_BOOK_01689.wav|अर्थात हे कार्य निवडणुकीत बहुमत मिळवणाऱ्यापक्षाचे असते.
/root/f5-tts-marathi/datasets/syspin_marathi_female/extracted/IISc_SYSPIN_Data/IISc_SYSPINProject_Marathi_Female_Spk001_HC/wav/IISc_SYSPINProject_mr_f_GENE_02424.wav|तटरक्षक दलाने लक्षद्वीप व मिनिकॉय द्वीपच्या जवळ तसेच श्रीलंका सीमेवर समुद्री जहाज आणि शोधक विमाने तैनात केली आहेत.
/root/f5-tts-marathi/datasets/syspin_marathi_female/extracted/IISc_SYSPIN_Data/IISc_SYSPINProject_Marathi_Female_Spk001_HC/wav/IISc_SYSPINProject_mr_f_HEAL_03970.wav|धूम्रपान करणाऱ्या व्यक्तीमध्ये श्वसन संस्था तिच्या नैसर्गिक क्षमतेपेक्षा लवकर ढासळते.
/root/f5-tts-marathi/datasets/syspin_marathi_female/extracted/IISc_SYSPIN_Data/IISc_SYSPINProject_Marathi_Female_Spk001_HC/wav/IISc_SYSPINProject_mr_f_WEAT_01529.wav|आनंद, स्विडलर, नाकामुरा, कार्लसन, टोपालोव आणि वेंग हाओ हे प्रत्येकी एका गुणासह संयुक्तपणे चौथ्या स्थानी आहेत.
/root/f5-tts-marathi/datasets/syspin_marathi_female/extracted/IISc_SYSPIN_Data/IISc_SYSPINProject_Marathi_Female_Spk001_HC/wav/IISc_SYSPINProject_mr_f_WEAT_03536.wav|यामध्ये फ्रान्सचा प्रमुख खेळाडू पॉल पोग्बा संपूर्ण जोशात आपल्या सहकाऱ्यांना प्रेरणादायी भाषण देत आहे.
/root/f5-tts-marathi/datasets/syspin_marathi_female/extracted/IISc_SYSPIN_Data/IISc_SYSPINProject_Marathi_Female_Spk001_HC/wav/IISc_SYSPINProject_mr_f_BOOK_04529.wav|या सर्ववनस्पतिजन्य पदार्थांचेआपण सेवन करतो आणि त्यांपासून विविध पोषकद्रव्ये म्हणजेच कर्बोदके, प्रथिने, स्निग्ध पदार्थ, जीवनसत्त्वे, खनिजे मिळवतो.
/root/f5-tts-marathi/datasets/syspin_marathi_female/extracted/IISc_SYSPIN_Data/IISc_SYSPINProject_Marathi_Female_Spk001_HC/wav/IISc_SYSPINProject_mr_f_GENE_00439.wav|तुम्हाला उत्तम स्वास्थ्य व दीर्घायुष्य लाभो हीच आई भवानी चरणी प्रार्थना.
/root/f5-tts-marathi/datasets/syspin_marathi_female/extracted/IISc_SYSPIN_Data/IISc_SYSPINProject_Marathi_Female_Spk001_HC/wav/IISc_SYSPINProject_mr_f_WEAT_00014.wav|मुंबई रेल्वे, मेट्रोची सफर, मुंबईचा गणेशोत्सव, डबेवाले, जत्रा, सुरक्षित मुंबई आणि प्लास्टिकमुक्त मुंबई अशी झगमगती 'माझी मुंबई' विद्यार्थ्यांच्या चित्रांतून साकारली.
/root/f5-tts-marathi/datasets/syspin_marathi_female/extracted/IISc_SYSPIN_Data/IISc_SYSPINProject_Marathi_Female_Spk001_HC/wav/IISc_SYSPINProject_mr_f_EDUC_01981.wav|सत्ताधारी गटामधून राकेश पलंगे, मोहन भांदुर्गे, राजु बिर्जे, वैशाली हुलजी, शिवाजी कुडूचकर तसेच सुधा भातकांडे, मीनाक्षी चिगरे आदी इच्छुक आहेत.
/root/f5-tts-marathi/datasets/syspin_marathi_female/extracted/IISc_SYSPIN_Data/IISc_SYSPINProject_Marathi_Female_Spk001_HC/wav/IISc_SYSPINProject_mr_f_AGRI_02240.wav|त्यामुळे शेतकर्यांच्या शेतजमिनी उद्ध्वस्त झाल्या असून या जमिनीमध्ये कोणत्याही प्रकारचे पीक घेता येत नाही.
/root/f5-tts-marathi/datasets/syspin_marathi_female/extracted/IISc_SYSPIN_Data/IISc_SYSPINProject_Marathi_Female_Spk001_HC/wav/IISc_SYSPINProject_mr_f_WEAT_03938.wav|त्यासाठी भरारी पथकांना दैनंदिन अहवाल देण्याची सूचना कृषी विभागातर्फे करण्यात आली आहे.
/root/f5-tts-marathi/datasets/syspin_marathi_female/extracted/IISc_SYSPIN_Data/IISc_SYSPINProject_Marathi_Female_Spk001_HC/wav/IISc_SYSPINProject_mr_f_FINA_02752.wav|तुम्ही तुमच्या भविष्यातील व्यवसाय सुरु करण्याआधी व्यवसायाला लागणाऱ्या गोष्टी कुठून व कुठल्या माध्यमातून खरेदी करता?
/root/f5-tts-marathi/datasets/syspin_marathi_female/extracted/IISc_SYSPIN_Data/IISc_SYSPINProject_Marathi_Female_Spk001_HC/wav/IISc_SYSPINProject_mr_f_BOOK_02353.wav|भारताच्या मध्यभागात, ईशान्येकडील राज्यांत आणि राजस्थानमध्ये लोहमार्गांचे जाळेविरळ आढळते.
/root/f5-tts-marathi/datasets/syspin_marathi_female/extracted/IISc_SYSPIN_Data/IISc_SYSPINProject_Marathi_Female_Spk001_HC/wav/IISc_SYSPINProject_mr_f_POLI_02680.wav|परकीय आक्रमणाच्या कारणास्तव राष्ट्रीय आणीबाणीची उद्घोषणा झाल्यास खालीलपैकी कोणता मूलभूत अधिकार निलंबित होऊ शकतो?
/root/f5-tts-marathi/datasets/syspin_marathi_female/extracted/IISc_SYSPIN_Data/IISc_SYSPINProject_Marathi_Female_Spk001_HC/wav/IISc_SYSPINProject_mr_f_EDUC_00023.wav|महाराष्ट्र राज्यातल्या ,पूणे जिल्ह्यातल्या, पिंपरी चिंचवड तालुक्यातील, कांजरभाट समाजात, अत्यंत निर्लज्जपणे स्त्रियांसाठी एक परीक्षा घेतली जाते.
/root/f5-tts-marathi/datasets/syspin_marathi_female/extracted/IISc_SYSPIN_Data/IISc_SYSPINProject_Marathi_Female_Spk001_HC/wav/IISc_SYSPINProject_mr_f_GENE_02422.wav|ग्रंथालय हे बसण्याचे ठिकाण नसून ग्रंथ वाचनांचे व संशोधनाचे ठिकाण आहे तेव्हा ग्रंथालयात शांतता राखावी.
/root/f5-tts-marathi/datasets/syspin_marathi_female/extracted/IISc_SYSPIN_Data/IISc_SYSPINProject_Marathi_Female_Spk001_HC/wav/IISc_SYSPINProject_mr_f_HEAL_02583.wav|आपल्या शरीरातील कोशिका नष्ट होऊन हृदय रोग, कर्करोग यांच्यासारखे घातक विकार शरीरामध्ये उद्भवू लागतात
/root/f5-tts-marathi/datasets/syspin_marathi_female/extracted/IISc_SYSPIN_Data/IISc_SYSPINProject_Marathi_Female_Spk001_HC/wav/IISc_SYSPINProject_mr_f_BOOK_04938.wav|ज्या वाहकपदार्थाची रोधकता जास्त आहे, अशा वाहकपदार्थाचा उपयोग येथे केला जातो.
/root/f5-tts-marathi/datasets/syspin_marathi_female/extracted/IISc_SYSPIN_Data/IISc_SYSPINProject_Marathi_Female_Spk001_HC/wav/IISc_SYSPINProject_mr_f_BOOK_02503.wav|त्यामुळेजीवित हानी, पर्यावरण हानी व वित्तहानी होते व प्रचंड प्रमाणात सामाजिक अस्थिरता निर्माण होते.
/root/f5-tts-marathi/datasets/syspin_marathi_female/extracted/IISc_SYSPIN_Data/IISc_SYSPINProject_Marathi_Female_Spk001_HC/wav/IISc_SYSPINProject_mr_f_FINA_01454.wav|वर उल्लेख केलेल्या देशातील उद्दिष्टे, कर सुधारणा साध्य करण्यासाठी चालू होतात.
/root/f5-tts-marathi/datasets/syspin_marathi_female/extracted/IISc_SYSPIN_Data/IISc_SYSPINProject_Marathi_Female_Spk001_HC/wav/IISc_SYSPINProject_mr_f_HEAL_04307.wav|अशा विशिष्ट रचनेच्या फरकामुळे मोठ्या आतड्याला होणाऱ्या विपुटी विकाराचे प्रमाण इतर भागांपेक्षा अधिक आढळून येते.
/root/f5-tts-marathi/datasets/syspin_marathi_female/extracted/IISc_SYSPIN_Data/IISc_SYSPINProject_Marathi_Female_Spk001_HC/wav/IISc_SYSPINProject_mr_f_HEAL_01543.wav|वय वाढलं की अनेक आजार गळामिठी घालू लागतात, त्यातलाच हा अल्झायमर आहे.
/root/f5-tts-marathi/datasets/syspin_marathi_female/extracted/IISc_SYSPIN_Data/IISc_SYSPINProject_Marathi_Female_Spk001_HC/wav/IISc_SYSPINProject_mr_f_WEAT_00055.wav|स्कॉऊट बोबर ही बाईक थंडर ब्लेक, स्टार सिलव्हर ,रेड आणि ब्लेक स्मोक या रंगांत उपलब्ध असणार आहे.
/root/f5-tts-marathi/datasets/syspin_marathi_female/extracted/IISc_SYSPIN_Data/IISc_SYSPINProject_Marathi_Female_Spk001_HC/wav/IISc_SYSPINProject_mr_f_FINA_03367.wav|वाढती बुडीत कर्जे व कर्ज घोटाळे यावरच या चर्चेचा सर्वाधिक रोख असेल.
/root/f5-tts-marathi/datasets/syspin_marathi_female/extracted/IISc_SYSPIN_Data/IISc_SYSPINProject_Marathi_Female_Spk001_HC/wav/IISc_SYSPINProject_mr_f_BOOK_00083.wav|भारतातील ऐतिहासिक स्वरूपाचे सर्वाधिक प्राचीन लिखित साहित्य हे कोरीव लेखांच्या स्वरूपातील आहे.
/root/f5-tts-marathi/datasets/syspin_marathi_female/extracted/IISc_SYSPIN_Data/IISc_SYSPINProject_Marathi_Female_Spk001_HC/wav/IISc_SYSPINProject_mr_f_BOOK_05186.wav|नैसर्गिक पर्यावरणात हवा, वातावरण, जल, भूमी, सजीव इत्यादींचा समावेश होतो.
/root/f5-tts-marathi/datasets/syspin_marathi_female/extracted/IISc_SYSPIN_Data/IISc_SYSPINProject_Marathi_Female_Spk001_HC/wav/IISc_SYSPINProject_mr_f_HEAL_03235.wav|जरी वेदनेची आठवण राहत नसली तरी वेदना तीव्र असतात व त्याचे अस्तित्व नाकारता येत नाही, ही वस्तुस्थिती लक्षात ठेवायला हवी
/root/f5-tts-marathi/datasets/syspin_marathi_female/extracted/IISc_SYSPIN_Data/IISc_SYSPINProject_Marathi_Female_Spk001_HC/wav/IISc_SYSPINProject_mr_f_EVAL_00030.wav|साेरी. जेवणानंतर स्वयंपाकघराची साफसफाई करायला विसरलेच.
/root/f5-tts-marathi/datasets/syspin_marathi_female/extracted/IISc_SYSPIN_Data/IISc_SYSPINProject_Marathi_Female_Spk001_HC/wav/IISc_SYSPINProject_mr_f_HEAL_00689.wav|अशा प्रकारे माणसाच्या आतील सर्व घटक जेव्हा आपापल्या जागी स्थिर होतात, तेव्हा माणसाचा मेंदू शांत होऊन वैश्विक सुव्यवस्थेचे प्रतिबिंब बनतो
/root/f5-tts-marathi/datasets/syspin_marathi_female/extracted/IISc_SYSPIN_Data/IISc_SYSPINProject_Marathi_Female_Spk001_HC/wav/IISc_SYSPINProject_mr_f_WEAT_04385.wav|अखेर सुमारे तासाभराने नवीन बॉल उपलब्ध होताच हेसेटने तो ताबडतोब घेतला.
/root/f5-tts-marathi/datasets/syspin_marathi_female/extracted/IISc_SYSPIN_Data/IISc_SYSPINProject_Marathi_Female_Spk001_HC/wav/IISc_SYSPINProject_mr_f_HEAL_00201.wav|इबोलाचे हे विषाणू वटवाघुळे या प्राण्यात कोणतीही आजाराची लक्षणे न दिसता वास्तव्य करतात व त्यांच्या विष्ठेतून जमिनीवर पडतात.
/root/f5-tts-marathi/datasets/syspin_marathi_female/extracted/IISc_SYSPIN_Data/IISc_SYSPINProject_Marathi_Female_Spk001_HC/wav/IISc_SYSPINProject_mr_f_FINA_03545.wav|केवळ पार्किंगचे पैसे आकारले जातात आणि त्यातून मंदिराचा खर्च भागतो.
/root/f5-tts-marathi/datasets/syspin_marathi_female/extracted/IISc_SYSPIN_Data/IISc_SYSPINProject_Marathi_Female_Spk001_HC/wav/IISc_SYSPINProject_mr_f_BOOK_00059.wav|मानवी इतिहास अश वर्गसंघर्षाचा इतिहास असून ज्या वर्गाच्या ताब्यात उत्पादन साधने असतात तो इतर वर्गांचे आर्थिक शोषण करतो, अशी मांडणी त्याने केली.
/root/f5-tts-marathi/datasets/syspin_marathi_female/extracted/IISc_SYSPIN_Data/IISc_SYSPINProject_Marathi_Female_Spk001_HC/wav/IISc_SYSPINProject_mr_f_WEAT_00105.wav|भाषा न समजल्याने विदेशी पर्यटक माझा नाही तर त्या लेणींचा, ऐेतिहासिक वास्तुंचा, किल्ल्यांचा, हौदांचा, मंदिरांचा, विहिरींचा फोटो घ्या असे इशाऱ्यानेच सांगतात.
/root/f5-tts-marathi/datasets/syspin_marathi_female/extracted/IISc_SYSPIN_Data/IISc_SYSPINProject_Marathi_Female_Spk001_HC/wav/IISc_SYSPINProject_mr_f_AGRI_00397.wav|झाडांची मुळे आणि खोडांमध्ये गाळ आणि बेक्टेरिया अडकून राहत असल्यामुळे पाणी शुद्ध होते.
/root/f5-tts-marathi/datasets/syspin_marathi_female/extracted/IISc_SYSPIN_Data/IISc_SYSPINProject_Marathi_Female_Spk001_HC/wav/IISc_SYSPINProject_mr_f_BOOK_03236.wav|कर्नाटक स्वारीत डच वखारीचे संरक्षण आणि परवान्यांसाठी डचांनी छत्रपती शिवाजी महाराजांना मोठा नजराणा दिला.
/root/f5-tts-marathi/datasets/syspin_marathi_female/extracted/IISc_SYSPIN_Data/IISc_SYSPINProject_Marathi_Female_Spk001_HC/wav/IISc_SYSPINProject_mr_f_GENE_03321.wav|निर्गुण आणि निराकार अशा ब्रह्म तत्त्वाची अनुभूती जो करून देतो तो गुरू.
/root/f5-tts-marathi/datasets/syspin_marathi_female/extracted/IISc_SYSPIN_Data/IISc_SYSPINProject_Marathi_Female_Spk001_HC/wav/IISc_SYSPINProject_mr_f_EDUC_03158.wav|गंगापुरी घाटानजीक असलेला भानुवाडा म्हणजे नाना फडणीस, बाळाजी जनार्धन भानू यांचे आप्तेष्ट असलेला भानूंचा वाडा.
/root/f5-tts-marathi/datasets/syspin_marathi_female/extracted/IISc_SYSPIN_Data/IISc_SYSPINProject_Marathi_Female_Spk001_HC/wav/IISc_SYSPINProject_mr_f_BOOK_00335.wav|प्राचीन भारतीय वान्मयामध्ये विविध कलांसंबंधी सांगोपांग विचार झालेला दिसतो.
/root/f5-tts-marathi/datasets/syspin_marathi_female/extracted/IISc_SYSPIN_Data/IISc_SYSPINProject_Marathi_Female_Spk001_HC/wav/IISc_SYSPINProject_mr_f_HEAL_00725.wav|त्यामुळे उंची न वाढणे, कुपोषण, दृष्टिदोष, वजनात घट सारखे गंभीर आजार त्यांना लहान वयातच जडतात
/root/f5-tts-marathi/datasets/syspin_marathi_female/extracted/IISc_SYSPIN_Data/IISc_SYSPINProject_Marathi_Female_Spk001_HC/wav/IISc_SYSPINProject_mr_f_WEAT_02364.wav|या धर्मांतरीत वैदिकांमुळे वैदिक धर्मातही स्थित्यंतरे घडून आली, स्मार्तश्रौत हे पंथ पडले, पंचगौड आणि पंचद्रविड ही प्रादेशिक विभागणीही झाली.
/root/f5-tts-marathi/datasets/syspin_marathi_female/extracted/IISc_SYSPIN_Data/IISc_SYSPINProject_Marathi_Female_Spk001_HC/wav/IISc_SYSPINProject_mr_f_BOOK_05139.wav|हंस, बदकाचे पाय पाण्यात राहून पोहण्यायोग्य झाले अथवा सापाने बिळात जाण्यायोग्य शरीररचना करताना आपले पाय गमावले.
/root/f5-tts-marathi/datasets/syspin_marathi_female/extracted/IISc_SYSPIN_Data/IISc_SYSPINProject_Marathi_Female_Spk001_HC/wav/IISc_SYSPINProject_mr_f_FINA_03560.wav|त्यांचे अक्सिस बंकेत एक वेतन खाते असून एटीएम कार्डवरुन अनेकदा ते पैसे काढतात.
/root/f5-tts-marathi/datasets/syspin_marathi_female/extracted/IISc_SYSPIN_Data/IISc_SYSPINProject_Marathi_Female_Spk001_HC/wav/IISc_SYSPINProject_mr_f_OTHE_00283.wav|दरम्यान वारंवार लागणाऱ्या आगींमुळे तसेच डम्पींगच्या दुर्गंधीला त्रासलेल्या नागरिकांनी पुन्हा एकदा आक्रमक पवित्रा घेतला असून डम्पींग बंद करण्याची मागणी पुन्हा केली आहे.
/root/f5-tts-marathi/datasets/syspin_marathi_female/extracted/IISc_SYSPIN_Data/IISc_SYSPINProject_Marathi_Female_Spk001_HC/wav/IISc_SYSPINProject_mr_f_AGRI_02806.wav|फळे खाऊन त्यांच्या विष्ठेतून बियांचे कठीण कवच निघून गेल्याने तशा बिया लवकर रुजतात.
/root/f5-tts-marathi/datasets/syspin_marathi_female/extracted/IISc_SYSPIN_Data/IISc_SYSPINProject_Marathi_Female_Spk001_HC/wav/IISc_SYSPINProject_mr_f_HEAL_01527.wav|मेंदू तल्लख होण्यासाठी आणि मेंदूच्या पेशी कार्यन्वित होण्यासाठी चालण्याचा व्यायाम अतिशय उपयुक्त ठरतो
/root/f5-tts-marathi/datasets/syspin_marathi_female/extracted/IISc_SYSPIN_Data/IISc_SYSPINProject_Marathi_Female_Spk001_HC/wav/IISc_SYSPINProject_mr_f_FINA_02176.wav|राज्यातील मडगाव अर्बन, गोवा अर्बन सारख्या बंका एकत्र करून त्यांची फेडरेशन तयार करून त्याद्वारेच या बंकाचा व्यवहार चालवावा, अशी मागणी करण्यात आली आहे.
/root/f5-tts-marathi/datasets/syspin_marathi_female/extracted/IISc_SYSPIN_Data/IISc_SYSPINProject_Marathi_Female_Spk001_HC/wav/IISc_SYSPINProject_mr_f_WEAT_02868.wav|कष्टकरी मजुरांना पौष्टीक आहार मिळावा म्हणून बिर्याणीत स्वखर्चाने ड्रायफ्रुट, साजुक तुप घालून हंड्या शिजवत होता.
/root/f5-tts-marathi/datasets/syspin_marathi_female/extracted/IISc_SYSPIN_Data/IISc_SYSPINProject_Marathi_Female_Spk001_HC/wav/IISc_SYSPINProject_mr_f_WEAT_02764.wav|तुंग किल्ल्यावरून लोहगड, विसापूर, तिकोना, मोरागड, कोरीगड, पवना धरण, अेम्बी व्हेली यांचा भन्नाट नजारा दिसतो.
/root/f5-tts-marathi/datasets/syspin_marathi_female/extracted/IISc_SYSPIN_Data/IISc_SYSPINProject_Marathi_Female_Spk001_HC/wav/IISc_SYSPINProject_mr_f_GENE_01875.wav|या दिवशी कुमारिका चांगला पती मिळण्यासाठी गौरीची पूजा करतात आणि विवाहित स्त्रिया त्यांच्या पतीच्या चांगल्या स्वास्थ्यासाठी आणि दीर्घायुष्यासाठी प्रार्थना करतात.
/root/f5-tts-marathi/datasets/syspin_marathi_female/extracted/IISc_SYSPIN_Data/IISc_SYSPINProject_Marathi_Female_Spk001_HC/wav/IISc_SYSPINProject_mr_f_EDUC_03268.wav|येथे कांग्रेसच्या अनेक नेत्यांनी राजीनामा दिल्यामुळे पक्षाला एकजुट करण्याचं आव्हान राहुल गांधी यांच्यापुढे असणार आहे.
/root/f5-tts-marathi/datasets/syspin_marathi_female/extracted/IISc_SYSPIN_Data/IISc_SYSPINProject_Marathi_Female_Spk001_HC/wav/IISc_SYSPINProject_mr_f_FINA_00398.wav|रिझर्व्ह बंक ओफ इंडियानं रेपो रेट कमी केल्यानंतर सर्व बंका आपल्या फिक्स्ड डिपॉझिटच्या व्याजदरात बदल करत आहेत.
/root/f5-tts-marathi/datasets/syspin_marathi_female/extracted/IISc_SYSPIN_Data/IISc_SYSPINProject_Marathi_Female_Spk001_HC/wav/IISc_SYSPINProject_mr_f_AGRI_02006.wav|सोललेल्या सोयाबीनला सुकवून, सुकलेल्या सोयाबीन दाण्यांना जेवढे चिकटेल तेवढेच 250दोनशे पन्नास ग्रेम डाळीचे पीठ लावावे.
/root/f5-tts-marathi/datasets/syspin_marathi_female/extracted/IISc_SYSPIN_Data/IISc_SYSPINProject_Marathi_Female_Spk001_HC/wav/IISc_SYSPINProject_mr_f_BOOK_04509.wav|बीबीसी, डिस्कव्हरी, हिस्ट्री अशा जागतिक वाहिन्यांवरून भारतातील ऐतिहासिक, नैसर्गिक वारसास्थळांची माहिती देण्यात येते.
/root/f5-tts-marathi/datasets/syspin_marathi_female/extracted/IISc_SYSPIN_Data/IISc_SYSPINProject_Marathi_Female_Spk001_HC/wav/IISc_SYSPINProject_mr_f_BOOK_03913.wav|पहिल्या महायुद्धात सहभागी होण्याचा फायदा आपल्याला भविष्यात मिळेल, यावर त्यांचा विश्वास होता. यात त्यांची दूरदृष्टी लक्षात येते.
/root/f5-tts-marathi/datasets/syspin_marathi_female/extracted/IISc_SYSPIN_Data/IISc_SYSPINProject_Marathi_Female_Spk001_HC/wav/IISc_SYSPINProject_mr_f_OTHE_03466.wav|तोपर्यंत देशात खऱ्या अर्थाने रामराज्य यायला पाहिजे असे ही सामनाच्या अग्रलेखात म्हटले आहे
/root/f5-tts-marathi/datasets/syspin_marathi_female/extracted/IISc_SYSPIN_Data/IISc_SYSPINProject_Marathi_Female_Spk001_HC/wav/IISc_SYSPINProject_mr_f_EDUC_00461.wav|अक्रोडमध्ये अल्फा लिनोलिक आम्ल असते. तो ओमेगा 3तीन मेदाम्लाचा प्रकार आहे.
/root/f5-tts-marathi/datasets/syspin_marathi_female/extracted/IISc_SYSPIN_Data/IISc_SYSPINProject_Marathi_Female_Spk001_HC/wav/IISc_SYSPINProject_mr_f_EDUC_03188.wav|त्यामुळे नजीकच्या काळात होणाऱ्या विदर्भातील या आंदोलनाच्या निमित्ताने बच्चु कडूंची प्रहार संघटना आणि शिवसेना एकत्र आलेली दिसणार आहे.
/root/f5-tts-marathi/datasets/syspin_marathi_female/extracted/IISc_SYSPIN_Data/IISc_SYSPINProject_Marathi_Female_Spk001_HC/wav/IISc_SYSPINProject_mr_f_BOOK_04668.wav|ते बीजाणू ओलसर, उबदार जागी रुजतात व त्यापासून नवीन कवकजाल तयार होते.
/root/f5-tts-marathi/datasets/syspin_marathi_female/extracted/IISc_SYSPIN_Data/IISc_SYSPINProject_Marathi_Female_Spk001_HC/wav/IISc_SYSPINProject_mr_f_FINA_03594.wav|अधिक उलाढाल असलेल्या सर्व कंपन्यांना आपल्या ग्राहकांना रुपे डेबिट कार्ड आणि युपीआय क्यूआर कोडद्वारे पैसे देण्याची सुविधा पुरविणे अनिवार्य राहणार आहे.
/root/f5-tts-marathi/datasets/syspin_marathi_female/extracted/IISc_SYSPIN_Data/IISc_SYSPINProject_Marathi_Female_Spk001_HC/wav/IISc_SYSPINProject_mr_f_WEAT_02742.wav|रिव्हर राफ्टिंग, माउंटन क्लाइंबिंग, ट्रेकिंग अशा धाडसी खेळांप्रमाणे धबधब्यात भिजतानाही काही तरी अडव्हेंचर करावेसे वाटते.
/root/f5-tts-marathi/datasets/syspin_marathi_female/extracted/IISc_SYSPIN_Data/IISc_SYSPINProject_Marathi_Female_Spk001_HC/wav/IISc_SYSPINProject_mr_f_OTHE_02389.wav|तेही होत नसेल तर तुम्ही तुमचा मोबाइल बूट स्केन करु शकता.
/root/f5-tts-marathi/datasets/syspin_marathi_female/extracted/IISc_SYSPIN_Data/IISc_SYSPINProject_Marathi_Female_Spk001_HC/wav/IISc_SYSPINProject_mr_f_WEAT_01063.wav|त्यानुसार दहा गावांपैकी वरचे ओवळे, कोल्ही, तरघर, चिंचपाडा, गणेशपुरी, उलवे व कोपर या गावांतील मंदिरांसाठी भाडेपट्टा करारनामा करण्यात आला आहे.
/root/f5-tts-marathi/datasets/syspin_marathi_female/extracted/IISc_SYSPIN_Data/IISc_SYSPINProject_Marathi_Female_Spk001_HC/wav/IISc_SYSPINProject_mr_f_WEAT_01875.wav|आपण जगासमोर युद्धखोर ठरू नये यासाठी इश्कोल सर्वांना सबुरीचा सल्ला देत होते.
/root/f5-tts-marathi/datasets/syspin_marathi_female/extracted/IISc_SYSPIN_Data/IISc_SYSPINProject_Marathi_Female_Spk001_HC/wav/IISc_SYSPINProject_mr_f_AGRI_02923.wav|आपल्या देशात राज्यनिहाय पीक विविधता असल्याने कृषी उत्पादन, निर्यात तसेच प्रक्रिया उद्योगाकडे लक्ष केंद्रित होणे आवश्यक आहे.
/root/f5-tts-marathi/datasets/syspin_marathi_female/extracted/IISc_SYSPIN_Data/IISc_SYSPINProject_Marathi_Female_Spk001_HC/wav/IISc_SYSPINProject_mr_f_AGRI_04042.wav|बहर धरणे म्हणजे झाडाला पुरेशी विश्रांती देऊन नंतर एकाच वेळी फळधारणा करून घेणे. ही प्रक्रिया नैसर्गिक अथवा कृत्रिम या दोन्ही प्रकारांनी होऊ शकते.
/root/f5-tts-marathi/datasets/syspin_marathi_female/extracted/IISc_SYSPIN_Data/IISc_SYSPINProject_Marathi_Female_Spk001_HC/wav/IISc_SYSPINProject_mr_f_EDUC_02109.wav|स्मार्टफोन, उत्क्रांतीचे रंग, रावणाची लंका, शेतीचा विकास अशा विविध विषयांसह 'मी टू' यावरही या अंकात चर्चा होते.
/root/f5-tts-marathi/datasets/syspin_marathi_female/extracted/IISc_SYSPIN_Data/IISc_SYSPINProject_Marathi_Female_Spk001_HC/wav/IISc_SYSPINProject_mr_f_POLI_00945.wav|कोम्बिंग ओपरेशन राबवितांना या ड्रोनची मदत होणार आहे, अशी माहिती गृहमंत्री अनिल देशमुख यांनी दिली
/root/f5-tts-marathi/datasets/syspin_marathi_female/extracted/IISc_SYSPIN_Data/IISc_SYSPINProject_Marathi_Female_Spk001_HC/wav/IISc_SYSPINProject_mr_f_BOOK_02431.wav|गुप्तहेरखाते आणि कायद्याची अंमलबजावणी करणाऱ्या यंत्रणांनी दहशतवादी हल्ल्यांचा आधीच अंदाज घ्यावा, तेशोधून त्यांचा पाठपुरावा म्हणून हल्ले घडण्यापूर्वीच तेनष्ट करण्याचा प्रयत्न केला पाहिजे.
/root/f5-tts-marathi/datasets/syspin_marathi_female/extracted/IISc_SYSPIN_Data/IISc_SYSPINProject_Marathi_Female_Spk001_HC/wav/IISc_SYSPINProject_mr_f_WEAT_01100.wav|रविवारी तब्बल आठ फुट लांबीचा साप आढळल्याने तेथून ये-जा करणाऱ्या रहिवाशांची भितीने गाळण उडाली.
/root/f5-tts-marathi/datasets/syspin_marathi_female/extracted/IISc_SYSPIN_Data/IISc_SYSPINProject_Marathi_Female_Spk001_HC/wav/IISc_SYSPINProject_mr_f_BOOK_05687.wav|दुधात लेक्टोबेसिलस लेक्टिस, लेक्टोबेसिलस क्रिमॉरिस व स्ट्रेप्टोकॉकस थर्मोफिलिस हे सूक्ष्मजीव व रंग मिसळले जातात. यामुळे दुधाला आंबटपणा येतो.
/root/f5-tts-marathi/datasets/syspin_marathi_female/extracted/IISc_SYSPIN_Data/IISc_SYSPINProject_Marathi_Female_Spk001_HC/wav/IISc_SYSPINProject_mr_f_WEAT_00523.wav|इकोनॉमिक रिफॉर्म्स विथ रेफरन्स टू इलेक्टोरल इश्युज या विषयावर बोलताना त्यांनी मत मांडले.
/root/f5-tts-marathi/datasets/syspin_marathi_female/extracted/IISc_SYSPIN_Data/IISc_SYSPINProject_Marathi_Female_Spk001_HC/wav/IISc_SYSPINProject_mr_f_AGRI_04206.wav|भुरी या रोगाच्या नियंत्रणासाठी गंधकाची 1एक ग्रेम प्रति लीटर या प्रमाणात फवारणी करतात.
/root/f5-tts-marathi/datasets/syspin_marathi_female/extracted/IISc_SYSPIN_Data/IISc_SYSPINProject_Marathi_Female_Spk001_HC/wav/IISc_SYSPINProject_mr_f_HEAL_00994.wav|गोवर, रुबेला लसीकरण केल्यामुळे आपला मुलगा किंवा मुलगी नपुंसक होईल या उठलेल्या अफवेतून पालकांनी हि लस देण्यास नकार दिला
/root/f5-tts-marathi/datasets/syspin_marathi_female/extracted/IISc_SYSPIN_Data/IISc_SYSPINProject_Marathi_Female_Spk001_HC/wav/IISc_SYSPINProject_mr_f_BOOK_02102.wav|हिमालयामुळे उत्तरेकडून येणारे अति थंड वारे अडवले जातात, त्याचप्रमाणे नैऋत्य मौसमी वारे हिमालयाच्या शिवालीक व हिमाचल रांगांपासून परत फिरतात.
/root/f5-tts-marathi/datasets/syspin_marathi_female/extracted/IISc_SYSPIN_Data/IISc_SYSPINProject_Marathi_Female_Spk001_HC/wav/IISc_SYSPINProject_mr_f_WEAT_01839.wav|दक्षिण गुजरातला भूकंपाचा सौम्य धक्का बसला असून या भूकंपाची तीव्रता रिश्टर स्केलवर 4.7चार पॉइंट सात इतकी मोजण्यात आली आहे.
/root/f5-tts-marathi/datasets/syspin_marathi_female/extracted/IISc_SYSPIN_Data/IISc_SYSPINProject_Marathi_Female_Spk001_HC/wav/IISc_SYSPINProject_mr_f_OTHE_02229.wav|एकेकाळची मेवाडची राजधानी, चित्तौडगढ किल्ला, खंडर आणि असंख्य कथांची भूमी आहे.
/root/f5-tts-marathi/datasets/syspin_marathi_female/extracted/IISc_SYSPIN_Data/IISc_SYSPINProject_Marathi_Female_Spk001_HC/wav/IISc_SYSPINProject_mr_f_HEAL_02960.wav|त्यामुळे डास व माशा होतात, परिणामी विविध आजार फैलावतात, याची जाणीवच या लोकांना नसते
/root/f5-tts-marathi/datasets/syspin_marathi_female/extracted/IISc_SYSPIN_Data/IISc_SYSPINProject_Marathi_Female_Spk001_HC/wav/IISc_SYSPINProject_mr_f_WEAT_01131.wav|स्वामी या करारामुळे रंगलेल्या नाट्यावर म्हणाले, सर्वच देशांशी मैत्रीपूर्ण संबंध ठेवणे हे शक्य नसते.
/root/f5-tts-marathi/datasets/syspin_marathi_female/extracted/IISc_SYSPIN_Data/IISc_SYSPINProject_Marathi_Female_Spk001_HC/wav/IISc_SYSPINProject_mr_f_BOOK_04949.wav|उन्हाळ्याचे दिवसात घरोघरचे दिवे, पंखे, वातानुकूलन यंत्रे, दुकानांमधील वीज वापर, या सर्वांमुळे मोठ्या प्रमाणात विद्युतशक्ती वापरली जाते, अतिप्रमाणात विद्युतधारा विद्युतपुरवठा करणाऱ्या ट्रान्सफॉर्मरकडून ओढली जाते व त्या ट्रान्सफॉर्मरची तेवढी क्षमता नसल्यास त्याची वितळतार वितळते व पुरवठा बंद होतो.
/root/f5-tts-marathi/datasets/syspin_marathi_female/extracted/IISc_SYSPIN_Data/IISc_SYSPINProject_Marathi_Female_Spk001_HC/wav/IISc_SYSPINProject_mr_f_BOOK_01724.wav|त्यानुसार या पक्षाने अनेक कार्यक्रमही राबवले.
/root/f5-tts-marathi/datasets/syspin_marathi_female/extracted/IISc_SYSPIN_Data/IISc_SYSPINProject_Marathi_Female_Spk001_HC/wav/IISc_SYSPINProject_mr_f_WEAT_02870.wav|तसेही प्रत्यक्ष आयुष्यात पोरींशी खुलून बोलायला मी लाजायचोच, म्हणून मग इथे येऊन ओर्कुट मैत्रीणी जमवायला सुरुवात केली.
/root/f5-tts-marathi/datasets/syspin_marathi_female/extracted/IISc_SYSPIN_Data/IISc_SYSPINProject_Marathi_Female_Spk001_HC/wav/IISc_SYSPINProject_mr_f_OTHE_03166.wav|राजकीय नेत्यांच्या मुला मुलींच्या लग्नांतील डामडौल आणि कोट्यावधी रूपयाची उधळपट्टी हा आज चर्चेचा विषय ठरला आहे
/root/f5-tts-marathi/datasets/syspin_marathi_female/extracted/IISc_SYSPIN_Data/IISc_SYSPINProject_Marathi_Female_Spk001_HC/wav/IISc_SYSPINProject_mr_f_BOOK_03508.wav|संस्थाने खालसा केल्यामुळे संस्थानांमधील सैनिक बेकार झाले.
/root/f5-tts-marathi/datasets/syspin_marathi_female/extracted/IISc_SYSPIN_Data/IISc_SYSPINProject_Marathi_Female_Spk001_HC/wav/IISc_SYSPINProject_mr_f_POLI_02725.wav|यातच कुर्डुवाडी ते भिगवण यादरम्यान अनेकवेळा रेल्वे थांबवून किंवा क्रॉसिंगला थांबलेल्या रेल्वेमधील प्रवाशांना शस्त्राचा धाक दाखवून लुटण्याचे प्रमाण प्रचंड वाढले होते.
/root/f5-tts-marathi/datasets/syspin_marathi_female/extracted/IISc_SYSPIN_Data/IISc_SYSPINProject_Marathi_Female_Spk001_HC/wav/IISc_SYSPINProject_mr_f_FINA_02206.wav|दुसरी महत्त्वाची गोष्ट म्हणजे करात सूट दिल्यानं कंपनीच्या खर्चात कपात होऊ शकेल याचा अर्थ कंपनीची विक्री आणि नफा यामुळे वाढू शकतो, असे नाही.
/root/f5-tts-marathi/datasets/syspin_marathi_female/extracted/IISc_SYSPIN_Data/IISc_SYSPINProject_Marathi_Female_Spk001_HC/wav/IISc_SYSPINProject_mr_f_WEAT_04379.wav|मात्र ही जमीन हरित पट्ट्यामध्ये येत असल्यामुळे त्यात फेरबदल करणे आवश्यक आहे.
/root/f5-tts-marathi/datasets/syspin_marathi_female/extracted/IISc_SYSPIN_Data/IISc_SYSPINProject_Marathi_Female_Spk001_HC/wav/IISc_SYSPINProject_mr_f_POLI_03175.wav|उत्तर दिशेकडील फलाट 12बारा डब्यांच्या गाड्यांसाठी वाढविले असले तरी प्रवाशांच्या डोक्यावरील छत टाकायला रेल्वे प्रशासन विसरलेले दिसत आहे.
/root/f5-tts-marathi/datasets/syspin_marathi_female/extracted/IISc_SYSPIN_Data/IISc_SYSPINProject_Marathi_Female_Spk001_HC/wav/IISc_SYSPINProject_mr_f_WEAT_04194.wav|जगातील सर्वात मोठे घुबड ब्लाकिश्तोन असून, सर्वात लहान एल्फ नावाचे घुबड आहे.
/root/f5-tts-marathi/datasets/syspin_marathi_female/extracted/IISc_SYSPIN_Data/IISc_SYSPINProject_Marathi_Female_Spk001_HC/wav/IISc_SYSPINProject_mr_f_FINA_01030.wav|एलआयसी म्हणजे जीवन विमा म्हणत असाल तर ती गुंतवणूक नाही. तुमच्यावर अवलंबून असलेल्यांची तुमच्या पश्चात घ्यायची आर्थिक काळजी आहे.
/root/f5-tts-marathi/datasets/syspin_marathi_female/extracted/IISc_SYSPIN_Data/IISc_SYSPINProject_Marathi_Female_Spk001_HC/wav/IISc_SYSPINProject_mr_f_FINA_03316.wav|रुपयाचे अवमूल्यन आणि कच्च्या मालाच्या वाढलेल्या किंमतीमुळे वाढलेला खर्च भरून काढण्यासाठी किंमत वाढीचा निर्णय घेतल्याचे कंपनीने म्हटले आहे.
/root/f5-tts-marathi/datasets/syspin_marathi_female/extracted/IISc_SYSPIN_Data/IISc_SYSPINProject_Marathi_Female_Spk001_HC/wav/IISc_SYSPINProject_mr_f_BOOK_01129.wav|कोशवान्मय राष्ट्राच्या सांस्कृतिक अवस्थेचे प्रतीक असून समाजाची बौद्धिक वा सांस्कृतिक गरज ज्या-ज्या प्रकारची असेल, त्या प्रकारच्या कोशवान्मयाची निर्मिती त्या-त्या समाजात होते.
/root/f5-tts-marathi/datasets/syspin_marathi_female/extracted/IISc_SYSPIN_Data/IISc_SYSPINProject_Marathi_Female_Spk001_HC/wav/IISc_SYSPINProject_mr_f_WEAT_00281.wav|अन्तू बर्व्याची भाषा ही अतिशय वेगळी, कायम तिरकस जाणारी आणि मिष्किलतेने भरलेली आहे.
/root/f5-tts-marathi/datasets/syspin_marathi_female/extracted/IISc_SYSPIN_Data/IISc_SYSPINProject_Marathi_Female_Spk001_HC/wav/IISc_SYSPINProject_mr_f_BOOK_02060.wav|सतलज व तिच्या उपनद्यांमधील गाळाच्या संचयनातून भारतातील पंजाबचे मैदान तयार झाले आहे.
/root/f5-tts-marathi/datasets/syspin_marathi_female/extracted/IISc_SYSPIN_Data/IISc_SYSPINProject_Marathi_Female_Spk001_HC/wav/IISc_SYSPINProject_mr_f_FINA_02281.wav|अनेक बंका असे करत असल्याचे एअरटेल पेमेन्ट बंकेच्या सीईओ शाहसी अरोरा यांनी म्हटले.
/root/f5-tts-marathi/datasets/syspin_marathi_female/extracted/IISc_SYSPIN_Data/IISc_SYSPINProject_Marathi_Female_Spk001_HC/wav/IISc_SYSPINProject_mr_f_POLI_01550.wav|सुखवस्तू कुटुंबात जन्मलेल्या रमाकांत विद्वांस यांना संरक्षण दलात किंवा व्यापारी जहाजांवर अधिकारी व्हायचे होते.
/root/f5-tts-marathi/datasets/syspin_marathi_female/extracted/IISc_SYSPIN_Data/IISc_SYSPINProject_Marathi_Female_Spk001_HC/wav/IISc_SYSPINProject_mr_f_WEAT_00978.wav|स्टेंडर्ड अंड पुअरने ब्राझीलचे पतमान कमी केल्याने आशियाई शेअर बाजारात नकारात्मक वातावरण होते.
/root/f5-tts-marathi/datasets/syspin_marathi_female/extracted/IISc_SYSPIN_Data/IISc_SYSPINProject_Marathi_Female_Spk001_HC/wav/IISc_SYSPINProject_mr_f_AGRI_02298.wav|अशाच गतीने सिंचन प्रकल्पाची कामे होऊ लागली तर 10दहा टक्के सिंचन क्षमता वाढीचे उद्दिष्ट साध्य करण्यास किती कालावधी लागेल हे न विचारणेच चांगले.
/root/f5-tts-marathi/datasets/syspin_marathi_female/extracted/IISc_SYSPIN_Data/IISc_SYSPINProject_Marathi_Female_Spk001_HC/wav/IISc_SYSPINProject_mr_f_WEAT_02484.wav|आंबी, नाणोली, जांबवडे, सुदुंबरे, सुदवडी, इंदोरी, माळवाडी या गावात गावकऱ्यांनी बाळा भेगडे यांचे उत्स्फूर्तपणे स्वागत केले.
/root/f5-tts-marathi/datasets/syspin_marathi_female/extracted/IISc_SYSPIN_Data/IISc_SYSPINProject_Marathi_Female_Spk001_HC/wav/IISc_SYSPINProject_mr_f_BOOK_02479.wav|अर्थकारण आणि तंत्रज्ञान या क्षेत्रांमध्ये जग अधिकच परस्परावलंबी बनले.
/root/f5-tts-marathi/datasets/syspin_marathi_female/extracted/IISc_SYSPIN_Data/IISc_SYSPINProject_Marathi_Female_Spk001_HC/wav/IISc_SYSPINProject_mr_f_FINA_02269.wav|यासोबतच आगामी वर्षात लावायचे कर, उभारायची कर्जे आणि करावयाचा खर्च यासाठी संसदेची परवानगी घेणंही आवश्यक असतं.
/root/f5-tts-marathi/datasets/syspin_marathi_female/extracted/IISc_SYSPIN_Data/IISc_SYSPINProject_Marathi_Female_Spk001_HC/wav/IISc_SYSPINProject_mr_f_HEAL_01350.wav|माणसाच्या शरीरात दोन किडनी असून त्या पोटामध्ये यकृत व जठराच्या खालच्या भागात, उजव्या व डाव्या अश्या दोन्ही बाजूंना असतात.
/root/f5-tts-marathi/datasets/syspin_marathi_female/extracted/IISc_SYSPIN_Data/IISc_SYSPINProject_Marathi_Female_Spk001_HC/wav/IISc_SYSPINProject_mr_f_HEAL_04408.wav|अनेक कर्करोग बाधित रुग्णांना रसायनी व शेक पध्दतीच्या उपचारांवेळी भूक कमी लागण्याचा परिणाम जाणवतो.
/root/f5-tts-marathi/datasets/syspin_marathi_female/extracted/IISc_SYSPIN_Data/IISc_SYSPINProject_Marathi_Female_Spk001_HC/wav/IISc_SYSPINProject_mr_f_GENE_00111.wav|या उड्डाणाचे आणखी एक वैशिष्ट्य म्हणजे हा अजस्र उपग्रह आणि रॉकेट हवेत सोडण्यासाठी ज्या इंजिनाचा वापर केला आहे, ते इंजिनसुध्दा वैशिष्ट्यपूर्ण आहे.
/root/f5-tts-marathi/datasets/syspin_marathi_female/extracted/IISc_SYSPIN_Data/IISc_SYSPINProject_Marathi_Female_Spk001_HC/wav/IISc_SYSPINProject_mr_f_BOOK_04834.wav|तांब्याची संहत नायट्रिक आम्लाबरोबर अभिक्रिया केली असता तांबूस रंगाचा विषारी नायट्रोजन डायओक्साइड वायू तयार होतो.
/root/f5-tts-marathi/datasets/syspin_marathi_female/extracted/IISc_SYSPIN_Data/IISc_SYSPINProject_Marathi_Female_Spk001_HC/wav/IISc_SYSPINProject_mr_f_WEAT_04405.wav|आशीष पुजारी म्हणाले आमचे प्यूअरप्लांक कलेक्शन यूरोप आणि जगभरात अन्य ठिकाणी सुद्धा लोकप्रिय आहे.
/root/f5-tts-marathi/datasets/syspin_marathi_female/extracted/IISc_SYSPIN_Data/IISc_SYSPINProject_Marathi_Female_Spk001_HC/wav/IISc_SYSPINProject_mr_f_GENE_01744.wav|तसेच डॉल्बीचे वाद्य कोणत्याही मंडळाने वाजवू नये, जर असे आढळून आल्यास वाद्य जप्त करून गुन्हा दाखल करण्यात येणार आहे.
/root/f5-tts-marathi/datasets/syspin_marathi_female/extracted/IISc_SYSPIN_Data/IISc_SYSPINProject_Marathi_Female_Spk001_HC/wav/IISc_SYSPINProject_mr_f_EDUC_01410.wav|या सर्व प्रकारात वनदास, अश्क्या आणि दिल्या एकमेकांचे घट्ट यारदोस्त झाले होते.
/root/f5-tts-marathi/datasets/syspin_marathi_female/extracted/IISc_SYSPIN_Data/IISc_SYSPINProject_Marathi_Female_Spk001_HC/wav/IISc_SYSPINProject_mr_f_BOOK_03502.wav|केप्टन औट्रेम याच्या नेतृत्वाखाली इंग्रजांच्या फौजा अाल्या.
/root/f5-tts-marathi/datasets/syspin_marathi_female/extracted/IISc_SYSPIN_Data/IISc_SYSPINProject_Marathi_Female_Spk001_HC/wav/IISc_SYSPINProject_mr_f_FINA_03116.wav|मंदिरातील विश्वस्त कर्जदाता कर्ज चुकवण्यास सक्षम आहे की नाही हे पाहतात आणि त्यानंतर कर्ज माफीचा निर्णय घेण्यात येतो.
/root/f5-tts-marathi/datasets/syspin_marathi_female/extracted/IISc_SYSPIN_Data/IISc_SYSPINProject_Marathi_Female_Spk001_HC/wav/IISc_SYSPINProject_mr_f_POLI_02895.wav|आयरीश महिला डेनियल मेक्लून हत्या प्रकरणाची गांभीर्याने दखल घेतली जाणार आहे.
/root/f5-tts-marathi/datasets/syspin_marathi_female/extracted/IISc_SYSPIN_Data/IISc_SYSPINProject_Marathi_Female_Spk001_HC/wav/IISc_SYSPINProject_mr_f_HEAL_00970.wav|एखाद्या बंगल्याच्या बाहेर कुत्रं बांधलेलं पाहिलं की, रक्ताच्या थारोळ्यात पडलेल्या माझ्या मुलाचं कोवळं शरीर आठवायचं आणि माझं रक्त उसळायचं
/root/f5-tts-marathi/datasets/syspin_marathi_female/extracted/IISc_SYSPIN_Data/IISc_SYSPINProject_Marathi_Female_Spk001_HC/wav/IISc_SYSPINProject_mr_f_POLI_02921.wav|शरद चंद्रांनी धंदा करणाऱ्या या सामान्य स्त्रीचं असामान्यत्व ताकदीने उभं केलं आहे.
/root/f5-tts-marathi/datasets/syspin_marathi_female/extracted/IISc_SYSPIN_Data/IISc_SYSPINProject_Marathi_Female_Spk001_HC/wav/IISc_SYSPINProject_mr_f_AGRI_00519.wav|परंतु, असे फुकटचे पाणी वारेमाप उपसले जाते आणि बागायती पिके घेतली जातात.
/root/f5-tts-marathi/datasets/syspin_marathi_female/extracted/IISc_SYSPIN_Data/IISc_SYSPINProject_Marathi_Female_Spk001_HC/wav/IISc_SYSPINProject_mr_f_GENE_01381.wav|हा चित्रपट पहिल्याच दिवशी दोन आकडी संख्या गाठेल ही अपेक्षा होतीच, कारण आयुष्मानचं नाव चित्रपटाशी जोडलेलं आहे. आणि बाला त्या अपेक्षांवर खरा उतरला.
/root/f5-tts-marathi/datasets/syspin_marathi_female/extracted/IISc_SYSPIN_Data/IISc_SYSPINProject_Marathi_Female_Spk001_HC/wav/IISc_SYSPINProject_mr_f_WEAT_03668.wav|दक्षिण चीनच्या ग्वांगडॉन्ग, हैनान आणि ग्वाक्सी जुआंग या भागांना वादळाचा सर्वाधिक तडाखा बसला आहे.
/root/f5-tts-marathi/datasets/syspin_marathi_female/extracted/IISc_SYSPIN_Data/IISc_SYSPINProject_Marathi_Female_Spk001_HC/wav/IISc_SYSPINProject_mr_f_FINA_00737.wav|महसूल व जिल्हा परिषदेचे सर्व कर्मचारी, उपस्थितांची उणीव भरून काढण्यासाठी आणूनसुद्धा उद्घाटनचा कार्यक्रम दिमाखदार होऊ शकला नाही.
/root/f5-tts-marathi/datasets/syspin_marathi_female/extracted/IISc_SYSPIN_Data/IISc_SYSPINProject_Marathi_Female_Spk001_HC/wav/IISc_SYSPINProject_mr_f_BOOK_01390.wav|त्यामुळे दोन जड मूलद्रव्यांच्या मध्येकिती मूलद्रव्यांचा शोध लागेल याचे भाकित करणे मेंडेलीव्हच्या आवर्ती नियमानुसार शक्य नव्हते.
/root/f5-tts-marathi/datasets/syspin_marathi_female/extracted/IISc_SYSPIN_Data/IISc_SYSPINProject_Marathi_Female_Spk001_HC/wav/IISc_SYSPINProject_mr_f_EDUC_00571.wav|इफ्फीच्या सुवर्ण महोत्सवी वर्षानिमित्त, रविवारी, पणजीत इफ्फीच्या सुकाणू समितीची पहिली बैठक झाली.
/root/f5-tts-marathi/datasets/syspin_marathi_female/extracted/IISc_SYSPIN_Data/IISc_SYSPINProject_Marathi_Female_Spk001_HC/wav/IISc_SYSPINProject_mr_f_WEAT_02895.wav|ब्रम्हदेव जरी खाली आला तरीही सुप्रिया सुळे काही करणार नाही, असे उत्तर देऊन पाठिंबा देणार नसल्याची स्पष्टोक्तीच त्यांनी दिली.
/root/f5-tts-marathi/datasets/syspin_marathi_female/extracted/IISc_SYSPIN_Data/IISc_SYSPINProject_Marathi_Female_Spk001_HC/wav/IISc_SYSPINProject_mr_f_AGRI_00779.wav|पाण्यात माशांसाठी पुरेसा ओक्सिजन मिळत राहावा यासाठी शेततळ्यात शॉवर तोटीच्या माध्यमातून पाणी फिरविले जाते. त्यामुळे पाण्यात ओक्सिजनचे योग्य प्रमाण राहते.
/root/f5-tts-marathi/datasets/syspin_marathi_female/extracted/IISc_SYSPIN_Data/IISc_SYSPINProject_Marathi_Female_Spk001_HC/wav/IISc_SYSPINProject_mr_f_WEAT_02451.wav|गोविंदा रे गोपाळा अशा जयघोषात आणि ढोलताशांच्या गजरात शनिवारी राजधानीत शिमगोत्सव साजरा करण्यात आला.
/root/f5-tts-marathi/datasets/syspin_marathi_female/extracted/IISc_SYSPIN_Data/IISc_SYSPINProject_Marathi_Female_Spk001_HC/wav/IISc_SYSPINProject_mr_f_FINA_01130.wav|गेल्या काही वर्षांमध्ये लाभार्थींना दिलेली कर्जाची रक्कम व त्यावरील व्याज मिळणे अशक्य झाल्याने थकबाकीचा आकडा चार कोटींपेक्षा अधिक झाला आहे.
/root/f5-tts-marathi/datasets/syspin_marathi_female/extracted/IISc_SYSPIN_Data/IISc_SYSPINProject_Marathi_Female_Spk001_HC/wav/IISc_SYSPINProject_mr_f_BOOK_02180.wav|याउलट पर्वतीय, डोंगराळ, शुष्क वाळवंटी प्रदेश तसेच घनदाट वनक्षेत्र जेथे सुविधांचा अभाव असतो.अशा प्रदेशात लोकसंख्येचे वितरण विरळ प्रमाणात आढळते.
/root/f5-tts-marathi/datasets/syspin_marathi_female/extracted/IISc_SYSPIN_Data/IISc_SYSPINProject_Marathi_Female_Spk001_HC/wav/IISc_SYSPINProject_mr_f_WEAT_04206.wav|शिवसेनेच्या पुढाकाराने पालिका शाळेमध्ये वेंडींग आणि बर्नींग मशीन बसवण्यात आली आहे.
/root/f5-tts-marathi/datasets/syspin_marathi_female/extracted/IISc_SYSPIN_Data/IISc_SYSPINProject_Marathi_Female_Spk001_HC/wav/IISc_SYSPINProject_mr_f_OTHE_01941.wav|त्याचं असं वेड पांघरून पेडगावला जाणं निशाला आवडलं, ती खुद्कन हसली.
/root/f5-tts-marathi/datasets/syspin_marathi_female/extracted/IISc_SYSPIN_Data/IISc_SYSPINProject_Marathi_Female_Spk001_HC/wav/IISc_SYSPINProject_mr_f_HEAL_03214.wav|कारण हवेशी संपर्क आला की, या दुधाला तत्काळ जंतुसंसर्ग होत असल्याने या दुधाचे कदाचित विषात रूपांतर होण्याचा धोका असतो
/root/f5-tts-marathi/datasets/syspin_marathi_female/extracted/IISc_SYSPIN_Data/IISc_SYSPINProject_Marathi_Female_Spk001_HC/wav/IISc_SYSPINProject_mr_f_POLI_00862.wav|तिकडे खासदार संजय राऊत हे भाजपावर एकानंतर एक बाण सोडत होते.
/root/f5-tts-marathi/datasets/syspin_marathi_female/extracted/IISc_SYSPIN_Data/IISc_SYSPINProject_Marathi_Female_Spk001_HC/wav/IISc_SYSPINProject_mr_f_BOOK_03393.wav|भारतातील समाजरचना विषमतेवर आधारित होती.
/root/f5-tts-marathi/datasets/syspin_marathi_female/extracted/IISc_SYSPIN_Data/IISc_SYSPINProject_Marathi_Female_Spk001_HC/wav/IISc_SYSPINProject_mr_f_BOOK_05642.wav|त्यांच्या वर्गीकरणाचे विविध निकषही आपण अभ्यासले आहेत. त्या आधारे खालील ओघतक्ता पूर्ण करा.
/root/f5-tts-marathi/datasets/syspin_marathi_female/extracted/IISc_SYSPIN_Data/IISc_SYSPINProject_Marathi_Female_Spk001_HC/wav/IISc_SYSPINProject_mr_f_AGRI_03460.wav|कच्ची सुपारी हिरवट रंगाची असते व ती पक्की झाल्यावर पिवळसर करडी होते.
/root/f5-tts-marathi/datasets/syspin_marathi_female/extracted/IISc_SYSPIN_Data/IISc_SYSPINProject_Marathi_Female_Spk001_HC/wav/IISc_SYSPINProject_mr_f_BOOK_04999.wav|विद्युतधारेच्या दिशेनुसार काटा शून्याच्या दोन बाजूंकडे विचलित होतो.
/root/f5-tts-marathi/datasets/syspin_marathi_female/extracted/IISc_SYSPIN_Data/IISc_SYSPINProject_Marathi_Female_Spk001_HC/wav/IISc_SYSPINProject_mr_f_POLI_02515.wav|लोकांनी तितक्याच कठोरपणे आपला अधिकार बजवावा आणि त्यातल्या त्यात जे सत्प्रवृत्त आहेत, ज्यांना माणसाच्या समस्यांची जाणीव आहे, अशांसाठीच या अधिकाराचा वापर करावा.
/root/f5-tts-marathi/datasets/syspin_marathi_female/extracted/IISc_SYSPIN_Data/IISc_SYSPINProject_Marathi_Female_Spk001_HC/wav/IISc_SYSPINProject_mr_f_POLI_00239.wav|चव्वेचाळीस वर्षीय मार्सियो वीस वर्षांहून अधिक काळ या वाळूच्या किल्ल्यामध्ये राहत असल्याने स्थानिक लोक त्याला किंग मार्सियो म्हणून संबोधतात.
/root/f5-tts-marathi/datasets/syspin_marathi_female/extracted/IISc_SYSPIN_Data/IISc_SYSPINProject_Marathi_Female_Spk001_HC/wav/IISc_SYSPINProject_mr_f_BOOK_03253.wav|या बंदरात अफझलखानाची तीन जहाजे माल उतरवण्याच्या तयारीत होती.
/root/f5-tts-marathi/datasets/syspin_marathi_female/extracted/IISc_SYSPIN_Data/IISc_SYSPINProject_Marathi_Female_Spk001_HC/wav/IISc_SYSPINProject_mr_f_BOOK_00366.wav|त्याच्यावरील देखण्या शिल्पांची सजावट मात्र नंतरच्या काळात केली गेली असावी, असे मानले जाते.
/root/f5-tts-marathi/datasets/syspin_marathi_female/extracted/IISc_SYSPIN_Data/IISc_SYSPINProject_Marathi_Female_Spk001_HC/wav/IISc_SYSPINProject_mr_f_AGRI_03480.wav|इंडोनेशिया येथे जंगलतोड करून पाम झाडांची लागवड करण्यास शासन प्रोत्साहन देत आहे.
/root/f5-tts-marathi/datasets/syspin_marathi_female/extracted/IISc_SYSPIN_Data/IISc_SYSPINProject_Marathi_Female_Spk001_HC/wav/IISc_SYSPINProject_mr_f_BOOK_04653.wav|प्रत्येक तुकडा नवजात स्पायरोगायराचा तंतू म्हणून जगतो.
/root/f5-tts-marathi/datasets/syspin_marathi_female/extracted/IISc_SYSPIN_Data/IISc_SYSPINProject_Marathi_Female_Spk001_HC/wav/IISc_SYSPINProject_mr_f_BOOK_02158.wav|वन्य प्राण्यांची बेकायदेशीर तस्करी, स्थलांतरित शेती (रोका), निर्वनीकरण, प्रदूषण इत्यादींमुळे होणारा पर्यावरणाचा ऱ्हास अशा समस्या ब्राझीलसमोर आहेत, त्यामुळे अनेक स्थानिक वन्य प्रजाती नामशेष होत आहेत.
/root/f5-tts-marathi/datasets/syspin_marathi_female/extracted/IISc_SYSPIN_Data/IISc_SYSPINProject_Marathi_Female_Spk001_HC/wav/IISc_SYSPINProject_mr_f_FINA_01928.wav|व्याज दर कपात झाल्यास चालू आर्थिक वर्षात विकास दर वाढीला चालना मिळेल, अशी शक्यता तज्ज्ञांकडून वर्तवली जात आहे.
/root/f5-tts-marathi/datasets/syspin_marathi_female/extracted/IISc_SYSPIN_Data/IISc_SYSPINProject_Marathi_Female_Spk001_HC/wav/IISc_SYSPINProject_mr_f_WEAT_01314.wav|स्पोर्ट्स बाइकची आवड असणाऱ्यांना लाइटवेट, शार्प लुकिंग, हाय परफॉर्मन्स बाइकची अनेक दिवसांची इच्छा आता पूर्ण होणार आहे.
/root/f5-tts-marathi/datasets/syspin_marathi_female/extracted/IISc_SYSPIN_Data/IISc_SYSPINProject_Marathi_Female_Spk001_HC/wav/IISc_SYSPINProject_mr_f_EDUC_03451.wav|यामध्ये त्याने रोहित शर्माच्या फलंदाजीची आणि एकंदर सध्याच्या फॉर्मचीही प्रशंसा केली.
/root/f5-tts-marathi/datasets/syspin_marathi_female/extracted/IISc_SYSPIN_Data/IISc_SYSPINProject_Marathi_Female_Spk001_HC/wav/IISc_SYSPINProject_mr_f_OTHE_01666.wav|इथिओपिया या आफ्रिकन देशात ज्युंवर अत्याचार झाले होते.
/root/f5-tts-marathi/datasets/syspin_marathi_female/extracted/IISc_SYSPIN_Data/IISc_SYSPINProject_Marathi_Female_Spk001_HC/wav/IISc_SYSPINProject_mr_f_AGRI_04218.wav|पाण्याचा योग्य निचरा होणार्या मध्यम ते भारी जमिनीत हे पीक चांगले येते. हलक्या जमिनीत जर सेंद्रिय पदार्थ भरपूर घातले तर हे पीक चांगले उत्पन्न देते.
/root/f5-tts-marathi/datasets/syspin_marathi_female/extracted/IISc_SYSPIN_Data/IISc_SYSPINProject_Marathi_Female_Spk001_HC/wav/IISc_SYSPINProject_mr_f_WEAT_01444.wav|चीनचं टीयांगांग स्पेस स्टेशन उद्या म्हणजेच सोमवारी पहाटे पृथ्वीवर कोसळण्याची शक्यता आहे.
/root/f5-tts-marathi/datasets/syspin_marathi_female/extracted/IISc_SYSPIN_Data/IISc_SYSPINProject_Marathi_Female_Spk001_HC/wav/IISc_SYSPINProject_mr_f_AGRI_03934.wav|फळे मसाल्यात व स्वयंपाकातील इतर पदार्थांत घालतात.
/root/f5-tts-marathi/datasets/syspin_marathi_female/extracted/IISc_SYSPIN_Data/IISc_SYSPINProject_Marathi_Female_Spk001_HC/wav/IISc_SYSPINProject_mr_f_BOOK_03736.wav|आपले हक्क मिळवण्यासाठी संस्थानातील जनतेने तेलंगण भागात आंध्र परिषद, मराठवाडा भागात 'महाराष्ट्र परिषद' व कर्नाटक भागात 'कर्नाटक परिषद' या संस्था स्थापन केल्या.
/root/f5-tts-marathi/datasets/syspin_marathi_female/extracted/IISc_SYSPIN_Data/IISc_SYSPINProject_Marathi_Female_Spk001_HC/wav/IISc_SYSPINProject_mr_f_BOOK_01338.wav|पृथ्वीवर मुक्त पतनाच्या वेळी हवेशी होणाऱ्या घर्षणामुळे वस्तूच्या गतीला विरोध होतो व वस्तूवर प्लावक बलही कार्य करते.
/root/f5-tts-marathi/datasets/syspin_marathi_female/extracted/IISc_SYSPIN_Data/IISc_SYSPINProject_Marathi_Female_Spk001_HC/wav/IISc_SYSPINProject_mr_f_WEAT_01502.wav|चालू हंगामामध्ये टक्क्याने रिकव्हरी घटण्याची भिती असून यामुळे तोटा सहन करावा लागणार आहे.
/root/f5-tts-marathi/datasets/syspin_marathi_female/extracted/IISc_SYSPIN_Data/IISc_SYSPINProject_Marathi_Female_Spk001_HC/wav/IISc_SYSPINProject_mr_f_HEAL_00673.wav|माणसांचे साबण, शाम्पू किंवा जंतुनाशक द्रव्ये प्राण्यांच्या त्वचेसाठी घातक ठरू शकतात
/root/f5-tts-marathi/datasets/syspin_marathi_female/extracted/IISc_SYSPIN_Data/IISc_SYSPINProject_Marathi_Female_Spk001_HC/wav/IISc_SYSPINProject_mr_f_EDUC_02422.wav|त्याला इंग्रजीत वेदर कॉक किंवा मराठीत वात कुक्कुट असे म्हटले जाते.
/root/f5-tts-marathi/datasets/syspin_marathi_female/extracted/IISc_SYSPIN_Data/IISc_SYSPINProject_Marathi_Female_Spk001_HC/wav/IISc_SYSPINProject_mr_f_FINA_03177.wav|ज्याला या गोदामातील मालाचे व्यवस्थापन जमले तोच किरकोळ व्यापारात नफा कमावू शकतो.
/root/f5-tts-marathi/datasets/syspin_marathi_female/extracted/IISc_SYSPIN_Data/IISc_SYSPINProject_Marathi_Female_Spk001_HC/wav/IISc_SYSPINProject_mr_f_POLI_02702.wav|हे प्रिंट करण्यासाठी वापरायचा प्रिंटर, कार्ट्रीज, कांप्यूटर, सॉफ्टवेअर सामान्य बाजारातून आणलेले असते.
/root/f5-tts-marathi/datasets/syspin_marathi_female/extracted/IISc_SYSPIN_Data/IISc_SYSPINProject_Marathi_Female_Spk001_HC/wav/IISc_SYSPINProject_mr_f_OTHE_02799.wav|या हल्ल्यात हौतात्म्य पत्करलेल्या वीरांना अभिवादन करतानाच या वीरांचे तसेच बळींच्या धीरोदात्त कुटुंबियांच्या पाठिशी सदैव भक्कमपणे राहू, असेही फडणवीस यांनी आश्वस्त केले
/root/f5-tts-marathi/datasets/syspin_marathi_female/extracted/IISc_SYSPIN_Data/IISc_SYSPINProject_Marathi_Female_Spk001_HC/wav/IISc_SYSPINProject_mr_f_HEAL_04279.wav|यामुळे मासिक चक्रामध्ये अनियमितता उद्भवू शकते. थोडा थोडा आणि बराच काळ रक्तस्राव होऊ शकतो.
/root/f5-tts-marathi/datasets/syspin_marathi_female/extracted/IISc_SYSPIN_Data/IISc_SYSPINProject_Marathi_Female_Spk001_HC/wav/IISc_SYSPINProject_mr_f_EDUC_03161.wav|याशिवाय लंडनमध्ये माझ्याकडे कोणत्याही प्रकारची संपत्ती नसल्याचंही वाड्रांनी सांगितल्याचं बोललं जातंय.
/root/f5-tts-marathi/datasets/syspin_marathi_female/extracted/IISc_SYSPIN_Data/IISc_SYSPINProject_Marathi_Female_Spk001_HC/wav/IISc_SYSPINProject_mr_f_BOOK_03031.wav|त्यामुळे चीनला पुढील काळात तिबेटवर संपूर्ण वर्चस्व प्रस्थापित करण्यास वाव मिळाला.
/root/f5-tts-marathi/datasets/syspin_marathi_female/extracted/IISc_SYSPIN_Data/IISc_SYSPINProject_Marathi_Female_Spk001_HC/wav/IISc_SYSPINProject_mr_f_OTHE_03486.wav|मी जेव्हा टेक्सीतून उतरलो तेव्हा घाईघाईत माझ्या टेक्सीत शिरण्याचा प्रयत्न करणाऱ्या एका कुरळ्या केसाच्या सदगृहस्थांना मी पाहिलं
/root/f5-tts-marathi/datasets/syspin_marathi_female/extracted/IISc_SYSPIN_Data/IISc_SYSPINProject_Marathi_Female_Spk001_HC/wav/IISc_SYSPINProject_mr_f_HEAL_03848.wav|भारतामध्ये गुटखा खाण्याचे, तंबाखू चघळण्याचे प्रमाण फार मोठ्या प्रमाणात आहे आणि ते दिवसेंदिवस वाढत चालले आहे.
/root/f5-tts-marathi/datasets/syspin_marathi_female/extracted/IISc_SYSPIN_Data/IISc_SYSPINProject_Marathi_Female_Spk001_HC/wav/IISc_SYSPINProject_mr_f_FINA_01578.wav|इतकीच आर्थिक काळजी असेल तर 1500पंधराशे कोटी बोजा असलेला वेतन आयोग मागणे थांबवावे.
/root/f5-tts-marathi/datasets/syspin_marathi_female/extracted/IISc_SYSPIN_Data/IISc_SYSPINProject_Marathi_Female_Spk001_HC/wav/IISc_SYSPINProject_mr_f_OTHE_00670.wav|आज पन्नास वर्षे लोंबकळत राहिलेल्या सीमा प्रश्नाबाबत केंद्र सरकारने सर्वोच्च न्यायालयाचे मत आजमावून पाहण्याचा विचारही केला नाही.
/root/f5-tts-marathi/datasets/syspin_marathi_female/extracted/IISc_SYSPIN_Data/IISc_SYSPINProject_Marathi_Female_Spk001_HC/wav/IISc_SYSPINProject_mr_f_FINA_01511.wav|अमेरिकेत दर दोन वर्षांकाठी पीटीएसडीशी संबंधित प्रत्येक रुग्णामागील खर्च हा सुमारे पाच हजार डॉलर्स इतका प्रचंड आहे.
/root/f5-tts-marathi/datasets/syspin_marathi_female/extracted/IISc_SYSPIN_Data/IISc_SYSPINProject_Marathi_Female_Spk001_HC/wav/IISc_SYSPINProject_mr_f_BOOK_05759.wav|जिओबेक्टर हे जीवाणू या युरेनिअम क्षारांचेअविद्राव्य क्षारांत रूपांतर करून जमिनीतील पाण्याच्या साठ्यांत मिसळणेरोखतात.
/root/f5-tts-marathi/datasets/syspin_marathi_female/extracted/IISc_SYSPIN_Data/IISc_SYSPINProject_Marathi_Female_Spk001_HC/wav/IISc_SYSPINProject_mr_f_EDUC_02321.wav|चिमाजी आप्पांचा घोड्यावरचा ब्रांझचा पुतळा लांबूनच लक्ष वेधून घेत होता.
/root/f5-tts-marathi/datasets/syspin_marathi_female/extracted/IISc_SYSPIN_Data/IISc_SYSPINProject_Marathi_Female_Spk001_HC/wav/IISc_SYSPINProject_mr_f_GENE_01644.wav|वेदांची भाषा संस्कृत असे आपण धरून चालतो पण ऋग्वेद मंत्र व ब्राह्मणे संस्कृतपूर्व बोलीभाषेत रचली गेली आहेत.
/root/f5-tts-marathi/datasets/syspin_marathi_female/extracted/IISc_SYSPIN_Data/IISc_SYSPINProject_Marathi_Female_Spk001_HC/wav/IISc_SYSPINProject_mr_f_AGRI_01532.wav|वरील सर्व तंतूंच्या प्रकारात कापूस हा सर्वाधिक लोकप्रिय व वापराचा आहे.
/root/f5-tts-marathi/datasets/syspin_marathi_female/extracted/IISc_SYSPIN_Data/IISc_SYSPINProject_Marathi_Female_Spk001_HC/wav/IISc_SYSPINProject_mr_f_EDUC_02615.wav|गेल्या सीझनमध्ये रणजीमध्ये खेळता आलं नसल्यानं त्यानं क्रिकेटला अलविदा करण्याचा निर्णय घेतला होता.
/root/f5-tts-marathi/datasets/syspin_marathi_female/extracted/IISc_SYSPIN_Data/IISc_SYSPINProject_Marathi_Female_Spk001_HC/wav/IISc_SYSPINProject_mr_f_POLI_02932.wav|हितेंद्र ठाकूर यांच्या वाढदिवसानिमित्त मुख्यमंत्री आणि बड्या नेत्यांनी उपस्थित राहणे योग्य आहे का?
/root/f5-tts-marathi/datasets/syspin_marathi_female/extracted/IISc_SYSPIN_Data/IISc_SYSPINProject_Marathi_Female_Spk001_HC/wav/IISc_SYSPINProject_mr_f_OTHE_01339.wav|या चित्रपटात परी प्रेमात पडते ही नवी थीम घेऊन फेंटसीच्या अंगाने चित्रपटात नवीन काहीतरी देण्याचा प्रयत्न दिग्दर्शक कुणाल कोहली यांनी केला आहे.
/root/f5-tts-marathi/datasets/syspin_marathi_female/extracted/IISc_SYSPIN_Data/IISc_SYSPINProject_Marathi_Female_Spk001_HC/wav/IISc_SYSPINProject_mr_f_HEAL_02003.wav|निपाह विषाणू आजारात विशेषत: ताप, अंगदुखी, डोकेदुखी, निद्रीस्तपणा, मानसिक गोंधळ उडणे, बेशुद्ध पडणे अशी लक्षणे आढळतात
/root/f5-tts-marathi/datasets/syspin_marathi_female/extracted/IISc_SYSPIN_Data/IISc_SYSPINProject_Marathi_Female_Spk001_HC/wav/IISc_SYSPINProject_mr_f_BOOK_02927.wav|तिला पुढे 'व्हर्जिनिया' नाव देण्यात आले.
/root/f5-tts-marathi/datasets/syspin_marathi_female/extracted/IISc_SYSPIN_Data/IISc_SYSPINProject_Marathi_Female_Spk001_HC/wav/IISc_SYSPINProject_mr_f_BOOK_02475.wav|सुरक्षेच्या संदर्भातील पारंपरिक दृष्टिकोन आजही महत्त्वाचा असला तरी सुरक्षेच्या अन्य प्रकारांचाही अभ्यास तितकाच महत्त्वाचा आहे.
/root/f5-tts-marathi/datasets/syspin_marathi_female/extracted/IISc_SYSPIN_Data/IISc_SYSPINProject_Marathi_Female_Spk001_HC/wav/IISc_SYSPINProject_mr_f_WEAT_03455.wav|गव्हर्नरने साष्टी प्रदेशातील वसुलीसाठी इश्तेव्हाव रुद्रीगीश रॉड्रीग्ज या क्रूर अधिकाऱ्याला पाठवले.
/root/f5-tts-marathi/datasets/syspin_marathi_female/extracted/IISc_SYSPIN_Data/IISc_SYSPINProject_Marathi_Female_Spk001_HC/wav/IISc_SYSPINProject_mr_f_BOOK_01398.wav|अणुअंक आधारभूत धरून तयार झालेल्या आधुनिक आवर्तसारणीमुळे मूलद्रव्यांच्या गुणधर्मांचे भाकित अधिक अचूकपणे करता येते.
/root/f5-tts-marathi/datasets/syspin_marathi_female/extracted/IISc_SYSPIN_Data/IISc_SYSPINProject_Marathi_Female_Spk001_HC/wav/IISc_SYSPINProject_mr_f_OTHE_03313.wav|परकीय नागरिक मग ते बांगलादेशी असोत नाहीतर श्रीलंकेचे, पाकिस्तानी असोत किंवा म्यानमारचे रोहिंग्ये मुसलमान असोत, त्यांना देशाबाहेर काढलेच पाहिजे.
/root/f5-tts-marathi/datasets/syspin_marathi_female/extracted/IISc_SYSPIN_Data/IISc_SYSPINProject_Marathi_Female_Spk001_HC/wav/IISc_SYSPINProject_mr_f_OTHE_01764.wav|नाना पाटेकर यांना जाहीर झालेला मराठवाडा मित्र पुरस्कार त्यांच्या प्रतिनिधीने स्वीकारला.
/root/f5-tts-marathi/datasets/syspin_marathi_female/extracted/IISc_SYSPIN_Data/IISc_SYSPINProject_Marathi_Female_Spk001_HC/wav/IISc_SYSPINProject_mr_f_OTHE_01503.wav|माध्यमांनी आम्हाला अनुकूल तेच छापावं किंवा दाखवावं ही सत्ताधीशाची अपेक्षा असते.
/root/f5-tts-marathi/datasets/syspin_marathi_female/extracted/IISc_SYSPIN_Data/IISc_SYSPINProject_Marathi_Female_Spk001_HC/wav/IISc_SYSPINProject_mr_f_BOOK_01198.wav|लीळाचरित्रातील विविध घटना केव्हा, कोणत्या स्थळी व कोणत्या प्रसंगाने घडल्या हेही स्थानपोथीकार सांगतात.
/root/f5-tts-marathi/datasets/syspin_marathi_female/extracted/IISc_SYSPIN_Data/IISc_SYSPINProject_Marathi_Female_Spk001_HC/wav/IISc_SYSPINProject_mr_f_WEAT_04096.wav|अथर्व काळे हे विमाने उडवणार आहेत तर अक्षय काळे तांत्रिक बाजू सांभाळणार आहेत.
/root/f5-tts-marathi/datasets/syspin_marathi_female/extracted/IISc_SYSPIN_Data/IISc_SYSPINProject_Marathi_Female_Spk001_HC/wav/IISc_SYSPINProject_mr_f_EDUC_02276.wav|आपल्या कानांमधील जीवाणू हेड फोन्समार्गे इतरांच्या कानामध्ये शिरून कानाचे इन्फेक्शन उद्भवू शकते.
/root/f5-tts-marathi/datasets/syspin_marathi_female/extracted/IISc_SYSPIN_Data/IISc_SYSPINProject_Marathi_Female_Spk001_HC/wav/IISc_SYSPINProject_mr_f_GENE_01165.wav|त्यांनी संगीत दिलेल्या एका अल्बमचे शीर्षक घेऊन बोलायचे तर, त्यांचा राजीनामा हा केवळ यादों के सिलसिले म्हणून मागे उरणार नाही, हे नक्कीच.
/root/f5-tts-marathi/datasets/syspin_marathi_female/extracted/IISc_SYSPIN_Data/IISc_SYSPINProject_Marathi_Female_Spk001_HC/wav/IISc_SYSPINProject_mr_f_AGRI_01185.wav|द्राक्ष शेतीत ठिबक सिंचन पद्धतीने राष्ट्रीय संपत्तीचा जपून वापर केला जातो.
/root/f5-tts-marathi/datasets/syspin_marathi_female/extracted/IISc_SYSPIN_Data/IISc_SYSPINProject_Marathi_Female_Spk001_HC/wav/IISc_SYSPINProject_mr_f_FINA_01159.wav|बहुसंख्य भारतीयांची बेंकांत खाती असली तरी निम्मे तरी लोक आपली बचत घरातल्या घरातच ठेवत असतात, असे केंद्र सरकारच्या आर्थिक समावेशन अहवालात म्हटले आहे.
/root/f5-tts-marathi/datasets/syspin_marathi_female/extracted/IISc_SYSPIN_Data/IISc_SYSPINProject_Marathi_Female_Spk001_HC/wav/IISc_SYSPINProject_mr_f_AGRI_03106.wav|महात्मा फुले व सेंट्रल फुले मार्केट अशा दोन्ही ठिकाणी हे गाळे सील करण्यात आले.
/root/f5-tts-marathi/datasets/syspin_marathi_female/extracted/IISc_SYSPIN_Data/IISc_SYSPINProject_Marathi_Female_Spk001_HC/wav/IISc_SYSPINProject_mr_f_OTHE_03966.wav|रुपेश मोरे, सुजन नार्वेकर, विशाल जेकब आणि मरयान जेकबने विजयात मोलाचा वाटा उचलला
/root/f5-tts-marathi/datasets/syspin_marathi_female/extracted/IISc_SYSPIN_Data/IISc_SYSPINProject_Marathi_Female_Spk001_HC/wav/IISc_SYSPINProject_mr_f_FINA_02981.wav|त्या वेळी नुकसान भरपाईसाठी मच्छीमारांना करपावत्या सादर करण्याच्या सूचना करण्यात आल्या होत्या.
/root/f5-tts-marathi/datasets/syspin_marathi_female/extracted/IISc_SYSPIN_Data/IISc_SYSPINProject_Marathi_Female_Spk001_HC/wav/IISc_SYSPINProject_mr_f_BOOK_05591.wav|थोडक्यात सांगायचे झाले तर ही पद्धत गुरुत्वाकर्षणाच्या नियमावर आधारित असते ज्यामुळे समान आकाराचे कण त्यांच्या विशिष्ट वजनामुळे पाण्याच्या मदतीने वेगळे केले जातात.
/root/f5-tts-marathi/datasets/syspin_marathi_female/extracted/IISc_SYSPIN_Data/IISc_SYSPINProject_Marathi_Female_Spk001_HC/wav/IISc_SYSPINProject_mr_f_HEAL_01278.wav|रक्तदाब कमी झाल्यास मरगळ येणे, निस्तेजपणा वाढणे, मळमळणे, श्वास घेण्यास त्रास होणे अशी लक्षणं आढळतात
/root/f5-tts-marathi/datasets/syspin_marathi_female/extracted/IISc_SYSPIN_Data/IISc_SYSPINProject_Marathi_Female_Spk001_HC/wav/IISc_SYSPINProject_mr_f_OTHE_00483.wav|त्या दोघींनाही वाट्सआप नंबर दिला होता, मात्र अचानक त्या भामट्याने त्या दोघींनाही वाट्सआप आणि एफबीवर ब्लॉक केले.
/root/f5-tts-marathi/datasets/syspin_marathi_female/extracted/IISc_SYSPIN_Data/IISc_SYSPINProject_Marathi_Female_Spk001_HC/wav/IISc_SYSPINProject_mr_f_FINA_02696.wav|कर्ज असलेल्या आणि नसलेल्या अशा दोहोंसाठी ही योजना उपलब्ध असणार आहे.
/root/f5-tts-marathi/datasets/syspin_marathi_female/extracted/IISc_SYSPIN_Data/IISc_SYSPINProject_Marathi_Female_Spk001_HC/wav/IISc_SYSPINProject_mr_f_HEAL_03900.wav|मधुमेहींमध्ये रक्तातील साखरेचे प्रमाण जास्त असल्यानेही जीवाणूंचा प्रादुर्भाव जलद होतो.
/root/f5-tts-marathi/datasets/syspin_marathi_female/extracted/IISc_SYSPIN_Data/IISc_SYSPINProject_Marathi_Female_Spk001_HC/wav/IISc_SYSPINProject_mr_f_OTHE_02105.wav|अर्चना कोच्चर, डेल्ना पुनावाला, वरुण जानी, विजय गोलेचा हे उपस्थित होते.
/root/f5-tts-marathi/datasets/syspin_marathi_female/extracted/IISc_SYSPIN_Data/IISc_SYSPINProject_Marathi_Female_Spk001_HC/wav/IISc_SYSPINProject_mr_f_WEAT_02464.wav|मार्केट यार्डात पालेभाज्यांची आवक घटल्याने कोथिंबीर, चवळई, पालक, हरभरा गड्डीच्या दरात वाढ झाली आहे.
/root/f5-tts-marathi/datasets/syspin_marathi_female/extracted/IISc_SYSPIN_Data/IISc_SYSPINProject_Marathi_Female_Spk001_HC/wav/IISc_SYSPINProject_mr_f_AGRI_03550.wav|वाहत्या पाण्याखाली फळे किंवा भाज्या हाताने, किंवा एखाद्या नरम ब्रशने चोळून धुवा.
/root/f5-tts-marathi/datasets/syspin_marathi_female/extracted/IISc_SYSPIN_Data/IISc_SYSPINProject_Marathi_Female_Spk001_HC/wav/IISc_SYSPINProject_mr_f_HEAL_02689.wav|ग्रामीण आणि शहरी भागातही साधे आजार अंगावर काढल्यास त्याचा दुष्परिणाम जाणवतात
/root/f5-tts-marathi/datasets/syspin_marathi_female/extracted/IISc_SYSPIN_Data/IISc_SYSPINProject_Marathi_Female_Spk001_HC/wav/IISc_SYSPINProject_mr_f_WEAT_04323.wav|मात्र या निदर्शकांना पोलिसांनी परवानगी दिली नाही तसेच काही लोकांना अटकही करण्यात आली, असे एमडीपीने फ्रान्स प्रेस या वृत्तसंस्थेला सांगितले.
/root/f5-tts-marathi/datasets/syspin_marathi_female/extracted/IISc_SYSPIN_Data/IISc_SYSPINProject_Marathi_Female_Spk001_HC/wav/IISc_SYSPINProject_mr_f_BOOK_02907.wav|वसाहतवादी युरोपीय स्थलांतरितांनी अमेरिका खंडातील मूळ रहिवाशांच्या जमिनी बळकावून प्रसंगी त्यांची कत्तल केली.
/root/f5-tts-marathi/datasets/syspin_marathi_female/extracted/IISc_SYSPIN_Data/IISc_SYSPINProject_Marathi_Female_Spk001_HC/wav/IISc_SYSPINProject_mr_f_GENE_01230.wav|रियल माद्रिद या फुटबॉल संघाने मंचेस्टर युनाटेड संघाचा पराभव करत 2017दोन हजार सतरा चा सुपर कप जिंकला.
/root/f5-tts-marathi/datasets/syspin_marathi_female/extracted/IISc_SYSPIN_Data/IISc_SYSPINProject_Marathi_Female_Spk001_HC/wav/IISc_SYSPINProject_mr_f_GENE_00536.wav|असा विश्वास आहे की पौराणिक काळात वाघ मुबलक प्रमाणात आढळत, म्हणून या जागेचे नाव व्याघ्रप्रस्थ असे आहे.
/root/f5-tts-marathi/datasets/syspin_marathi_female/extracted/IISc_SYSPIN_Data/IISc_SYSPINProject_Marathi_Female_Spk001_HC/wav/IISc_SYSPINProject_mr_f_GENE_01221.wav|येथे सुरू असलेल्या सातव्या 'सुल्तान ओफ जोहोर चषक' कनिष्ठ पुरूषांच्या हॉकी स्पर्धेत भारतीय कनिष्ठ हॉकी संघाने आपला सलग दुसरा विजय नोंदविला.
/root/f5-tts-marathi/datasets/syspin_marathi_female/extracted/IISc_SYSPIN_Data/IISc_SYSPINProject_Marathi_Female_Spk001_HC/wav/IISc_SYSPINProject_mr_f_BOOK_03528.wav|काडतुस वापरण्यापूर्वी ते दाताने तोडावेलागे.
/root/f5-tts-marathi/datasets/syspin_marathi_female/extracted/IISc_SYSPIN_Data/IISc_SYSPINProject_Marathi_Female_Spk001_HC/wav/IISc_SYSPINProject_mr_f_GENE_01577.wav|ग्राफिक्स साठी विनोद काळगी आणि आणि सहाय्यक म्हणून सिलास काकडे आणि सिल्वराज पिल्ले यांनी काम पाहिले.
/root/f5-tts-marathi/datasets/syspin_marathi_female/extracted/IISc_SYSPIN_Data/IISc_SYSPINProject_Marathi_Female_Spk001_HC/wav/IISc_SYSPINProject_mr_f_EDUC_02596.wav|महागड्या पार्ट्या साजऱ्या करतांना तिघा जीवाभावाच्या मित्रांमध्ये किरकोळ वादावरुन एकाची हत्या झाली.
/root/f5-tts-marathi/datasets/syspin_marathi_female/extracted/IISc_SYSPIN_Data/IISc_SYSPINProject_Marathi_Female_Spk001_HC/wav/IISc_SYSPINProject_mr_f_OTHE_03158.wav|कोकणी माणसाला गणपतीला कोकणात जाण्यासाठी गाड्या सोडण्याचं एक छोटसं चॉकलेटही दिलं गेलंय
/root/f5-tts-marathi/datasets/syspin_marathi_female/extracted/IISc_SYSPIN_Data/IISc_SYSPINProject_Marathi_Female_Spk001_HC/wav/IISc_SYSPINProject_mr_f_BOOK_03267.wav|पुढील वर्षी राजापूरच्या स्वारीत त्यांनी इंग्रजांचा पराभव केला.
/root/f5-tts-marathi/datasets/syspin_marathi_female/extracted/IISc_SYSPIN_Data/IISc_SYSPINProject_Marathi_Female_Spk001_HC/wav/IISc_SYSPINProject_mr_f_FINA_00720.wav|भागातील पैसा भागातच राहावा आणि लोकांचा आर्थिक स्तर सुधारावा यासाठी आप्पांनी कृष्णा सहकारी बंक उभारली.
/root/f5-tts-marathi/datasets/syspin_marathi_female/extracted/IISc_SYSPIN_Data/IISc_SYSPINProject_Marathi_Female_Spk001_HC/wav/IISc_SYSPINProject_mr_f_OTHE_01922.wav|याच भीतीपोटी ओस्ट्रेलियाच्या केमरन बेन्क्रोफ्टला चेंडू संड पेपरने घासण्यास सांगितले गेले आणि त्याने देखील ते केले.
/root/f5-tts-marathi/datasets/syspin_marathi_female/extracted/IISc_SYSPIN_Data/IISc_SYSPINProject_Marathi_Female_Spk001_HC/wav/IISc_SYSPINProject_mr_f_HEAL_03905.wav|तसेच ऊतींमधील साखरेवर या जीवाणूंमुळे किण्वन क्रिया होऊन कार्बन डायओक्साइड वायू निर्माण होतो.
/root/f5-tts-marathi/datasets/syspin_marathi_female/extracted/IISc_SYSPIN_Data/IISc_SYSPINProject_Marathi_Female_Spk001_HC/wav/IISc_SYSPINProject_mr_f_OTHE_00016.wav|रस्त्यावरील खड्ड्यांच्या निषेधार्थ महाराष्ट्र नवनिर्माण सेना पुन्हा एकदा आक्रमक झाल्याचं दिसतंय.
/root/f5-tts-marathi/datasets/syspin_marathi_female/extracted/IISc_SYSPIN_Data/IISc_SYSPINProject_Marathi_Female_Spk001_HC/wav/IISc_SYSPINProject_mr_f_BOOK_02555.wav|चक्रीवादळेजमिनीवर तसेच समुद्राच्या पृष्ठभागावर निर्माण होतात.
/root/f5-tts-marathi/datasets/syspin_marathi_female/extracted/IISc_SYSPIN_Data/IISc_SYSPINProject_Marathi_Female_Spk001_HC/wav/IISc_SYSPINProject_mr_f_AGRI_03158.wav|झाडांना वेळोवेळी शेणखत, गांडूळखत व स्टेरामील ही खते दिल्यास त्याचा चांगला फायदा होतो.
/root/f5-tts-marathi/datasets/syspin_marathi_female/extracted/IISc_SYSPIN_Data/IISc_SYSPINProject_Marathi_Female_Spk001_HC/wav/IISc_SYSPINProject_mr_f_HEAL_01710.wav|या व्याधींचा संसर्ग होण्यापसून आपला बचाव करण्यासाठी स्वच्छता आणि हात निर्जंतुक असणे हा सर्वोत्तम पर्याय आहे
/root/f5-tts-marathi/datasets/syspin_marathi_female/extracted/IISc_SYSPIN_Data/IISc_SYSPINProject_Marathi_Female_Spk001_HC/wav/IISc_SYSPINProject_mr_f_HEAL_01128.wav|एका कोरोना विषाणू ग्रस्त रुग्णाच्या संपर्कात आल्याने डॉक्टर ली वेनलियान्ग यांनाही या विषाणूची लागण झाली
/root/f5-tts-marathi/datasets/syspin_marathi_female/extracted/IISc_SYSPIN_Data/IISc_SYSPINProject_Marathi_Female_Spk001_HC/wav/IISc_SYSPINProject_mr_f_AGRI_04055.wav|रोगांमुळे फळांचा तजेला व रंग बिघडतो. अशा फळांना बाजारभाव मिळत नाही.
/root/f5-tts-marathi/datasets/syspin_marathi_female/extracted/IISc_SYSPIN_Data/IISc_SYSPINProject_Marathi_Female_Spk001_HC/wav/IISc_SYSPINProject_mr_f_OTHE_02016.wav|युवा कांग्रेसचे पदाधिकारी अल्जो जोसेफ यांनी मिचेलचे वकिलपत्र घेतल्याने भाजपला नवा मुद्दा मिळाला आहे.
/root/f5-tts-marathi/datasets/syspin_marathi_female/extracted/IISc_SYSPIN_Data/IISc_SYSPINProject_Marathi_Female_Spk001_HC/wav/IISc_SYSPINProject_mr_f_GENE_03322.wav|त्यामुळे हरिश्चंद्र गड, माहुली, प्रबळमाची आदी किल्ले 2दोन दिवस बंद राहणार असून कृपया कोणीही येथे फिरकू नये, अशा आशयाचा संदेश येथील गावकर्यांनी दिला आहे.
/root/f5-tts-marathi/datasets/syspin_marathi_female/extracted/IISc_SYSPIN_Data/IISc_SYSPINProject_Marathi_Female_Spk001_HC/wav/IISc_SYSPINProject_mr_f_AGRI_02392.wav|तेवढ्यात मोहनराव पाणी घेऊन आले, दाजींना पाणी देऊन ते विश्वासच्या शेजारी येऊन बसले.
/root/f5-tts-marathi/datasets/syspin_marathi_female/extracted/IISc_SYSPIN_Data/IISc_SYSPINProject_Marathi_Female_Spk001_HC/wav/IISc_SYSPINProject_mr_f_WEAT_02517.wav|माझ्या मागेच बाळू गुप्ते जिन्याच्या तिसऱ्या पायरीवर फाकवलेल्या गुडघ्यांवर कोपरं आणि हातावर हनुवटी ठेवून बारीक डोळ्यांनी खेळाकडे बघत होता.
/root/f5-tts-marathi/datasets/syspin_marathi_female/extracted/IISc_SYSPIN_Data/IISc_SYSPINProject_Marathi_Female_Spk001_HC/wav/IISc_SYSPINProject_mr_f_HEAL_04167.wav|शरीराची प्रतिकारशक्ती वापरून सूक्ष्मजंतू किंवा विषाणू यांपासून बचाव केला जातो.
/root/f5-tts-marathi/datasets/syspin_marathi_female/extracted/IISc_SYSPIN_Data/IISc_SYSPINProject_Marathi_Female_Spk001_HC/wav/IISc_SYSPINProject_mr_f_WEAT_01842.wav|हे प्रदर्शन तीन दिवस चालणार असल्याची माहिती शांतीलाल मुथ्था यांनी दिली.
/root/f5-tts-marathi/datasets/syspin_marathi_female/extracted/IISc_SYSPIN_Data/IISc_SYSPINProject_Marathi_Female_Spk001_HC/wav/IISc_SYSPINProject_mr_f_AGRI_03900.wav|घोसाळे ही वर्षायू वेल मूलतः भारतातील असून उष्णकटिबंधात व भारतात सर्वत्र लागवडीत आढळते.
/root/f5-tts-marathi/datasets/syspin_marathi_female/extracted/IISc_SYSPIN_Data/IISc_SYSPINProject_Marathi_Female_Spk001_HC/wav/IISc_SYSPINProject_mr_f_POLI_00680.wav|आत्तापर्यंत त्यांनी इंडियन वेल्स, मियामी, चार्ल्सटन, विम्बल्डन, दी युएस ओपन, ग्वांग्झी आणि वुहान अशा सात स्पर्धा जिंकल्या आहेत.
/root/f5-tts-marathi/datasets/syspin_marathi_female/extracted/IISc_SYSPIN_Data/IISc_SYSPINProject_Marathi_Female_Spk001_HC/wav/IISc_SYSPINProject_mr_f_GENE_00158.wav|टीझर पोस्टरवर सैनिकी पोशाखातले राजेश शृंगारपुरे आणि भूषण प्रधान हे दोन प्रमुख अभिनेते आपल्याला पाहायला मिळतात.
/root/f5-tts-marathi/datasets/syspin_marathi_female/extracted/IISc_SYSPIN_Data/IISc_SYSPINProject_Marathi_Female_Spk001_HC/wav/IISc_SYSPINProject_mr_f_OTHE_02482.wav|श्रीगजानन म्हणाले, फलाची इच्छा सोडून जो करतो तो योगी कर्मे न करणाऱ्या योग्यांपेक्षा श्रेष्ठ आहे.
/root/f5-tts-marathi/datasets/syspin_marathi_female/extracted/IISc_SYSPIN_Data/IISc_SYSPINProject_Marathi_Female_Spk001_HC/wav/IISc_SYSPINProject_mr_f_AGRI_01676.wav|पर्यवेक्षीय अधिकाऱ्यांनी नेमून दिलेल्या पीक कापणी प्रयोगांच्या वेळी उपस्थित राहून दक्षता घ्यावी.
/root/f5-tts-marathi/datasets/syspin_marathi_female/extracted/IISc_SYSPIN_Data/IISc_SYSPINProject_Marathi_Female_Spk001_HC/wav/IISc_SYSPINProject_mr_f_OTHE_03033.wav|विशाल भारद्वाजचा 'मटरू के बिजली का मन्डोला', आणि विक्रमादित्य मोटवानेच्या 'लुटेरा' हेही सिनेमे या वर्षी आहेत
/root/f5-tts-marathi/datasets/syspin_marathi_female/extracted/IISc_SYSPIN_Data/IISc_SYSPINProject_Marathi_Female_Spk001_HC/wav/IISc_SYSPINProject_mr_f_FINA_02073.wav|त्यातच कमी दरात मिळणाऱ्या या खोट्या हापूस आंब्यामुळे जेमतेम हाती आलेल्या देवगडची किंमत टिकवणंही कठीण होऊन बसलंय.
/root/f5-tts-marathi/datasets/syspin_marathi_female/extracted/IISc_SYSPIN_Data/IISc_SYSPINProject_Marathi_Female_Spk001_HC/wav/IISc_SYSPINProject_mr_f_GENE_03112.wav|समाजस्वास्थ्य हे नाटक तत्कालीन आणि आजचा समाज हा कसा तोकड्या वैचारिक बैठकींवर आधारलेला होता आणि आहे याचा गर्भित अर्थ प्रेक्षकांना समजावून सांगते.
/root/f5-tts-marathi/datasets/syspin_marathi_female/extracted/IISc_SYSPIN_Data/IISc_SYSPINProject_Marathi_Female_Spk001_HC/wav/IISc_SYSPINProject_mr_f_HEAL_01313.wav|पूर्वी रुग्णाच्या तक्रारींचं वर्णन ऐकून आणि शारीरिक तपासणी करून निदान केलं जाई
/root/f5-tts-marathi/datasets/syspin_marathi_female/extracted/IISc_SYSPIN_Data/IISc_SYSPINProject_Marathi_Female_Spk001_HC/wav/IISc_SYSPINProject_mr_f_HEAL_00802.wav|या श्रेणीतली औषधे घेणाऱ्या व्यक्तीला भोवळ आल्यासारखे वाटते, तसच उर्जेची पातळी खालावते.
/root/f5-tts-marathi/datasets/syspin_marathi_female/extracted/IISc_SYSPIN_Data/IISc_SYSPINProject_Marathi_Female_Spk001_HC/wav/IISc_SYSPINProject_mr_f_POLI_02668.wav|नेहमी घोषवाक्यं, निषेध फलक दर्शवत विरोध केला जातो मात्र, इथं काही तरुणांनी लोकगीताच्या माध्यमांतून आपली भुमिका मांडलीय.
/root/f5-tts-marathi/datasets/syspin_marathi_female/extracted/IISc_SYSPIN_Data/IISc_SYSPINProject_Marathi_Female_Spk001_HC/wav/IISc_SYSPINProject_mr_f_BOOK_00291.wav|प्रकल्पांतर्गत वारसास्थळाचे मूळ स्वरूप न बदलता जतन आणि संवर्धनाची कामे करणे शक्य होते.
/root/f5-tts-marathi/datasets/syspin_marathi_female/extracted/IISc_SYSPIN_Data/IISc_SYSPINProject_Marathi_Female_Spk001_HC/wav/IISc_SYSPINProject_mr_f_OTHE_00917.wav|इन्व्हर्टर बनवणाऱ्या कंपन्या आणि हीटरची निर्मिती करणाऱ्या रेकॉल्ड कंपनीने एकत्र येऊन सौर इन्व्हर्टरची निर्मिती केली आहे.
/root/f5-tts-marathi/datasets/syspin_marathi_female/extracted/IISc_SYSPIN_Data/IISc_SYSPINProject_Marathi_Female_Spk001_HC/wav/IISc_SYSPINProject_mr_f_OTHE_02835.wav|एडटेक कंपनी बैजूचे संस्थापक बैजू रवींद्रण, हल्दीराम स्नेक्सचे मनोहर लाल तथा मधुसूदन अग्रवाल, बाथरूम फिटिंग्सचे जेग्युआर ब्रंडचे मालक राजेश मेहरा यांचा समावेश आहे
/root/f5-tts-marathi/datasets/syspin_marathi_female/extracted/IISc_SYSPIN_Data/IISc_SYSPINProject_Marathi_Female_Spk001_HC/wav/IISc_SYSPINProject_mr_f_OTHE_02707.wav|वैमानिकांच्या खुर्च्या सुद्धा जशा खऱ्या विमानात असतात तशाच्या तशा तिथे ठेवलेल्या असतात
/root/f5-tts-marathi/datasets/syspin_marathi_female/extracted/IISc_SYSPIN_Data/IISc_SYSPINProject_Marathi_Female_Spk001_HC/wav/IISc_SYSPINProject_mr_f_AGRI_01773.wav|कुठल्याही प्रकारचे पिट तयार न करता जमिनीत खड्डा घेऊन सुध्दा याच पद्धतीने कंपोस्ट खत तयार करता येते.
/root/f5-tts-marathi/datasets/syspin_marathi_female/extracted/IISc_SYSPIN_Data/IISc_SYSPINProject_Marathi_Female_Spk001_HC/wav/IISc_SYSPINProject_mr_f_BOOK_05593.wav|या यंत्राचा महत्त्वाचा भाग म्हणजे दोन प्रकारचे लोखंडी रूळ व त्यांच्यावरून सतत गोल फिरणारा पट्टा .
/root/f5-tts-marathi/datasets/syspin_marathi_female/extracted/IISc_SYSPIN_Data/IISc_SYSPINProject_Marathi_Female_Spk001_HC/wav/IISc_SYSPINProject_mr_f_WEAT_02202.wav|इस्रायल आणि पेलेस्टाईन संघर्षावर आधारित, फौडा ही वेबसीरीज संपूर्ण जगात लोकप्रिय आहे.
/root/f5-tts-marathi/datasets/syspin_marathi_female/extracted/IISc_SYSPIN_Data/IISc_SYSPINProject_Marathi_Female_Spk001_HC/wav/IISc_SYSPINProject_mr_f_WEAT_00865.wav|रईस शेख यांच्या या अतर्क्य मागणीमुळे मुस्लिम नेत्यांमध्येच संतापाचं वातावरण आहे.
/root/f5-tts-marathi/datasets/syspin_marathi_female/extracted/IISc_SYSPIN_Data/IISc_SYSPINProject_Marathi_Female_Spk001_HC/wav/IISc_SYSPINProject_mr_f_WEAT_03550.wav|रेल्वेच्या संचालनात सुरक्षेचा उच्च स्तर निर्धारित करण्यासाठी आम्हा सर्वांना सदैव सजग राहावे लागेल.
/root/f5-tts-marathi/datasets/syspin_marathi_female/extracted/IISc_SYSPIN_Data/IISc_SYSPINProject_Marathi_Female_Spk001_HC/wav/IISc_SYSPINProject_mr_f_HEAL_03258.wav|डॉक्टर कडून सल्ला घेऊन मधुमेह रोगी पौष्टिक आहारासाठी एक मधुमेह आहार तक्ता बनवून घेऊ शकतात
/root/f5-tts-marathi/datasets/syspin_marathi_female/extracted/IISc_SYSPIN_Data/IISc_SYSPINProject_Marathi_Female_Spk001_HC/wav/IISc_SYSPINProject_mr_f_AGRI_03881.wav|तीनेक वर्षांनंतर ठोंबांचे जुमडे फुटव्यांमुळे फारच मोठे होतात आणि त्यांचा मधला भाग हवा व प्रकाश यांच्या अभावामुळे मरतो. त्यामुळे उत्पन्न घटते.
/root/f5-tts-marathi/datasets/syspin_marathi_female/extracted/IISc_SYSPIN_Data/IISc_SYSPINProject_Marathi_Female_Spk001_HC/wav/IISc_SYSPINProject_mr_f_POLI_02161.wav|गुप्टिलच्या थेट फेकीने धोनी माघारी परतला आणि तेथेच न्यूझीलंडच्या विजयावर शिक्कामोर्तब झाले
/root/f5-tts-marathi/datasets/syspin_marathi_female/extracted/IISc_SYSPIN_Data/IISc_SYSPINProject_Marathi_Female_Spk001_HC/wav/IISc_SYSPINProject_mr_f_BOOK_02010.wav|अेमेझॉन हा ब्राझीलमधील सर्वांत विस्तीर्ण मैदानी प्रदेश आहे.
/root/f5-tts-marathi/datasets/syspin_marathi_female/extracted/IISc_SYSPIN_Data/IISc_SYSPINProject_Marathi_Female_Spk001_HC/wav/IISc_SYSPINProject_mr_f_EDUC_03429.wav|या स्कूटरमध्ये ब्ल्यूटूथ आणि डिजी अेनालॉग इन्स्ट्रुमेंट क्लस्टर फीचर देण्यात आलं आहे.
/root/f5-tts-marathi/datasets/syspin_marathi_female/extracted/IISc_SYSPIN_Data/IISc_SYSPINProject_Marathi_Female_Spk001_HC/wav/IISc_SYSPINProject_mr_f_GENE_02309.wav|तसेच दुसर्या उपांत्य पूर्व फेरीत सातार्याच्या श्रीधर मुळीक याने लातूरच्या विष्णु तातपुरेचा 7सात-2दोन ने पराभव करून कांस्य पदक पटकावले.
/root/f5-tts-marathi/datasets/syspin_marathi_female/extracted/IISc_SYSPIN_Data/IISc_SYSPINProject_Marathi_Female_Spk001_HC/wav/IISc_SYSPINProject_mr_f_OTHE_00590.wav|कर्जाच्या हफ्त्यांची परतफेड करू शकले नसल्यामुळे बंकेने मुंडे यांच्या फ्लेटवर जप्ती आणल्याने राजकीय चर्चेंना उधाण आले होते.
/root/f5-tts-marathi/datasets/syspin_marathi_female/extracted/IISc_SYSPIN_Data/IISc_SYSPINProject_Marathi_Female_Spk001_HC/wav/IISc_SYSPINProject_mr_f_WEAT_00169.wav|आणि नेव्हर से डाय अटिट्यूडबद्दल म्हणाल तर मला मायकेल चंग सुद्धा आवडत नाही.
/root/f5-tts-marathi/datasets/syspin_marathi_female/extracted/IISc_SYSPIN_Data/IISc_SYSPINProject_Marathi_Female_Spk001_HC/wav/IISc_SYSPINProject_mr_f_HEAL_02286.wav|तेव्हा ही विशिष्ट एन्झाईमची गोळी नियमाने घेत गेलो की, वृद्धत्वामुळे होणारा मृत्यू लांबणीवर पडेल
/root/f5-tts-marathi/datasets/syspin_marathi_female/extracted/IISc_SYSPIN_Data/IISc_SYSPINProject_Marathi_Female_Spk001_HC/wav/IISc_SYSPINProject_mr_f_OTHE_02042.wav|या सिनेमाचं प्री प्रोडक्शन सुरु झालं असून एप्रिलमध्ये सिनेमा फ्लोअरवर जाईल.
/root/f5-tts-marathi/datasets/syspin_marathi_female/extracted/IISc_SYSPIN_Data/IISc_SYSPINProject_Marathi_Female_Spk001_HC/wav/IISc_SYSPINProject_mr_f_WEAT_01285.wav|या गुहांमध्ये अगदी अल्प प्रमाणात नैसर्गिकरीत्याच रेडॉन गेस उत्सर्जित होतो.
/root/f5-tts-marathi/datasets/syspin_marathi_female/extracted/IISc_SYSPIN_Data/IISc_SYSPINProject_Marathi_Female_Spk001_HC/wav/IISc_SYSPINProject_mr_f_HEAL_00824.wav|उलटया होणे, दृष्टी मंदावणे व श्रवणशक्ती कमी होणे, असे दुष्परिणाम होत असतात, मात्र रुग्णाने जिद्दीने हे उपचार पुरे केल्यास तो बरा होऊ शकतो
/root/f5-tts-marathi/datasets/syspin_marathi_female/extracted/IISc_SYSPIN_Data/IISc_SYSPINProject_Marathi_Female_Spk001_HC/wav/IISc_SYSPINProject_mr_f_BOOK_05625.wav|लोखंडाचे नवीन पत्रे चमकताना का दिसतात?
/root/f5-tts-marathi/datasets/syspin_marathi_female/extracted/IISc_SYSPIN_Data/IISc_SYSPINProject_Marathi_Female_Spk001_HC/wav/IISc_SYSPINProject_mr_f_OTHE_01135.wav|या चित्रपटात मला शूर योद्ध्याची भूमिका साकारायला मिळाली, हे माझे भाग्य आहे.
/root/f5-tts-marathi/datasets/syspin_marathi_female/extracted/IISc_SYSPIN_Data/IISc_SYSPINProject_Marathi_Female_Spk001_HC/wav/IISc_SYSPINProject_mr_f_BOOK_03766.wav|पोर्तुगीज केप्टन फिडाल्गो याने शरणागती पत्करली. केंद्र सरकारने के.जी. बदलानी या अधिकाऱ्यास त्या भागात प्रशासन सुरळीत करण्यासाठी पाठवले.
/root/f5-tts-marathi/datasets/syspin_marathi_female/extracted/IISc_SYSPIN_Data/IISc_SYSPINProject_Marathi_Female_Spk001_HC/wav/IISc_SYSPINProject_mr_f_EDUC_02146.wav|खऱ्या ज्ञानापेक्षा डिग्री, डिप्लोमाची कागदाची सर्टिफिकेट्स आणि परिक्षांमध्ये मिळणारे मार्क्स आणि ग्रेड्स यांना महत्व आलेले आहे.
/root/f5-tts-marathi/datasets/syspin_marathi_female/extracted/IISc_SYSPIN_Data/IISc_SYSPINProject_Marathi_Female_Spk001_HC/wav/IISc_SYSPINProject_mr_f_EDUC_01135.wav|आता पुन्हा एकदा पूजाची अशीच ढिंच्याक एन्ट्री होणार असल्याची चर्चा आहे.
/root/f5-tts-marathi/datasets/syspin_marathi_female/extracted/IISc_SYSPIN_Data/IISc_SYSPINProject_Marathi_Female_Spk001_HC/wav/IISc_SYSPINProject_mr_f_FINA_01994.wav|2015दोन हजार पंधरामध्ये दिवाळीच्या वेळी पैशांची गरज असल्याने तिने एजन्सीचा मालक शांतिलाल सोलंकी याला आगाऊ पगार देण्याची विनंती केली.
/root/f5-tts-marathi/datasets/syspin_marathi_female/extracted/IISc_SYSPIN_Data/IISc_SYSPINProject_Marathi_Female_Spk001_HC/wav/IISc_SYSPINProject_mr_f_BOOK_03809.wav|विसाव्या शतकात दोन महायुद्धे झाली. ही दोन महायुद्धे विसाव्या शतकाच्या सुरुवातीच्या काळातील सर्वात महत्त्वाच्या घटना होत्या.
/root/f5-tts-marathi/datasets/syspin_marathi_female/extracted/IISc_SYSPIN_Data/IISc_SYSPINProject_Marathi_Female_Spk001_HC/wav/IISc_SYSPINProject_mr_f_AGRI_00148.wav|कोकणातील शेतीसाठी मेंढ्यांच्या विष्ठेचा 'लेंड्या खत' म्हणून वापर करण्याची पद्धत आहे.
/root/f5-tts-marathi/datasets/syspin_marathi_female/extracted/IISc_SYSPIN_Data/IISc_SYSPINProject_Marathi_Female_Spk001_HC/wav/IISc_SYSPINProject_mr_f_EDUC_00126.wav|या खेळाडूंमध्ये गोलकिपर मार्को फेबियन, जोनाथन आणि जिओव्हानी दोस हे खेळाडू होते.
/root/f5-tts-marathi/datasets/syspin_marathi_female/extracted/IISc_SYSPIN_Data/IISc_SYSPINProject_Marathi_Female_Spk001_HC/wav/IISc_SYSPINProject_mr_f_HEAL_04351.wav|ब्यूर्गर रोगाचे निदान निश्चित करण्यासाठी कुठलीही विशिष्ट प्रयोगशाळा चाचणी उपलब्ध नाही.
/root/f5-tts-marathi/datasets/syspin_marathi_female/extracted/IISc_SYSPIN_Data/IISc_SYSPINProject_Marathi_Female_Spk001_HC/wav/IISc_SYSPINProject_mr_f_AGRI_01585.wav|ठिकठिकाणी रेशीम कोशाला बाजारपेठ उपलब्ध झाली तर रेलिंग युनिट्स धागा काढणारे यंत्र येतील.
/root/f5-tts-marathi/datasets/syspin_marathi_female/extracted/IISc_SYSPIN_Data/IISc_SYSPINProject_Marathi_Female_Spk001_HC/wav/IISc_SYSPINProject_mr_f_AGRI_01561.wav|या जातीची दूध देण्याची क्षमता, वेतक्षमता, वाढीचा वेग, आनुवंशिक गुणधर्म आदी सर्व नोंदी असल्याने जातीची शुद्धता तपासणे व तशा जाती विकसित करणे शक्य झाले.
/root/f5-tts-marathi/datasets/syspin_marathi_female/extracted/IISc_SYSPIN_Data/IISc_SYSPINProject_Marathi_Female_Spk001_HC/wav/IISc_SYSPINProject_mr_f_FINA_02936.wav|परंतु अनधिकृत विक्रेत्याकडे जादा दराने सर्व प्रकारचे स्टंप व कोर्ट फी तिकीटे मिळतात.
/root/f5-tts-marathi/datasets/syspin_marathi_female/extracted/IISc_SYSPIN_Data/IISc_SYSPINProject_Marathi_Female_Spk001_HC/wav/IISc_SYSPINProject_mr_f_FINA_02055.wav|बाजारात भाजी घेताना किंवा एखाद्यावेळी घाईघाईत टेक्सी चालकाला पैसे दिल्यानंतर ते आपल्याला उर्वरित पैसे परत देतात, आणि ते पैसे न बघता आपण ठेवून घेतो.
/root/f5-tts-marathi/datasets/syspin_marathi_female/extracted/IISc_SYSPIN_Data/IISc_SYSPINProject_Marathi_Female_Spk001_HC/wav/IISc_SYSPINProject_mr_f_BOOK_05309.wav|वाहते, गतिमान पाणी पाईपद्वारेधरणाच्या पायथ्याशी असणाऱ्या टर्बाइनपर्यंत आणून त्यातील गतीज उर्जेच्या आधारे टर्बाइन फिरवलेजाते.
/root/f5-tts-marathi/datasets/syspin_marathi_female/extracted/IISc_SYSPIN_Data/IISc_SYSPINProject_Marathi_Female_Spk001_HC/wav/IISc_SYSPINProject_mr_f_FINA_01842.wav|चलन किंवा सरकारी बॉन्डच्या माध्यमातून रिझर्व्ह बेंकेला मोठा नफा मिळाला. कर नफ्यातील काही भाग रिझर्व्ह बेंक आपले परिचलन आणि आपत्कालीन फंडसाठी ठेवत असते.
/root/f5-tts-marathi/datasets/syspin_marathi_female/extracted/IISc_SYSPIN_Data/IISc_SYSPINProject_Marathi_Female_Spk001_HC/wav/IISc_SYSPINProject_mr_f_FINA_02313.wav|एकूण उत्पन्न आणि त्यातून गाळून निघणारा नफा अत्यंत तुटपुंजा राहिल्यामुळे नवीन गुंतवणूक करण्याची सोयच राहिली नाही.
/root/f5-tts-marathi/datasets/syspin_marathi_female/extracted/IISc_SYSPIN_Data/IISc_SYSPINProject_Marathi_Female_Spk001_HC/wav/IISc_SYSPINProject_mr_f_BOOK_04741.wav|गर्भाशयातील वाढीच्या काळात भ्रूणास अन्नपुरवठा करण्यासाठी ' अपरा ' नावाचा अवयव तयार होतो.
/root/f5-tts-marathi/datasets/syspin_marathi_female/extracted/IISc_SYSPIN_Data/IISc_SYSPINProject_Marathi_Female_Spk001_HC/wav/IISc_SYSPINProject_mr_f_EDUC_02695.wav|ह्यात पुदिन्याची पाने स्वादासाठी घातली तर आणखी छान लागेल असं वाटतंय. सैंधव, जलजीरा पावडरदेखील मस्त वाटेल चवीला.
/root/f5-tts-marathi/datasets/syspin_marathi_female/extracted/IISc_SYSPIN_Data/IISc_SYSPINProject_Marathi_Female_Spk001_HC/wav/IISc_SYSPINProject_mr_f_EVAL_00025.wav|इतका आळशीपणा करू नकोस, परीक्षा आहे अभ्यास कर जा.
/root/f5-tts-marathi/datasets/syspin_marathi_female/extracted/IISc_SYSPIN_Data/IISc_SYSPINProject_Marathi_Female_Spk001_HC/wav/IISc_SYSPINProject_mr_f_OTHE_02645.wav|त्यात विशेषत्वाने ब्लेकबेरी सागा, सायट्रस क्रीम, मेलन मस्क, जिंजर प्लम, लाइम, किवी, पीच, स्ट्रॉबेरी, आणि बेरीज या फ्लेव्हरला मागणी जास्त आहे
/root/f5-tts-marathi/datasets/syspin_marathi_female/extracted/IISc_SYSPIN_Data/IISc_SYSPINProject_Marathi_Female_Spk001_HC/wav/IISc_SYSPINProject_mr_f_BOOK_05809.wav|यातूनच मरणोत्तर देहदान आणि अवयवदान यांसारख्या संकल्पना पुढे आल्या आहेत.
/root/f5-tts-marathi/datasets/syspin_marathi_female/extracted/IISc_SYSPIN_Data/IISc_SYSPINProject_Marathi_Female_Spk001_HC/wav/IISc_SYSPINProject_mr_f_FINA_03552.wav|जागतिक बंक जगातल्या अनेक देशांना कर्ज उपलब्ध करून देते, त्याचा व्याजाचा दर कमी असला तरीसुध्दा या पैशांची परतफेड करावीच लागते.
/root/f5-tts-marathi/datasets/syspin_marathi_female/extracted/IISc_SYSPIN_Data/IISc_SYSPINProject_Marathi_Female_Spk001_HC/wav/IISc_SYSPINProject_mr_f_GENE_03097.wav|देव डीनंतर साहेब बीवी और गंगस्टर, दबंग, पान सिंग तोमर अशा अनेक चित्रपटांत ती झळकली.
/root/f5-tts-marathi/datasets/syspin_marathi_female/extracted/IISc_SYSPIN_Data/IISc_SYSPINProject_Marathi_Female_Spk001_HC/wav/IISc_SYSPINProject_mr_f_GENE_03012.wav|उरण, अलिबाग आणि त्याच्याही पुढे मोरा आणि रेवस येथील लोकांना बोटीने प्रवास करण्यासाठी या बंदराचा म्हणजेच भाऊच्या धक्क्याचा आजही वापर केला जातो.
/root/f5-tts-marathi/datasets/syspin_marathi_female/extracted/IISc_SYSPIN_Data/IISc_SYSPINProject_Marathi_Female_Spk001_HC/wav/IISc_SYSPINProject_mr_f_POLI_03221.wav|ही गर्दी कायम ठेवण्याची युक्ती पिंपरी चिंचवडच्या राष्ट्रवादी कांग्रेसच्या नेत्यांनी शोधलीय.
/root/f5-tts-marathi/datasets/syspin_marathi_female/extracted/IISc_SYSPIN_Data/IISc_SYSPINProject_Marathi_Female_Spk001_HC/wav/IISc_SYSPINProject_mr_f_BOOK_03004.wav|परंतु ब्रिटिशांना फारसा प्रतिसाद मिळाला नाही.त्यातूनच इंग्लंडविरुद्ध नेपाळ अशी दोन युद्धे झाली.
/root/f5-tts-marathi/datasets/syspin_marathi_female/extracted/IISc_SYSPIN_Data/IISc_SYSPINProject_Marathi_Female_Spk001_HC/wav/IISc_SYSPINProject_mr_f_OTHE_00742.wav|कालपर्यंत स्वत: आणि नीकबद्दल बोलणारी प्रियांका आता चक्क आपल्या भविष्यात होणाऱ्या मुलांबद्दल बोलायला लागली आहे.
/root/f5-tts-marathi/datasets/syspin_marathi_female/extracted/IISc_SYSPIN_Data/IISc_SYSPINProject_Marathi_Female_Spk001_HC/wav/IISc_SYSPINProject_mr_f_HEAL_03081.wav|शस्त्रक्रिया करून मेंदूच्या सेरेबेल भागात साचलेला पस बाहेर काढण्याची शस्त्रक्रिया डॉक्टरांनी यशस्वी केली
/root/f5-tts-marathi/datasets/syspin_marathi_female/extracted/IISc_SYSPIN_Data/IISc_SYSPINProject_Marathi_Female_Spk001_HC/wav/IISc_SYSPINProject_mr_f_OTHE_03749.wav|यामध्ये डेहराडून, नैनिताल, रुद्रप्रयाग, पिथौरागढ आणि बागेश्वर या सहा जिल्ह्यांचा समावेश आहे
/root/f5-tts-marathi/datasets/syspin_marathi_female/extracted/IISc_SYSPIN_Data/IISc_SYSPINProject_Marathi_Female_Spk001_HC/wav/IISc_SYSPINProject_mr_f_POLI_01510.wav|अंग्झायटीचे रुग्ण लोकान्पासून् दूर राहणं पसंत करतात आणि त्यांच्यात आत्महत्या करण्याचे विचार जास्त येतात.
/root/f5-tts-marathi/datasets/syspin_marathi_female/extracted/IISc_SYSPIN_Data/IISc_SYSPINProject_Marathi_Female_Spk001_HC/wav/IISc_SYSPINProject_mr_f_BOOK_02361.wav|ब्राझीलच्या तुलनेत भारतातील आंतरराष्ट्रीय हवाई वाहतूक जास्त विकसित झाली आहे.
/root/f5-tts-marathi/datasets/syspin_marathi_female/extracted/IISc_SYSPIN_Data/IISc_SYSPINProject_Marathi_Female_Spk001_HC/wav/IISc_SYSPINProject_mr_f_HEAL_04292.wav|लस डाव्या दंडावर, त्रिकोणाभ स्नायूच्या टोकाशी दिली जाते. अयोग्य ठिकाणी टोचल्यास काखेत दुखऱ्या गाठी येऊ शकतात.
/root/f5-tts-marathi/datasets/syspin_marathi_female/extracted/IISc_SYSPIN_Data/IISc_SYSPINProject_Marathi_Female_Spk001_HC/wav/IISc_SYSPINProject_mr_f_GENE_02080.wav|कसोटी आणि वनडेतील एक सर्वोत्तम फलंदाज असलेल्या गुरुसिंघेंनी एक दशकाहून अधिक काळ श्रीलंका क्रिकेट गाजवले.
/root/f5-tts-marathi/datasets/syspin_marathi_female/extracted/IISc_SYSPIN_Data/IISc_SYSPINProject_Marathi_Female_Spk001_HC/wav/IISc_SYSPINProject_mr_f_OTHE_02826.wav|त्यात माड, पोफळी, शेगुल, रतांबे, लिंब, चिकू, केळी, काजू, पपई, अननस, सुरंगी, जास्वंद, अनंत, तगर अशी लहानमोठी झाडं लावलेली आहेत
/root/f5-tts-marathi/datasets/syspin_marathi_female/extracted/IISc_SYSPIN_Data/IISc_SYSPINProject_Marathi_Female_Spk001_HC/wav/IISc_SYSPINProject_mr_f_FINA_02087.wav|त्यांनी दाम्पत्याला कंपनीत गुंतवणूक केल्यास 50पन्नास टक्के जादा परतावा देण्याचे आमिष दाखवले.
/root/f5-tts-marathi/datasets/syspin_marathi_female/extracted/IISc_SYSPIN_Data/IISc_SYSPINProject_Marathi_Female_Spk001_HC/wav/IISc_SYSPINProject_mr_f_OTHE_00127.wav|अल्पवयीन मुलींना विकणे, लैंगिक अत्याचार, बलात्काराच्या घटनांमध्ये वाढ झालीये, तर तुरुंगात असणाऱ्या कैद्यांच्या मृत्यूच्या संख्येत सायबर क्राईममध्ये महाराष्ट्र आघाडीवर आहे.
/root/f5-tts-marathi/datasets/syspin_marathi_female/extracted/IISc_SYSPIN_Data/IISc_SYSPINProject_Marathi_Female_Spk001_HC/wav/IISc_SYSPINProject_mr_f_OTHE_03199.wav|तिबेटचे चौदावे दलाई लामा असे सांगतात की, या षडाक्षरी मंत्राचा अर्थ भव्य, गहन आणि विस्तारलेला आहे
/root/f5-tts-marathi/datasets/syspin_marathi_female/extracted/IISc_SYSPIN_Data/IISc_SYSPINProject_Marathi_Female_Spk001_HC/wav/IISc_SYSPINProject_mr_f_POLI_01400.wav|मुंबई इम्प्रुवमेंट कमिटी भाजपकडे असल्याने मुंबईतल्या कित्येक जागा बिल्डरांना विकण्यात आल्याचा आरोप राहूल शेवाळे यांनी केला आहे.
/root/f5-tts-marathi/datasets/syspin_marathi_female/extracted/IISc_SYSPIN_Data/IISc_SYSPINProject_Marathi_Female_Spk001_HC/wav/IISc_SYSPINProject_mr_f_EDUC_00028.wav|स्वस्तात मिळणारी अंडा भुर्जी, आम्लेट, किंवा घरच्या घरी पटकन करता येणारे हे अंड्याचे पदार्थ, अर्थात अंड्यांचे फंडे आता महागल्याने, अंड्याचा फंडा बिघडला आहे.
/root/f5-tts-marathi/datasets/syspin_marathi_female/extracted/IISc_SYSPIN_Data/IISc_SYSPINProject_Marathi_Female_Spk001_HC/wav/IISc_SYSPINProject_mr_f_POLI_03041.wav|त्यामुळे नागरिकांची नाराजी दूर करण्यासाठी मुख्यमंत्री, प्रधानमंत्री यांच्याकडून नाशिकची मोठी घोषणा करवून घेण्याची शक्यता आहे.
/root/f5-tts-marathi/datasets/syspin_marathi_female/extracted/IISc_SYSPIN_Data/IISc_SYSPINProject_Marathi_Female_Spk001_HC/wav/IISc_SYSPINProject_mr_f_EDUC_01913.wav|दत्ता नाईक, अमरनाथ पणजीकर, यांच्यासह अन्य अनेकांनी सभेत विचार मांडले.
/root/f5-tts-marathi/datasets/syspin_marathi_female/extracted/IISc_SYSPIN_Data/IISc_SYSPINProject_Marathi_Female_Spk001_HC/wav/IISc_SYSPINProject_mr_f_EVAL_00039.wav|तुला मी सांगितलेला कालच्या विषयीचा अहवाल लिहून झाला का?
/root/f5-tts-marathi/datasets/syspin_marathi_female/extracted/IISc_SYSPIN_Data/IISc_SYSPINProject_Marathi_Female_Spk001_HC/wav/IISc_SYSPINProject_mr_f_EDUC_02962.wav|आपल्या ओळखीत अशी अनेक जोडपी असतात जी एकमेकांच्या साथीने वर्षोनुवर्षे प्रेमाचा संसार करतात.
/root/f5-tts-marathi/datasets/syspin_marathi_female/extracted/IISc_SYSPIN_Data/IISc_SYSPINProject_Marathi_Female_Spk001_HC/wav/IISc_SYSPINProject_mr_f_BOOK_01618.wav|तो रोखण्यासाठी निवडणूक आयोगाला अनेक उपाययोजना कराव्या लागतात.
/root/f5-tts-marathi/datasets/syspin_marathi_female/extracted/IISc_SYSPIN_Data/IISc_SYSPINProject_Marathi_Female_Spk001_HC/wav/IISc_SYSPINProject_mr_f_FINA_00529.wav|जर तुम्ही सव्वा वर्ष ते दोन वर्षापर्यंत एफडी केली तर परदेशी बंक, डॉएचे बंक आणि खासगी क्षेत्रातील इंडसइंड बंक तुम्हाला सर्वाधिक व्याज देते.
/root/f5-tts-marathi/datasets/syspin_marathi_female/extracted/IISc_SYSPIN_Data/IISc_SYSPINProject_Marathi_Female_Spk001_HC/wav/IISc_SYSPINProject_mr_f_WEAT_01702.wav|टीम इंडियाचा वेगवान बॉलर आशिष नेहरा याने गुरूवारी निवृत्तीची घोषणा केली.
/root/f5-tts-marathi/datasets/syspin_marathi_female/extracted/IISc_SYSPIN_Data/IISc_SYSPINProject_Marathi_Female_Spk001_HC/wav/IISc_SYSPINProject_mr_f_AGRI_02424.wav|तिथून वडाच्या झाडाखाली पोचून, डोणीतलं पाणी काढून हातपाय धुतलं तरी बी हाताला औषधाचा वास येत व्हता.
/root/f5-tts-marathi/datasets/syspin_marathi_female/extracted/IISc_SYSPIN_Data/IISc_SYSPINProject_Marathi_Female_Spk001_HC/wav/IISc_SYSPINProject_mr_f_BOOK_02387.wav|त्या परस्परांशी जोडलेल्या असतात आणि म्हणूनच त्यांचा सामना जागतिक, प्रादेशिक आणि राष्ट्रीय पातळीवर करावा लागतो.
/root/f5-tts-marathi/datasets/syspin_marathi_female/extracted/IISc_SYSPIN_Data/IISc_SYSPINProject_Marathi_Female_Spk001_HC/wav/IISc_SYSPINProject_mr_f_BOOK_00271.wav|या प्रकारात प्राचीन स्थळे, वास्तू, वस्तू, हस्तलिखिते, शिल्पे, चित्रे इत्यादींचा समावेश होतो.
/root/f5-tts-marathi/datasets/syspin_marathi_female/extracted/IISc_SYSPIN_Data/IISc_SYSPINProject_Marathi_Female_Spk001_HC/wav/IISc_SYSPINProject_mr_f_FINA_02071.wav|बंकेच्या एटीएम मशिनचे डमीडोअर उचकटले आणि एटीएम मशिन, सीसीटीव्ही केमेरा तोडण्याचा प्रयत्न झाला.
/root/f5-tts-marathi/datasets/syspin_marathi_female/extracted/IISc_SYSPIN_Data/IISc_SYSPINProject_Marathi_Female_Spk001_HC/wav/IISc_SYSPINProject_mr_f_BOOK_04592.wav|अशा तऱ्हेने आता एका पेशीमध्ये दोन जन्यकेंद्रके तयार होतात. जन्यकेंद्रकांमध्ये केंद्रिकासुद्धा दिसू लागतात. तुर्कतंतू पूर्णपणे नाहीसे होतात.
/root/f5-tts-marathi/datasets/syspin_marathi_female/extracted/IISc_SYSPIN_Data/IISc_SYSPINProject_Marathi_Female_Spk001_HC/wav/IISc_SYSPINProject_mr_f_BOOK_04089.wav|साम्यवादी सोव्हिएट रशियाच्या विचारसरणीत उत्पन्नाच्या स्रोतांची सरकारी मालकी हा मध्यवर्ती विचार आहे, तर अमेरिकेच्या भांडवलशाही विचारसरणीत उत्पन्नाच्या स्रोतांच्या खासगी मालकीचा विचार मध्यवर्ती आहे.
/root/f5-tts-marathi/datasets/syspin_marathi_female/extracted/IISc_SYSPIN_Data/IISc_SYSPINProject_Marathi_Female_Spk001_HC/wav/IISc_SYSPINProject_mr_f_GENE_01960.wav|पॉपवर आलेले कोणतेही सॉफ्टवेअर वा गेम्स वा अप इन्स्टॉल करू नका.
/root/f5-tts-marathi/datasets/syspin_marathi_female/extracted/IISc_SYSPIN_Data/IISc_SYSPINProject_Marathi_Female_Spk001_HC/wav/IISc_SYSPINProject_mr_f_BOOK_02739.wav|प्रत्यक्ष प्रयोगाद्वारे वैज्ञानिक सिद्धान्तांना स्थलकालातीत महत्त्व आहे हे सिद्ध करणे, नव्याने शोधून काढलेले नियम सूत्रबद्ध करणे, नवी वैज्ञानिक परिभाषा तयार करणे.
/root/f5-tts-marathi/datasets/syspin_marathi_female/extracted/IISc_SYSPIN_Data/IISc_SYSPINProject_Marathi_Female_Spk001_HC/wav/IISc_SYSPINProject_mr_f_BOOK_03349.wav|'भारतीयांसाठी भारत' अशी व्यापक भूमिका घेऊन मराठे पानिपतावर लढले.
/root/f5-tts-marathi/datasets/syspin_marathi_female/extracted/IISc_SYSPIN_Data/IISc_SYSPINProject_Marathi_Female_Spk001_HC/wav/IISc_SYSPINProject_mr_f_HEAL_03156.wav|जितका आपण उशीर लावू तितका तो रोग पसरण्याची शक्यता असते यासाठी गाठ लक्षात आल्यास ताबडतोब आपल्या कौटुंबिक डॉक्टर किंवा कर्करोग तज्ञाकडे जावे
/root/f5-tts-marathi/datasets/syspin_marathi_female/extracted/IISc_SYSPIN_Data/IISc_SYSPINProject_Marathi_Female_Spk001_HC/wav/IISc_SYSPINProject_mr_f_FINA_00473.wav|लॉन्ग टर्म गुंतवणूक करताना ज्या कंपनीमध्ये आपण गुंतवणूक करणार आहोत, तिचा व्यवसाय आपल्याला समजायला हवा.
/root/f5-tts-marathi/datasets/syspin_marathi_female/extracted/IISc_SYSPIN_Data/IISc_SYSPINProject_Marathi_Female_Spk001_HC/wav/IISc_SYSPINProject_mr_f_FINA_02343.wav|याचा फायदा गटाला होतो प्रत्येक विभागातील मिळणारी रक्कम पहिल्यांदा कर्जाच्या हप्त्याची रक्कम म्हणून दिली जाते त्यानंतर उर्वरित रक्कम प्रत्येकाला समान दिली जाते.
/root/f5-tts-marathi/datasets/syspin_marathi_female/extracted/IISc_SYSPIN_Data/IISc_SYSPINProject_Marathi_Female_Spk001_HC/wav/IISc_SYSPINProject_mr_f_FINA_01480.wav|क्रेडिट रेटिंग म्हणजे घेतलेले कर्ज परत करण्याची इच्छा आणि क्षमता यांच्या मोजमापाचा दाखला.
/root/f5-tts-marathi/datasets/syspin_marathi_female/extracted/IISc_SYSPIN_Data/IISc_SYSPINProject_Marathi_Female_Spk001_HC/wav/IISc_SYSPINProject_mr_f_WEAT_01880.wav|जगाचा विचार करता अमेरिकेच्या अध्यक्षांना जेवढी मते पडली तेवढे तर आमचे इन्क्रिमेंट आहे.
/root/f5-tts-marathi/datasets/syspin_marathi_female/extracted/IISc_SYSPIN_Data/IISc_SYSPINProject_Marathi_Female_Spk001_HC/wav/IISc_SYSPINProject_mr_f_WEAT_01567.wav|शाळा सुधारणा समितीचे अध्यक्ष जे एस यक्कुंड, प्रदीप तेलसंग यांच्यासह अन्य सदस्य, पालकवर्ग यावेळी मोठ्या संख्येने उपस्थित होते.
/root/f5-tts-marathi/datasets/syspin_marathi_female/extracted/IISc_SYSPIN_Data/IISc_SYSPINProject_Marathi_Female_Spk001_HC/wav/IISc_SYSPINProject_mr_f_BOOK_02943.wav|त्यांनी ब्रिटनमधील मालाच्या आयात व निर्यातीला विरोध केला आणि ब्रिटिश माल वापरू नये, असा निर्णय घेतला.
/root/f5-tts-marathi/datasets/syspin_marathi_female/extracted/IISc_SYSPIN_Data/IISc_SYSPINProject_Marathi_Female_Spk001_HC/wav/IISc_SYSPINProject_mr_f_HEAL_03232.wav|फेब्राइल न्यूट्रोपेनिया अतिशय गंभीरपणे घेण्याची गोष्ट असून यामध्ये ताप येणे, जुलाब होणे, थकवा येणे इत्यादी लक्षणे आढळतात
/root/f5-tts-marathi/datasets/syspin_marathi_female/extracted/IISc_SYSPIN_Data/IISc_SYSPINProject_Marathi_Female_Spk001_HC/wav/IISc_SYSPINProject_mr_f_GENE_02059.wav|आजमितीस भारताची लोकसंख्या 100शंभर कोटींच्या वर आहे. प्रत्येक व्यक्तीची पट्टी महर्षींनी लिहिली आहे काय?
/root/f5-tts-marathi/datasets/syspin_marathi_female/extracted/IISc_SYSPIN_Data/IISc_SYSPINProject_Marathi_Female_Spk001_HC/wav/IISc_SYSPINProject_mr_f_AGRI_03868.wav|आकारमान, केसाळपणा व शारीरिक ढब यांत विविधता आढळते, परंतु कणिशके सारखीच असतात.
/root/f5-tts-marathi/datasets/syspin_marathi_female/extracted/IISc_SYSPIN_Data/IISc_SYSPINProject_Marathi_Female_Spk001_HC/wav/IISc_SYSPINProject_mr_f_POLI_02789.wav|संसदेच्या विरामकालात अध्यादेश प्रस्थापित करण्याचा राष्ट्रपतींचा अधिकार घटनेच्या या कलमात दिलेला आहे.
/root/f5-tts-marathi/datasets/syspin_marathi_female/extracted/IISc_SYSPIN_Data/IISc_SYSPINProject_Marathi_Female_Spk001_HC/wav/IISc_SYSPINProject_mr_f_POLI_00913.wav|तसंच केप्टन ब्रिग्जचा जहाजावर मद्यपानाला सक्तं विरोध असल्याचंही सर्वांना ठाऊक होतं.
/root/f5-tts-marathi/datasets/syspin_marathi_female/extracted/IISc_SYSPIN_Data/IISc_SYSPINProject_Marathi_Female_Spk001_HC/wav/IISc_SYSPINProject_mr_f_HEAL_03417.wav|मेंदू हे एकच यंत्र ईश्वराने निर्माण करून माणसाला बहाल केले आहे, जे वापरले असता झिजत नाही तर अधिक वापराल तितके अधिकच कार्यक्षम, तल्लख बनते
/root/f5-tts-marathi/datasets/syspin_marathi_female/extracted/IISc_SYSPIN_Data/IISc_SYSPINProject_Marathi_Female_Spk001_HC/wav/IISc_SYSPINProject_mr_f_POLI_01813.wav|दिल्लीतील एम्स् इस्पितळात मंत्रिमंडळ बैठक घेऊन एक चुकीचा पायंडा भाजपने घातला आहे, अशी टीकाही त्यांनी केली.
/root/f5-tts-marathi/datasets/syspin_marathi_female/extracted/IISc_SYSPIN_Data/IISc_SYSPINProject_Marathi_Female_Spk001_HC/wav/IISc_SYSPINProject_mr_f_WEAT_03197.wav|डोळ्यांचे पारणे फेडणारा क्वीन्स नेकलेस, निळाशार समुद्र, टोलेजंग इमारती आणि चौपाटीसह मुंबईचे वैभव आता मलबार हिल येथील व्ह्युईंग गेलरीतून पाहता येणार आहे.
/root/f5-tts-marathi/datasets/syspin_marathi_female/extracted/IISc_SYSPIN_Data/IISc_SYSPINProject_Marathi_Female_Spk001_HC/wav/IISc_SYSPINProject_mr_f_BOOK_02866.wav|या युरोपीय व्यापाऱ्यांनी जगभरात आपले पाय रोवायला सुरुवात केली.
/root/f5-tts-marathi/datasets/syspin_marathi_female/extracted/IISc_SYSPIN_Data/IISc_SYSPINProject_Marathi_Female_Spk001_HC/wav/IISc_SYSPINProject_mr_f_FINA_01550.wav|परंतु, चौथ्या वेतन आयोगाच्या वेतनश्रेण्या लागू केल्यानंतर यामध्ये सुधारणा करण्यात आलेली नव्हती.
/root/f5-tts-marathi/datasets/syspin_marathi_female/extracted/IISc_SYSPIN_Data/IISc_SYSPINProject_Marathi_Female_Spk001_HC/wav/IISc_SYSPINProject_mr_f_EVAL_00284.wav|छठ पूजा हा उत्तर प्रदेश आणि बिहारमधील सर्वात महत्वाचा सण आहे ही राज्य भारताच्या उत्तर पूर्व भागात आहेत.
/root/f5-tts-marathi/datasets/syspin_marathi_female/extracted/IISc_SYSPIN_Data/IISc_SYSPINProject_Marathi_Female_Spk001_HC/wav/IISc_SYSPINProject_mr_f_EDUC_01173.wav|या प्रश्नांवर संशोधन आणि सखोल अभ्यास केल्यानंतर विद्यापीठाच्या संशोधकांनी काही निष्कर्ष समोर ठेवले आहेत.
/root/f5-tts-marathi/datasets/syspin_marathi_female/extracted/IISc_SYSPIN_Data/IISc_SYSPINProject_Marathi_Female_Spk001_HC/wav/IISc_SYSPINProject_mr_f_FINA_00828.wav|जीएसटी परिषदेच्या विभागीय आणि राज्य स्तरावरील समित्या, तक्रार केंद्रावरील प्रतिनिधींची नेमणूक करतील.
/root/f5-tts-marathi/datasets/syspin_marathi_female/extracted/IISc_SYSPIN_Data/IISc_SYSPINProject_Marathi_Female_Spk001_HC/wav/IISc_SYSPINProject_mr_f_HEAL_04005.wav|जागतिक अस्थिसुषिरता दिवसाच्या निमित्ताने अस्थिसुषिरता या आजाराबाबत माहितीपर कार्यक्रम केले जातात.
/root/f5-tts-marathi/datasets/syspin_marathi_female/extracted/IISc_SYSPIN_Data/IISc_SYSPINProject_Marathi_Female_Spk001_HC/wav/IISc_SYSPINProject_mr_f_BOOK_02232.wav|ब्राझीलमधील उच्चभूमी प्रदेश व अमेझॉन नदीच्या खोऱ्यात लोकसंख्या कमी असल्याने या प्रदेशात नागरीकरण कमी आहे.
/root/f5-tts-marathi/datasets/syspin_marathi_female/extracted/IISc_SYSPIN_Data/IISc_SYSPINProject_Marathi_Female_Spk001_HC/wav/IISc_SYSPINProject_mr_f_AGRI_00840.wav|भीमा पट्ट्यातील भांबोरा, दुधोडी व इतर गावांतील कांदा पिकावर करपा रोगाचा प्रादुर्भाव जाणवत आहे.
/root/f5-tts-marathi/datasets/syspin_marathi_female/extracted/IISc_SYSPIN_Data/IISc_SYSPINProject_Marathi_Female_Spk001_HC/wav/IISc_SYSPINProject_mr_f_BOOK_03963.wav|भारतात इंग्लंडचे साम्राज्यवादी शासन कायम राहणार असेल तर इंग्लंडच्या युद्धकार्याला भारत मदत करणार नाही असे राष्ट्रीय सभेने घोषित केले.
/root/f5-tts-marathi/datasets/syspin_marathi_female/extracted/IISc_SYSPIN_Data/IISc_SYSPINProject_Marathi_Female_Spk001_HC/wav/IISc_SYSPINProject_mr_f_WEAT_03803.wav|फ्ले श लाईटच्या मंद प्रकाशात आता ती पोरं झोपण्यासाठी एका कोरड्या जागेच्या शोधात इतरत्र वेड्यासारखी भटकत होती.
/root/f5-tts-marathi/datasets/syspin_marathi_female/extracted/IISc_SYSPIN_Data/IISc_SYSPINProject_Marathi_Female_Spk001_HC/wav/IISc_SYSPINProject_mr_f_POLI_01485.wav|त्रैमासिक आढावा सभा जिल्हाधिकारी कार्यालयात केंद्रीय मंत्री अनंत गीते व खासदार विनायक राऊत यांच्या प्रमुख उपस्थितीत पार पडली.
/root/f5-tts-marathi/datasets/syspin_marathi_female/extracted/IISc_SYSPIN_Data/IISc_SYSPINProject_Marathi_Female_Spk001_HC/wav/IISc_SYSPINProject_mr_f_BOOK_03500.wav|परंतु कंपनी सरकारच्या राजवटीत गडकऱ्यांचे अधिकार आणि वेतन नष्ट करण्यात अाले.
/root/f5-tts-marathi/datasets/syspin_marathi_female/extracted/IISc_SYSPIN_Data/IISc_SYSPINProject_Marathi_Female_Spk001_HC/wav/IISc_SYSPINProject_mr_f_HEAL_04420.wav|शरीरात द्रव पदार्थ साठून राहिल्यामुळे काही कर्करोगबाधित रुग्णामध्ये हात, पाय, तोंड इ. ठिकाणी सूज येते.
/root/f5-tts-marathi/datasets/syspin_marathi_female/extracted/IISc_SYSPIN_Data/IISc_SYSPINProject_Marathi_Female_Spk001_HC/wav/IISc_SYSPINProject_mr_f_GENE_02743.wav|याशिवाय मेटल डिझायनर पाबूवाल यांनी क्रिकेट वर्ल्ड कपपासून विश्वस्तरीय सौंदर्य स्पर्धांसाठीही ट्रॉफी व मुकुट तयार केलेले आहेत.
/root/f5-tts-marathi/datasets/syspin_marathi_female/extracted/IISc_SYSPIN_Data/IISc_SYSPINProject_Marathi_Female_Spk001_HC/wav/IISc_SYSPINProject_mr_f_BOOK_01700.wav|म्हणून या काळातील पक्षपद्धतीचे वर्णन ' एक प्रबळ पक्ष पद्धती' असे केले जाते.
/root/f5-tts-marathi/datasets/syspin_marathi_female/extracted/IISc_SYSPIN_Data/IISc_SYSPINProject_Marathi_Female_Spk001_HC/wav/IISc_SYSPINProject_mr_f_BOOK_02261.wav|गवताळ प्रदेशात गाई, शेळ्या व मेंढ्या पाळल्या जातात. त्यामुळे मांसोत्पादन आणि दुग्धोत्पादन हे व्यवसाय येथे चालतात.
/root/f5-tts-marathi/datasets/syspin_marathi_female/extracted/IISc_SYSPIN_Data/IISc_SYSPINProject_Marathi_Female_Spk001_HC/wav/IISc_SYSPINProject_mr_f_POLI_02801.wav|भारताच्या संरक्षण विभागाने ही शक्यता फेटाळून लावली असली तरी सुपर हर्क्युलसच्या निर्मितीच्या अनेक टप्प्यांमध्ये यापूर्वी चिनी बनावटीच्या सदोष भागांचा शिरकाव झाल्याचे आढळले होते.
/root/f5-tts-marathi/datasets/syspin_marathi_female/extracted/IISc_SYSPIN_Data/IISc_SYSPINProject_Marathi_Female_Spk001_HC/wav/IISc_SYSPINProject_mr_f_OTHE_03599.wav|कथा सांगते की बिल्बो, ग्नोम आणि जादूगार गेंडेलफचा एक समूह, जो लोनली माऊंटनच्या प्रवासाला निघाला होता
/root/f5-tts-marathi/datasets/syspin_marathi_female/extracted/IISc_SYSPIN_Data/IISc_SYSPINProject_Marathi_Female_Spk001_HC/wav/IISc_SYSPINProject_mr_f_AGRI_00117.wav|पळीभर पाण्यात गंध, अक्षता, पुष्प व सुपारी ठेवून त्यातले पाणी फुलाने अर्घ्य म्हणून श्रीगणेशाला अर्पण करावे.
/root/f5-tts-marathi/datasets/syspin_marathi_female/extracted/IISc_SYSPIN_Data/IISc_SYSPINProject_Marathi_Female_Spk001_HC/wav/IISc_SYSPINProject_mr_f_OTHE_00798.wav|परंतु आता गुत्थी हे पात्र शोमध्ये दिसणार नाही हे ऐकून गुत्थीच्या चाहत्यांना जबरदस्त धक्का बसला आहे.
/root/f5-tts-marathi/datasets/syspin_marathi_female/extracted/IISc_SYSPIN_Data/IISc_SYSPINProject_Marathi_Female_Spk001_HC/wav/IISc_SYSPINProject_mr_f_BOOK_05197.wav|प्रदूषण ही खूप व्यापक संकल्पना आहे. आपल्याला हवा, जल, ध्वनी,किरणोत्सारी, भूमी, औष्णिक, प्रकाश, प्लास्टिक प्रदूषण असे विविध प्रकारचे प्रदूषण आढळून येते.
/root/f5-tts-marathi/datasets/syspin_marathi_female/extracted/IISc_SYSPIN_Data/IISc_SYSPINProject_Marathi_Female_Spk001_HC/wav/IISc_SYSPINProject_mr_f_OTHE_02091.wav|त्यांच्या घरातील दैनंदिन गरजेच्या चीजवस्तू भिजल्यामुळे त्यांचे संसार उघड्यावर पडले आहेत.
/root/f5-tts-marathi/datasets/syspin_marathi_female/extracted/IISc_SYSPIN_Data/IISc_SYSPINProject_Marathi_Female_Spk001_HC/wav/IISc_SYSPINProject_mr_f_AGRI_01270.wav|चालू वर्षी सिंचन व वीज निर्मिती यात तुलनात्मक जास्त पाणी वापर होऊन त्याहीपेक्षा अधिक पाणी विनावापर सोडण्यात आले.
/root/f5-tts-marathi/datasets/syspin_marathi_female/extracted/IISc_SYSPIN_Data/IISc_SYSPINProject_Marathi_Female_Spk001_HC/wav/IISc_SYSPINProject_mr_f_FINA_02050.wav|लघु, मध्यम उद्योगक्षेत्र देशाची अर्थव्यवस्था मजबूत करण्यात महत्त्वाची भूमिका बजावतात.
/root/f5-tts-marathi/datasets/syspin_marathi_female/extracted/IISc_SYSPIN_Data/IISc_SYSPINProject_Marathi_Female_Spk001_HC/wav/IISc_SYSPINProject_mr_f_EDUC_02408.wav|आज राज्यसभेत सचिन तेंडुलकर राईट टू प्ले या विषयावर बोलण्यास उभा राहिला होता.
/root/f5-tts-marathi/datasets/syspin_marathi_female/extracted/IISc_SYSPIN_Data/IISc_SYSPINProject_Marathi_Female_Spk001_HC/wav/IISc_SYSPINProject_mr_f_EDUC_02897.wav|भैय्युजी महाराजांच्या प्रेरणेतून खामगाव तालुक्यातील सजनपुरी येथे पारधी समाजातील मुलांसाठी आश्रमशाळा सुरू करण्यात आली आहे.
/root/f5-tts-marathi/datasets/syspin_marathi_female/extracted/IISc_SYSPIN_Data/IISc_SYSPINProject_Marathi_Female_Spk001_HC/wav/IISc_SYSPINProject_mr_f_BOOK_02670.wav|या काळात कला, स्थापत्य, तत्त्वज्ञान इत्यादी क्षेत्रांमध्ये प्राचीन ग्रीक व रोमन परंपरांचे पुनरुज्जीवन घडून आले.
/root/f5-tts-marathi/datasets/syspin_marathi_female/extracted/IISc_SYSPIN_Data/IISc_SYSPINProject_Marathi_Female_Spk001_HC/wav/IISc_SYSPINProject_mr_f_GENE_01576.wav|सांघिक स्पर्धेत भारताच्या हीना सिद्धू, राही सरनोबत आणि अनिसा सय्यद यांनी नेमबाजीत 25पंचवीस मीटर पिस्तूलच्या प्रकारात कांस्य पदक मिळवले.
/root/f5-tts-marathi/datasets/syspin_marathi_female/extracted/IISc_SYSPIN_Data/IISc_SYSPINProject_Marathi_Female_Spk001_HC/wav/IISc_SYSPINProject_mr_f_OTHE_02507.wav|डग्ग्याचा रुंद व तबल्याच्या अरुंद तोंडावर जनावराचे चामडे ताणून बसविलेले असते
/root/f5-tts-marathi/datasets/syspin_marathi_female/extracted/IISc_SYSPIN_Data/IISc_SYSPINProject_Marathi_Female_Spk001_HC/wav/IISc_SYSPINProject_mr_f_EDUC_03111.wav|इतर जणांत रिझर्व्ह बंकेचे डेप्युटी गव्हर्नर उर्जित पटेल, विजय केळकर, राकेश मोहन, अशोक लाहिरी, सुबीर गोकर्ण आणि अशोक चावला यांच्या नावांची चर्चा आहे.
/root/f5-tts-marathi/datasets/syspin_marathi_female/extracted/IISc_SYSPIN_Data/IISc_SYSPINProject_Marathi_Female_Spk001_HC/wav/IISc_SYSPINProject_mr_f_FINA_01786.wav|सरसकट सर्व पक्षांना मिळणारी ही सवलत रद्द करण्यात यावी, अशी शिफारसही आयोगाने केंद्र सरकारच्या विधी खात्याकडे केली आहे.
/root/f5-tts-marathi/datasets/syspin_marathi_female/extracted/IISc_SYSPIN_Data/IISc_SYSPINProject_Marathi_Female_Spk001_HC/wav/IISc_SYSPINProject_mr_f_WEAT_01586.wav|स्पर्धेत वीरेंद्र सेहवाग मराठा अरेबियन्स संघाचे तर शाहिद आफ्रिदी पख्तून्स संघाचे प्रतिनिधीत्व करेल.
/root/f5-tts-marathi/datasets/syspin_marathi_female/extracted/IISc_SYSPIN_Data/IISc_SYSPINProject_Marathi_Female_Spk001_HC/wav/IISc_SYSPINProject_mr_f_OTHE_01124.wav|संजय गांधी राष्ट्रीय उद्यान हे मुंबईस्थित देशातील प्रमुख राष्ट्रीय उद्यान आहे.
/root/f5-tts-marathi/datasets/syspin_marathi_female/extracted/IISc_SYSPIN_Data/IISc_SYSPINProject_Marathi_Female_Spk001_HC/wav/IISc_SYSPINProject_mr_f_OTHE_01334.wav|"भावे यांच्या व्याख्यानाचा विषय होता ""माहित असलेले व माहित नसलेले शंकरराव."" डॉ व्यंकटेश काब्दे हे या कार्यक्रमाच्या अध्यक्षस्थानी होते."
/root/f5-tts-marathi/datasets/syspin_marathi_female/extracted/IISc_SYSPIN_Data/IISc_SYSPINProject_Marathi_Female_Spk001_HC/wav/IISc_SYSPINProject_mr_f_BOOK_01955.wav|या दोन्ही किनारपट्टींमध्ये बराच फरक आहे.
/root/f5-tts-marathi/datasets/syspin_marathi_female/extracted/IISc_SYSPIN_Data/IISc_SYSPINProject_Marathi_Female_Spk001_HC/wav/IISc_SYSPINProject_mr_f_POLI_01124.wav|मुंबईत कुमारी मातांचे खटले जलदगती न्यायालयात चालवण्यात येणार असल्याची घोषणा गृहमंत्री आर आर पाटील यांनी विधान परिषदेत प्रश्नोत्तराच्या तासात केली.
/root/f5-tts-marathi/datasets/syspin_marathi_female/extracted/IISc_SYSPIN_Data/IISc_SYSPINProject_Marathi_Female_Spk001_HC/wav/IISc_SYSPINProject_mr_f_BOOK_04884.wav|रासायनिक अभिक्रियांमध्येसुद्धा उष्णतेची देवाणघेवाण होते, त्यानुसार काही रासायनिक अभिक्रिया ऊष्मादायी असतात तर काही ऊष्माग्राही असतात.
/root/f5-tts-marathi/datasets/syspin_marathi_female/extracted/IISc_SYSPIN_Data/IISc_SYSPINProject_Marathi_Female_Spk001_HC/wav/IISc_SYSPINProject_mr_f_WEAT_01732.wav|सोन्याच्या चढ्या भावांमुळे ग्राहकही सराफा बाजारात येत नसल्यानं मंदी गडद झाल्याचं व्यापारी सांगतात.
/root/f5-tts-marathi/datasets/syspin_marathi_female/extracted/IISc_SYSPIN_Data/IISc_SYSPINProject_Marathi_Female_Spk001_HC/wav/IISc_SYSPINProject_mr_f_BOOK_04158.wav|या करारानुसार सोव्हिएट रशियाने चीनला आर्थिक, औद्योगिक, तंत्रज्ञान इत्यादी मदत करण्याचे मान्य केले.
/root/f5-tts-marathi/datasets/syspin_marathi_female/extracted/IISc_SYSPIN_Data/IISc_SYSPINProject_Marathi_Female_Spk001_HC/wav/IISc_SYSPINProject_mr_f_FINA_01650.wav|हे लाभांशाचे उत्पन्न करदात्याला इतर उत्पन्न या सदरात गणावे लागेल आणि त्याच्या उत्पन्नाच्या स्लेबप्रमाणे त्यावर कर भरावा लागेल.
/root/f5-tts-marathi/datasets/syspin_marathi_female/extracted/IISc_SYSPIN_Data/IISc_SYSPINProject_Marathi_Female_Spk001_HC/wav/IISc_SYSPINProject_mr_f_FINA_01898.wav|मायक्रो फायनान्स क्षेत्रात एक लाख कोटी रुपयांचे कर्ज असून यापैकी सात हजार कोटी रुपयांचे कर्ज माफ करण्याची मागणी करण्यात येत आहे.
/root/f5-tts-marathi/datasets/syspin_marathi_female/extracted/IISc_SYSPIN_Data/IISc_SYSPINProject_Marathi_Female_Spk001_HC/wav/IISc_SYSPINProject_mr_f_WEAT_04026.wav|यापूर्वी भारताच्या श्वेता चौधरी हिने कांस्यपदक पटकावत भारताचे पदकांचे खाते उघडले होते.
/root/f5-tts-marathi/datasets/syspin_marathi_female/extracted/IISc_SYSPIN_Data/IISc_SYSPINProject_Marathi_Female_Spk001_HC/wav/IISc_SYSPINProject_mr_f_EVAL_00258.wav|'हेरी पॉटर' ही एक तरुण जादूगार, हेरी पॉटर आणि त्याच्या मित्रांभोवती फिरणाऱ्या सात काल्पनिक कादंबऱ्यांची एक अतिशय प्रसिद्ध मालिका आहे.
/root/f5-tts-marathi/datasets/syspin_marathi_female/extracted/IISc_SYSPIN_Data/IISc_SYSPINProject_Marathi_Female_Spk001_HC/wav/IISc_SYSPINProject_mr_f_HEAL_00902.wav|पॉझीटीव्ह पीपल्स सपोर्ट ग्रुपनं ग्रामीण भागात हा आजार म्हणजे नेमकं काय, त्यासाठी कोणते उपचार घ्यावेत, ते कुठे मिळतात, कोणती काळजी घ्यायची, याची माहिती दिली
/root/f5-tts-marathi/datasets/syspin_marathi_female/extracted/IISc_SYSPIN_Data/IISc_SYSPINProject_Marathi_Female_Spk001_HC/wav/IISc_SYSPINProject_mr_f_HEAL_00050.wav|नंतर इंग्लंड मधे वर्ल्ड कप होता म्हणून निदान काही दिवस विश्रांती घेण्यासाठी तो त्या आधीच्या एक दोन क्रेझी स्पर्धांमधून बाहेर बसला
/root/f5-tts-marathi/datasets/syspin_marathi_female/extracted/IISc_SYSPIN_Data/IISc_SYSPINProject_Marathi_Female_Spk001_HC/wav/IISc_SYSPINProject_mr_f_BOOK_00899.wav|हे पुस्तक तत्कालीन इतिहासाचे एक महत्त्वाचे साधन आहे.
/root/f5-tts-marathi/datasets/syspin_marathi_female/extracted/IISc_SYSPIN_Data/IISc_SYSPINProject_Marathi_Female_Spk001_HC/wav/IISc_SYSPINProject_mr_f_WEAT_04268.wav|यात इंडीक इनपुट एक्स्टेंशन वापरून सहजगत्या मराठी लिपीत मजकूर टंकित करता येतो.
/root/f5-tts-marathi/datasets/syspin_marathi_female/extracted/IISc_SYSPIN_Data/IISc_SYSPINProject_Marathi_Female_Spk001_HC/wav/IISc_SYSPINProject_mr_f_HEAL_04411.wav|सामान्य मानवी शरीराच्या रक्तातील पांढऱ्या पेशींच्या उदासीरागी प्रकारातील पेशी शरीरात रोगप्रतिकारक पेशी म्हणून काम करतात.
/root/f5-tts-marathi/datasets/syspin_marathi_female/extracted/IISc_SYSPIN_Data/IISc_SYSPINProject_Marathi_Female_Spk001_HC/wav/IISc_SYSPINProject_mr_f_POLI_03446.wav|त्यानंतर राज्यपाल नजमा हेपतुल्ला यांनी सत्ता स्थापनेचं पत्र दिल्याची माहिती प्रकाश जावडेकर यांनी दिली.
/root/f5-tts-marathi/datasets/syspin_marathi_female/extracted/IISc_SYSPIN_Data/IISc_SYSPINProject_Marathi_Female_Spk001_HC/wav/IISc_SYSPINProject_mr_f_HEAL_01831.wav|शुगरफ्री हे एक रसायन आहे आणि मधुमेह असेल तर हे रसायन म्हणजे खा लाडू पोटभर असा परवाना नव्हे.
/root/f5-tts-marathi/datasets/syspin_marathi_female/extracted/IISc_SYSPIN_Data/IISc_SYSPINProject_Marathi_Female_Spk001_HC/wav/IISc_SYSPINProject_mr_f_EDUC_03286.wav|ती कसर भरून काढण्यासाठी शिवसेनेने आता लोकसभेच्या वेळीच ठरलेल्या फॉर्म्युल्याची आठवण भाजपला करून दिल्याची चर्चा आहे.
/root/f5-tts-marathi/datasets/syspin_marathi_female/extracted/IISc_SYSPIN_Data/IISc_SYSPINProject_Marathi_Female_Spk001_HC/wav/IISc_SYSPINProject_mr_f_WEAT_02512.wav|डिस्कव्हरी टर्बोने कार फिक्सच्या अगदी नव्या कोऱ्या सीजनमध्ये लू संटिआगो आणि जेरेड झिमरमेन या प्रतिभावान जोडीची करामत आपल्यासाठी आणली आहे.
/root/f5-tts-marathi/datasets/syspin_marathi_female/extracted/IISc_SYSPIN_Data/IISc_SYSPINProject_Marathi_Female_Spk001_HC/wav/IISc_SYSPINProject_mr_f_GENE_02056.wav|सौरचष्मे उपलब्ध नसल्यास एक रुपयाच्या नाण्याएवढ्या आकाराच्या आरशाच्या तुकड्याच्या साहाय्याने घरातील भिंतीवर सूर्याचे प्रतिबिंब घेऊन भिंतीवरील ग्रहण काळातील सूर्याची प्रतिमा पाहावी.
/root/f5-tts-marathi/datasets/syspin_marathi_female/extracted/IISc_SYSPIN_Data/IISc_SYSPINProject_Marathi_Female_Spk001_HC/wav/IISc_SYSPINProject_mr_f_HEAL_03726.wav|रक्तदाब हा विकार प्रामुख्याने मनाच्या स्थितीवर अवलंबून असल्याने शांत मनाच्या व्यक्तीला तो होण्याची शक्यता कमी असते असे भारतीय आध्यात्मिक शास्त्र सांगते
/root/f5-tts-marathi/datasets/syspin_marathi_female/extracted/IISc_SYSPIN_Data/IISc_SYSPINProject_Marathi_Female_Spk001_HC/wav/IISc_SYSPINProject_mr_f_FINA_03287.wav|शिवाय क्लिन-अप मार्शल संस्थांकडून पालिकेला वर्षभरात किती महसूल मिळाला, याचा अहवाल व मार्शलांवर वचक ठेवण्यासाठी कडक धोरण तयार करण्याच्या सूचना केल्या आहेत.
/root/f5-tts-marathi/datasets/syspin_marathi_female/extracted/IISc_SYSPIN_Data/IISc_SYSPINProject_Marathi_Female_Spk001_HC/wav/IISc_SYSPINProject_mr_f_AGRI_01622.wav|लोखंड, प्लेस्टिक आदी वस्तूंसाठी पर्याय ठरू शकणारा बांबू मोठ्या प्रमाणात विदर्भ, कोकणात तयार होतो.
/root/f5-tts-marathi/datasets/syspin_marathi_female/extracted/IISc_SYSPIN_Data/IISc_SYSPINProject_Marathi_Female_Spk001_HC/wav/IISc_SYSPINProject_mr_f_OTHE_01421.wav|कर्णधार धोनीसह, कोहली, रैना, अश्विन, धवन आणि शमीचाही फॉर्म तसा कामचलाऊच आहे.
/root/f5-tts-marathi/datasets/syspin_marathi_female/extracted/IISc_SYSPIN_Data/IISc_SYSPINProject_Marathi_Female_Spk001_HC/wav/IISc_SYSPINProject_mr_f_WEAT_02792.wav|जिल्ह्यातील जोडूपाल, गोरवाले, सोरालबी, कालूर या गावांमध्ये दरडी कोसळण्याच्या घटना सुरूच आहेत.
/root/f5-tts-marathi/datasets/syspin_marathi_female/extracted/IISc_SYSPIN_Data/IISc_SYSPINProject_Marathi_Female_Spk001_HC/wav/IISc_SYSPINProject_mr_f_BOOK_03066.wav|आपले सैन्य सुदानमध्ये विना अडथळा नेण्याची सोय व्हावी म्हणून इंग्लंडने युगांडा ते सुदानपर्यंतचा रेल्वेमार्ग तयार करण्यास सुरुवात केली.नाईल नदी इजिप्तची जीवनदायिनी होती.
/root/f5-tts-marathi/datasets/syspin_marathi_female/extracted/IISc_SYSPIN_Data/IISc_SYSPINProject_Marathi_Female_Spk001_HC/wav/IISc_SYSPINProject_mr_f_OTHE_02372.wav|त्या एका व्हिडिओमुळे प्रिया एका रात्रीत लाखो तरुणांच्या दिलाची धडकन झाली होती.
/root/f5-tts-marathi/datasets/syspin_marathi_female/extracted/IISc_SYSPIN_Data/IISc_SYSPINProject_Marathi_Female_Spk001_HC/wav/IISc_SYSPINProject_mr_f_AGRI_00625.wav|बाजारात कोबीच्या गड्डीला एक ते दोन रुपयांचा दर मिळत असल्यामुळं शेतकऱ्यांनी उभ्या पिकावर रोटर फिरवलाय.
/root/f5-tts-marathi/datasets/syspin_marathi_female/extracted/IISc_SYSPIN_Data/IISc_SYSPINProject_Marathi_Female_Spk001_HC/wav/IISc_SYSPINProject_mr_f_EDUC_01958.wav|गिरनार पर्वताच्या पायथ्याशी भाविकांना भजी विकत धीरूभाईंनी उद्योगपती होण्याच्या स्वप्नमयी प्रवासाला सुरुवात केली.
/root/f5-tts-marathi/datasets/syspin_marathi_female/extracted/IISc_SYSPIN_Data/IISc_SYSPINProject_Marathi_Female_Spk001_HC/wav/IISc_SYSPINProject_mr_f_AGRI_01344.wav|मे महिन्याच्या दरम्यान या ठिकाणी असलेल्या पाण्याच्या जलस्रोतांत मुबलक पाणी उपलब्ध नसते.
/root/f5-tts-marathi/datasets/syspin_marathi_female/extracted/IISc_SYSPIN_Data/IISc_SYSPINProject_Marathi_Female_Spk001_HC/wav/IISc_SYSPINProject_mr_f_BOOK_05281.wav|याही प्रक्रियेत निर्माण झालेलेन्युट्रॉन इतर युरेनियमच्या अणूंचे विखंडन करतात. अशा प्रकारेअणु विखंडनाची ही साखळी प्रक्रिया चालूराहते.
/root/f5-tts-marathi/datasets/syspin_marathi_female/extracted/IISc_SYSPIN_Data/IISc_SYSPINProject_Marathi_Female_Spk001_HC/wav/IISc_SYSPINProject_mr_f_OTHE_00564.wav|त्याच्या डोळ्यात अश्रू होतेच पण मी माझे अश्रू लपवू शकलो नाही.
/root/f5-tts-marathi/datasets/syspin_marathi_female/extracted/IISc_SYSPIN_Data/IISc_SYSPINProject_Marathi_Female_Spk001_HC/wav/IISc_SYSPINProject_mr_f_WEAT_04308.wav|द्वितीय मानांकित सायना नेहवालचा थायलंड स्पर्धेतील सलामीचा सामना स्लोव्हाकियाच्या बिगर मानांकित रिप्सेकाबरोबर होणार आहे.
/root/f5-tts-marathi/datasets/syspin_marathi_female/extracted/IISc_SYSPIN_Data/IISc_SYSPINProject_Marathi_Female_Spk001_HC/wav/IISc_SYSPINProject_mr_f_GENE_03283.wav|वरकरणी आनंदी दिसणारा ओस्ट्रेलियन खेळाडू ग्लेन मेक्सवेल यानं काही काळ क्रिकेट खेळणं थांबवायचं ठरवलंय.
/root/f5-tts-marathi/datasets/syspin_marathi_female/extracted/IISc_SYSPIN_Data/IISc_SYSPINProject_Marathi_Female_Spk001_HC/wav/IISc_SYSPINProject_mr_f_WEAT_01532.wav|मिळेल त्या मजुरीवर ही मंडळी काम करीत असल्यामुळे त्यांना रोजगाराच्या संधी पटकन उपलब्ध होत आहेत.
/root/f5-tts-marathi/datasets/syspin_marathi_female/extracted/IISc_SYSPIN_Data/IISc_SYSPINProject_Marathi_Female_Spk001_HC/wav/IISc_SYSPINProject_mr_f_BOOK_02156.wav|लक्षावधी प्रकारचे कीटक हेसुद्धा येथील वैशिष्ट्य आहेत.
/root/f5-tts-marathi/datasets/syspin_marathi_female/extracted/IISc_SYSPIN_Data/IISc_SYSPINProject_Marathi_Female_Spk001_HC/wav/IISc_SYSPINProject_mr_f_BOOK_00371.wav|इंडोनेशियातील बोरोबुदुर येथील स्तूप हा जगातील सर्वाधिक मोठा स्तूप आहे.
/root/f5-tts-marathi/datasets/syspin_marathi_female/extracted/IISc_SYSPIN_Data/IISc_SYSPINProject_Marathi_Female_Spk001_HC/wav/IISc_SYSPINProject_mr_f_AGRI_03754.wav|लागवडीपूर्वी जमिनीचे अन्नद्रव्यांच्या उपलब्धतेबाबत मृदा परीक्षण करून घ्यावे.
/root/f5-tts-marathi/datasets/syspin_marathi_female/extracted/IISc_SYSPIN_Data/IISc_SYSPINProject_Marathi_Female_Spk001_HC/wav/IISc_SYSPINProject_mr_f_WEAT_04123.wav|याबाबत दोडके यांनी तेथील सर्व संबंधितान भेटून जखमी पद्मेशवर उपचारांची गती वाढवण्याची विनंती केली आहे.
/root/f5-tts-marathi/datasets/syspin_marathi_female/extracted/IISc_SYSPIN_Data/IISc_SYSPINProject_Marathi_Female_Spk001_HC/wav/IISc_SYSPINProject_mr_f_WEAT_00682.wav|जगाच्या निंदेला आम्ही घाबरत नाही, अशी ठाम भूमिका म्यानमारच्या सर्वोच्च नेत्या आंग सान स्यू की यांनी मांडली आहे.
/root/f5-tts-marathi/datasets/syspin_marathi_female/extracted/IISc_SYSPIN_Data/IISc_SYSPINProject_Marathi_Female_Spk001_HC/wav/IISc_SYSPINProject_mr_f_HEAL_01528.wav|गंधद्रव्य आणि आहारयोगी असे दोन शब्द सुश्रुत आणि चरक मसाल्याच्या जिनसांसाठी वापरतात
/root/f5-tts-marathi/datasets/syspin_marathi_female/extracted/IISc_SYSPIN_Data/IISc_SYSPINProject_Marathi_Female_Spk001_HC/wav/IISc_SYSPINProject_mr_f_WEAT_02235.wav|या गुगलीचा शोध 100शंभर वर्षांपूर्वी इंग्लिश खेळाडू बर्नाड बॉन्क्वेट याने लावला.
/root/f5-tts-marathi/datasets/syspin_marathi_female/extracted/IISc_SYSPIN_Data/IISc_SYSPINProject_Marathi_Female_Spk001_HC/wav/IISc_SYSPINProject_mr_f_OTHE_00366.wav|हे फोन नंबर हेल्पलाईन नंबर, क्रेन सर्व्हिस, अम्ब्युलन्स सर्व्हिस आणि पेट्रोल सर्व्हिसचे आहेत.
/root/f5-tts-marathi/datasets/syspin_marathi_female/extracted/IISc_SYSPIN_Data/IISc_SYSPINProject_Marathi_Female_Spk001_HC/wav/IISc_SYSPINProject_mr_f_AGRI_02142.wav|चारसूत्री भात लावणी करताना चिखलणीच्या वेळी एकरी 500पाचशे ते 600सहाशे किलो गिरीपुष्पाचा पाला चिखलात गाडावा.
/root/f5-tts-marathi/datasets/syspin_marathi_female/extracted/IISc_SYSPIN_Data/IISc_SYSPINProject_Marathi_Female_Spk001_HC/wav/IISc_SYSPINProject_mr_f_HEAL_00647.wav|संक्रमण सहसा एका वेळी येते
/root/f5-tts-marathi/datasets/syspin_marathi_female/extracted/IISc_SYSPIN_Data/IISc_SYSPINProject_Marathi_Female_Spk001_HC/wav/IISc_SYSPINProject_mr_f_HEAL_01063.wav|ह्या उपायांनी हृदयाघात, पक्षाघात, पायातील वेदना आणि गंगरिन यांचा प्रतिबंध करता येतो
/root/f5-tts-marathi/datasets/syspin_marathi_female/extracted/IISc_SYSPIN_Data/IISc_SYSPINProject_Marathi_Female_Spk001_HC/wav/IISc_SYSPINProject_mr_f_BOOK_00227.wav|तत्त्वज्ञान समजून घेताना ते तत्त्वज्ञान ज्या भाषेतून व्यक्त झाले त्या भाषेच्या इतिहासाचाही उपयोग होतो.
/root/f5-tts-marathi/datasets/syspin_marathi_female/extracted/IISc_SYSPIN_Data/IISc_SYSPINProject_Marathi_Female_Spk001_HC/wav/IISc_SYSPINProject_mr_f_FINA_01493.wav|जरी इतर देशांची आर्थिक मदत स्वीकारली तरी ती मदत पूर्णपणे खालपर्यंत पोहचायला खूप कालावधी लागेल. कारण तो पैसा आधी हस्तांतरीत होण्यातच वर्ष जाईल.
/root/f5-tts-marathi/datasets/syspin_marathi_female/extracted/IISc_SYSPIN_Data/IISc_SYSPINProject_Marathi_Female_Spk001_HC/wav/IISc_SYSPINProject_mr_f_WEAT_02412.wav|'लगे रहो मुन्नाभाई' असो किंवा 'थ्री ईडियट्स', एखाद्या विषयाची किंवा समस्येची तीव्रता संपूर्ण समाजाला कशी भिडतेय हे दाखवण्यात राजकुमार हिरानींचा हातखंडा आहे.
/root/f5-tts-marathi/datasets/syspin_marathi_female/extracted/IISc_SYSPIN_Data/IISc_SYSPINProject_Marathi_Female_Spk001_HC/wav/IISc_SYSPINProject_mr_f_WEAT_03698.wav|गाव, वस्तीवरील ओव्हरफ्लो झालेल्या सेप्टिक टंकमुळे जिल्ह्यात आरोग्याचा प्रश्न सध्या गंभीर झाला आहे.
/root/f5-tts-marathi/datasets/syspin_marathi_female/extracted/IISc_SYSPIN_Data/IISc_SYSPINProject_Marathi_Female_Spk001_HC/wav/IISc_SYSPINProject_mr_f_BOOK_03544.wav|पंजाबमध् जालंधर, लुधियाना, मुलतान, सियालकोट येथे शिपायांनी उठावाचे सक्रिय स्वागत केले.
/root/f5-tts-marathi/datasets/syspin_marathi_female/extracted/IISc_SYSPIN_Data/IISc_SYSPINProject_Marathi_Female_Spk001_HC/wav/IISc_SYSPINProject_mr_f_BOOK_00015.wav|इतिहासाची मांडणी करताना इतिहासकार भूतकाळातल्या कोणत्या घटनांची निवड करतो, हे त्याला वाचकांपर्यंत काय पोचवायचे आहे यावर अवलंबून असते.
/root/f5-tts-marathi/datasets/syspin_marathi_female/extracted/IISc_SYSPIN_Data/IISc_SYSPINProject_Marathi_Female_Spk001_HC/wav/IISc_SYSPINProject_mr_f_HEAL_02401.wav|याची लक्षणे विशेष म्हणजे लहान मुलांमध्ये मुख्यत्वे सौम्य स्वरूपाचा ताप येतो
/root/f5-tts-marathi/datasets/syspin_marathi_female/extracted/IISc_SYSPIN_Data/IISc_SYSPINProject_Marathi_Female_Spk001_HC/wav/IISc_SYSPINProject_mr_f_POLI_00811.wav|पण इतका क्षुद्र माणूस हाती अधिकार आल्यावर किती पराकोटीचा सैतानीपणा करतो हे पाहून, त्या क्रौर्याच्या मूर्तिमंत साक्षात्कारानं ती चरकते.
/root/f5-tts-marathi/datasets/syspin_marathi_female/extracted/IISc_SYSPIN_Data/IISc_SYSPINProject_Marathi_Female_Spk001_HC/wav/IISc_SYSPINProject_mr_f_POLI_01286.wav|सागर किनाऱ्याच्या स्वच्छतेसह सर्फिंग करणाऱ्या महिला सदस्यांमध्ये समन्वय प्रस्थापित करण्याचे काम त्या करतात.
/root/f5-tts-marathi/datasets/syspin_marathi_female/extracted/IISc_SYSPIN_Data/IISc_SYSPINProject_Marathi_Female_Spk001_HC/wav/IISc_SYSPINProject_mr_f_HEAL_00224.wav|पण स्पेशालिस्ट वा कंन्सल्टंट ही जेनेरिक औषधे न देता किती तरी महागडी असलेली ब्रंडेड औषधे रुग्णांवर लादतात
/root/f5-tts-marathi/datasets/syspin_marathi_female/extracted/IISc_SYSPIN_Data/IISc_SYSPINProject_Marathi_Female_Spk001_HC/wav/IISc_SYSPINProject_mr_f_WEAT_01509.wav|कोणी काय घालावे आणि काय घालू नये हा त्यांचा वैयक्तिक प्रश्न आहे.
/root/f5-tts-marathi/datasets/syspin_marathi_female/extracted/IISc_SYSPIN_Data/IISc_SYSPINProject_Marathi_Female_Spk001_HC/wav/IISc_SYSPINProject_mr_f_BOOK_04517.wav|विविध संधीचा फायदा घेऊन समस्यांवर मात करण्याची जबाबदारी आपणावरच आहे.
/root/f5-tts-marathi/datasets/syspin_marathi_female/extracted/IISc_SYSPIN_Data/IISc_SYSPINProject_Marathi_Female_Spk001_HC/wav/IISc_SYSPINProject_mr_f_GENE_03212.wav|पुण्याकडून मोनूने ओलराऊंड खेळ करत 3तीन गुण मिळवले तर रेडींगमध्ये सुरेश कुमारने 6सहा तर राजेश मोंडलने 3तीन गुण मिळवले.
/root/f5-tts-marathi/datasets/syspin_marathi_female/extracted/IISc_SYSPIN_Data/IISc_SYSPINProject_Marathi_Female_Spk001_HC/wav/IISc_SYSPINProject_mr_f_HEAL_03913.wav|प्राचीन काळापासून अशा पद्धतीने गर्भधारणा टाळण्याचे मार्ग विविध संस्कृतीत प्रचलित आहेत.
/root/f5-tts-marathi/datasets/syspin_marathi_female/extracted/IISc_SYSPIN_Data/IISc_SYSPINProject_Marathi_Female_Spk001_HC/wav/IISc_SYSPINProject_mr_f_FINA_00338.wav|अश्या प्रकारे एकूण खर्च लक्षात घेतला, तर हीथ्रो विमानतळ कार्यरत ठेवण्यासाठी एकूण 15पंधरा बिलियन डॉलर्सचा वार्षिक खर्च होतो.
/root/f5-tts-marathi/datasets/syspin_marathi_female/extracted/IISc_SYSPIN_Data/IISc_SYSPINProject_Marathi_Female_Spk001_HC/wav/IISc_SYSPINProject_mr_f_OTHE_01637.wav|शेवटी एकमेकांच्या आधाराने उंचावर टांगलेले मडके फोडले जाते, ज्यामध्ये श्रीकृष्णाचा आवडता काला असतो.
/root/f5-tts-marathi/datasets/syspin_marathi_female/extracted/IISc_SYSPIN_Data/IISc_SYSPINProject_Marathi_Female_Spk001_HC/wav/IISc_SYSPINProject_mr_f_AGRI_01555.wav|येथील शेतकऱ्यांनी सिंचन आणि शेतीसाठी पाणी या तत्वावर आपल्या सुपीक जमिनी शासनाला कवडीमोल किंमतीत धरणासाठी दिल्या.
/root/f5-tts-marathi/datasets/syspin_marathi_female/extracted/IISc_SYSPIN_Data/IISc_SYSPINProject_Marathi_Female_Spk001_HC/wav/IISc_SYSPINProject_mr_f_OTHE_01948.wav|त्या त्रुटी दुर करून नव्याने सर्क्युलर जारी केले, मात्र तोपर्यंत मल्ल्या परदेशात पोहोचले होते.
/root/f5-tts-marathi/datasets/syspin_marathi_female/extracted/IISc_SYSPIN_Data/IISc_SYSPINProject_Marathi_Female_Spk001_HC/wav/IISc_SYSPINProject_mr_f_BOOK_02590.wav|पूर्वनियोजनाच्या कृतीयुक्त उपायांमुळेआपत्तीनियंत्रण शक्य झालेआहे.
/root/f5-tts-marathi/datasets/syspin_marathi_female/extracted/IISc_SYSPIN_Data/IISc_SYSPINProject_Marathi_Female_Spk001_HC/wav/IISc_SYSPINProject_mr_f_BOOK_05188.wav|मानवनिर्मित पर्यावरणाचादेखील नैसर्गिक पर्यावरणावर प्रत्यक्ष किंवा अप्रत्यक्ष प्रभाव पडतच असतो.
/root/f5-tts-marathi/datasets/syspin_marathi_female/extracted/IISc_SYSPIN_Data/IISc_SYSPINProject_Marathi_Female_Spk001_HC/wav/IISc_SYSPINProject_mr_f_POLI_00672.wav|सलमानच्या जामीनास सरकारी वकील पोकरराम आणि बिष्णोई समाजाचे वकील महिपाल बिष्णोई यांनी तीव्र विरोध केला.
/root/f5-tts-marathi/datasets/syspin_marathi_female/extracted/IISc_SYSPIN_Data/IISc_SYSPINProject_Marathi_Female_Spk001_HC/wav/IISc_SYSPINProject_mr_f_POLI_00905.wav|अचलपूर शहराच्या खूंटलेल्या विकासाला सर्वस्वी आमदार दोषी असल्याचं मानलं जात आहे.
/root/f5-tts-marathi/datasets/syspin_marathi_female/extracted/IISc_SYSPIN_Data/IISc_SYSPINProject_Marathi_Female_Spk001_HC/wav/IISc_SYSPINProject_mr_f_BOOK_04463.wav|त्या खेळाडूंची काळजी घेतात. या खेळाडूच्या नावाने तो क्लब ओळखला जातो. तो खेळाडू काही कालावधीसाठी क्लबशी करारबद्ध होतो.
/root/f5-tts-marathi/datasets/syspin_marathi_female/extracted/IISc_SYSPIN_Data/IISc_SYSPINProject_Marathi_Female_Spk001_HC/wav/IISc_SYSPINProject_mr_f_FINA_02959.wav|बंका अशी कार्यवाही करतात की नाही, याची शहानिशा जिल्हा अग्रणी बंक अधिकार्यांनी अचानक भेटी देऊन करावी, असे निर्देश जिल्हाधिकारी द्विवेदी यांनी दिले.
/root/f5-tts-marathi/datasets/syspin_marathi_female/extracted/IISc_SYSPIN_Data/IISc_SYSPINProject_Marathi_Female_Spk001_HC/wav/IISc_SYSPINProject_mr_f_AGRI_03727.wav|तांबड्या भोपळ्याच्या पिकात मिश्रपीक म्हणून लावतात, स्वतंत्र पीक सहसा लावीत नाहीत.
/root/f5-tts-marathi/datasets/syspin_marathi_female/extracted/IISc_SYSPIN_Data/IISc_SYSPINProject_Marathi_Female_Spk001_HC/wav/IISc_SYSPINProject_mr_f_WEAT_00478.wav|पण आज एवढ्या पावसात अवेळी आलेला भाऊसाहेब तिच्यासाठी एक भलमोठ्ठं प्रश्नचिन्हं घेऊन आला होता.
/root/f5-tts-marathi/datasets/syspin_marathi_female/extracted/IISc_SYSPIN_Data/IISc_SYSPINProject_Marathi_Female_Spk001_HC/wav/IISc_SYSPINProject_mr_f_POLI_02784.wav|राष्ट्रवादी कांग्रेसचे ऋषिकेश धांडे यांनी कर्जत पेालीस ठाण्यात फिर्याद दिली आहे.
/root/f5-tts-marathi/datasets/syspin_marathi_female/extracted/IISc_SYSPIN_Data/IISc_SYSPINProject_Marathi_Female_Spk001_HC/wav/IISc_SYSPINProject_mr_f_WEAT_01428.wav|पंत मुळचे मराठी पण त्यांच्या पिढ्यानपिढ्या उत्तर प्रदेशात स्थिरावल्या व त्यांनी उत्तर प्रदेशचे नेतृत्वही केले. अशा गोविंद वल्लभ पंत यांचे आज पुण्यस्मरण.
/root/f5-tts-marathi/datasets/syspin_marathi_female/extracted/IISc_SYSPIN_Data/IISc_SYSPINProject_Marathi_Female_Spk001_HC/wav/IISc_SYSPINProject_mr_f_HEAL_04294.wav|ही लस बालकांचे क्षयरोगाच्या तीव्र स्वरूपापासून, जसे मेंदूच्या आवरणाचा क्षयरोग, रक्षण करते आणि क्षयरोगाने होऊ शकणाऱ्या मृत्यूपासूनही रक्षण करते.
/root/f5-tts-marathi/datasets/syspin_marathi_female/extracted/IISc_SYSPIN_Data/IISc_SYSPINProject_Marathi_Female_Spk001_HC/wav/IISc_SYSPINProject_mr_f_FINA_01693.wav|सरकार तुम्हाला पीककर्ज किंवा इतर भरपाई देत असेल तर राज्यात इतर छोटे व्यवसाय करणार्यांनी काय घोडं मारलय त्यांच नुकसानही भरून देण्यात यावं.
/root/f5-tts-marathi/datasets/syspin_marathi_female/extracted/IISc_SYSPIN_Data/IISc_SYSPINProject_Marathi_Female_Spk001_HC/wav/IISc_SYSPINProject_mr_f_BOOK_04101.wav|पुढे अमेरिकन अध्यक्षांनी चीनला भेट देऊन साम्यवादी चीनच्या शासनाला मान्यता दिली.
/root/f5-tts-marathi/datasets/syspin_marathi_female/extracted/IISc_SYSPIN_Data/IISc_SYSPINProject_Marathi_Female_Spk001_HC/wav/IISc_SYSPINProject_mr_f_HEAL_01900.wav|आमचा गडी सांगत होता की गुंजा डोळ्यांत फिरवल्याने डोळे साफ होतात व याचा पाला खाल्याने खोकल्याला आराम मिळतो
/root/f5-tts-marathi/datasets/syspin_marathi_female/extracted/IISc_SYSPIN_Data/IISc_SYSPINProject_Marathi_Female_Spk001_HC/wav/IISc_SYSPINProject_mr_f_WEAT_00881.wav|केवळ वातावरण निवळण्याची प्रतिक्षा करणे एवढेच उत्पादकांच्या हातात असल्याचे शेतकऱ्यांनी सांगितले.
/root/f5-tts-marathi/datasets/syspin_marathi_female/extracted/IISc_SYSPIN_Data/IISc_SYSPINProject_Marathi_Female_Spk001_HC/wav/IISc_SYSPINProject_mr_f_BOOK_03189.wav|सुरतेच्या स्वारीच्या प्रसंगी शिवाजी महाराज पोर्तुगीज प्रदेशातूनच सुखरूप स्वराज्यात आले.
/root/f5-tts-marathi/datasets/syspin_marathi_female/extracted/IISc_SYSPIN_Data/IISc_SYSPINProject_Marathi_Female_Spk001_HC/wav/IISc_SYSPINProject_mr_f_WEAT_04218.wav|यांच्यासोबत पुष्पलता हिने घरच्यांच्या विरोधात जाऊन जॉन फ्रंकलिन याच्यासोबत विवाह केला.
/root/f5-tts-marathi/datasets/syspin_marathi_female/extracted/IISc_SYSPIN_Data/IISc_SYSPINProject_Marathi_Female_Spk001_HC/wav/IISc_SYSPINProject_mr_f_WEAT_03384.wav|तसेच इन्श्युरन्स कंपन्यांनी शेतकऱ्यांची पिळवणूक केल्यास मुंबईतील इन्श्युरन्स कंपन्यांचे ओफिस बंद पाडण्याचा इशाराही यावेळी ठाकरेंनी दिला.
/root/f5-tts-marathi/datasets/syspin_marathi_female/extracted/IISc_SYSPIN_Data/IISc_SYSPINProject_Marathi_Female_Spk001_HC/wav/IISc_SYSPINProject_mr_f_BOOK_02557.wav|चक्रीवादळे पाऊस घेऊन येतात.
/root/f5-tts-marathi/datasets/syspin_marathi_female/extracted/IISc_SYSPIN_Data/IISc_SYSPINProject_Marathi_Female_Spk001_HC/wav/IISc_SYSPINProject_mr_f_OTHE_02321.wav|'हेल्मेट उत्पादकांचे हित साधणाऱ्या पोलिसांचा धिक्कार असो', असे पोस्टर घेऊन पुणेकरांनी त्यांचा संताप व्यक्त केला आहे.
/root/f5-tts-marathi/datasets/syspin_marathi_female/extracted/IISc_SYSPIN_Data/IISc_SYSPINProject_Marathi_Female_Spk001_HC/wav/IISc_SYSPINProject_mr_f_FINA_01876.wav|या फेब्रुबारीत मुख्यमंत्र्यांनी एका बैठकीत प्रस्ताव मंजूर करुन कर्ज उपलब्ध करुन देण्याचे आदेश शनिवारी दिले.
/root/f5-tts-marathi/datasets/syspin_marathi_female/extracted/IISc_SYSPIN_Data/IISc_SYSPINProject_Marathi_Female_Spk001_HC/wav/IISc_SYSPINProject_mr_f_FINA_02079.wav|बंकेमार्फत 25पंचवीस टक्के अनुदान व उर्वरित रकमेचे अल्प व्याजदराचे व दीर्घ मुदतीचे कर्ज उपलब्ध करून दिले जाणार असल्याची माहिती देण्यात आली.
/root/f5-tts-marathi/datasets/syspin_marathi_female/extracted/IISc_SYSPIN_Data/IISc_SYSPINProject_Marathi_Female_Spk001_HC/wav/IISc_SYSPINProject_mr_f_OTHE_01162.wav|आधुनिकता आणि पारंपरिक गोष्टी या दोन्ही गोष्टिंची उत्तमरीत्या सांगड घातलेली दिसून येते.
/root/f5-tts-marathi/datasets/syspin_marathi_female/extracted/IISc_SYSPIN_Data/IISc_SYSPINProject_Marathi_Female_Spk001_HC/wav/IISc_SYSPINProject_mr_f_WEAT_03446.wav|मध्य प्रदेशहून आधी कल्याणला चाचणीसाठी आणलेली ही डबल डेकर कुर्ल्यातील लोकमान्य टिळक स्थानकात आणण्यात आली.
/root/f5-tts-marathi/datasets/syspin_marathi_female/extracted/IISc_SYSPIN_Data/IISc_SYSPINProject_Marathi_Female_Spk001_HC/wav/IISc_SYSPINProject_mr_f_BOOK_02334.wav|त्यानुसार भारताचे राष्ट्रीय उत्पन्न व लोकसंख्या ब्राझीलच्या तुलनेत खूपच जास्त आहे.
/root/f5-tts-marathi/datasets/syspin_marathi_female/extracted/IISc_SYSPIN_Data/IISc_SYSPINProject_Marathi_Female_Spk001_HC/wav/IISc_SYSPINProject_mr_f_AGRI_03104.wav|भाजून झाल्यावर बाजूला ठेवून नॉनस्टिक पेनमध्ये 2दोन वाट्या पाणी उकळत ठेवावं.
/root/f5-tts-marathi/datasets/syspin_marathi_female/extracted/IISc_SYSPIN_Data/IISc_SYSPINProject_Marathi_Female_Spk001_HC/wav/IISc_SYSPINProject_mr_f_FINA_02241.wav|काही जण हे आपली आर्थिक परिस्थिती नाजूक असल्याने लग्नासाठी कर्ज काढतात.
/root/f5-tts-marathi/datasets/syspin_marathi_female/extracted/IISc_SYSPIN_Data/IISc_SYSPINProject_Marathi_Female_Spk001_HC/wav/IISc_SYSPINProject_mr_f_BOOK_01988.wav|उत्तरेकडे उतार काहीसे तीव्र असले तरी ते अकस्मात नाहीत.
/root/f5-tts-marathi/datasets/syspin_marathi_female/extracted/IISc_SYSPIN_Data/IISc_SYSPINProject_Marathi_Female_Spk001_HC/wav/IISc_SYSPINProject_mr_f_BOOK_02815.wav|न्यूझीलंड आणि ओस्ट्रेलिया या प्रदेशांवर इंग्लंडच्या शाही नौदलातील जेम्स कुक याने इंग्लंडचा झेंडा फडकवला.
/root/f5-tts-marathi/datasets/syspin_marathi_female/extracted/IISc_SYSPIN_Data/IISc_SYSPINProject_Marathi_Female_Spk001_HC/wav/IISc_SYSPINProject_mr_f_BOOK_01681.wav|ही विचारसरणी ज्यांना योग्य वाटते ते लोक त्या त्या पक्षाला पाठिंबा देतात.
/root/f5-tts-marathi/datasets/syspin_marathi_female/extracted/IISc_SYSPIN_Data/IISc_SYSPINProject_Marathi_Female_Spk001_HC/wav/IISc_SYSPINProject_mr_f_BOOK_00355.wav|शिल्पे कोरली किंवा घडवली जातात.
/root/f5-tts-marathi/datasets/syspin_marathi_female/extracted/IISc_SYSPIN_Data/IISc_SYSPINProject_Marathi_Female_Spk001_HC/wav/IISc_SYSPINProject_mr_f_WEAT_02664.wav|दगडादेवी आणि पंढरीच्या पांडुरंगाच्या आशिर्वादाने बाबांनी दोनवेळा पायी चारधाम आणि बारा ज्योतिर्लिंग पदयात्रा केली.
/root/f5-tts-marathi/datasets/syspin_marathi_female/extracted/IISc_SYSPIN_Data/IISc_SYSPINProject_Marathi_Female_Spk001_HC/wav/IISc_SYSPINProject_mr_f_BOOK_00495.wav|छाया-बाहुली, हात-बाहुली, काठी-बाहुली आणि सूत्र-बाहुली असे याचे प्रकार आहेत.
/root/f5-tts-marathi/datasets/syspin_marathi_female/extracted/IISc_SYSPIN_Data/IISc_SYSPINProject_Marathi_Female_Spk001_HC/wav/IISc_SYSPINProject_mr_f_GENE_02525.wav|अनेक वर्षापूर्वी ज्वालामुखी व त्यानंतर ग्लेसिएशन या मुळे ही केनियन तयार झाली असे म्हणतात.
/root/f5-tts-marathi/datasets/syspin_marathi_female/extracted/IISc_SYSPIN_Data/IISc_SYSPINProject_Marathi_Female_Spk001_HC/wav/IISc_SYSPINProject_mr_f_GENE_01332.wav|आमच्या सहकाऱ्यांनी पाकिस्तानी सैन्याच्या गस्ती पथकावर आणि त्यांच्या तळावर एकाच वेळी हल्ला केला, अशी माहिती प्रवक्ते बलोच खान यांनी दिली.
/root/f5-tts-marathi/datasets/syspin_marathi_female/extracted/IISc_SYSPIN_Data/IISc_SYSPINProject_Marathi_Female_Spk001_HC/wav/IISc_SYSPINProject_mr_f_GENE_03550.wav|अमेरिकेच्या रेयान हेरिसनने रविवारी येथे मेम्फिस टेनिस स्पर्धेत एकेरीचे अजिंक्यपद पटकाविले.
/root/f5-tts-marathi/datasets/syspin_marathi_female/extracted/IISc_SYSPIN_Data/IISc_SYSPINProject_Marathi_Female_Spk001_HC/wav/IISc_SYSPINProject_mr_f_AGRI_03332.wav|आतील गर खाऊन विष्ठा आतच सोडत असल्यामुळे कीडग्रस्त फळे खाण्यास अयोग्य ठरतात.
/root/f5-tts-marathi/datasets/syspin_marathi_female/extracted/IISc_SYSPIN_Data/IISc_SYSPINProject_Marathi_Female_Spk001_HC/wav/IISc_SYSPINProject_mr_f_BOOK_03661.wav|या संदर्भात मीरत खटला आणि कानपूर खटला विशेष गाजले.
/root/f5-tts-marathi/datasets/syspin_marathi_female/extracted/IISc_SYSPIN_Data/IISc_SYSPINProject_Marathi_Female_Spk001_HC/wav/IISc_SYSPINProject_mr_f_GENE_03108.wav|तुम्हाला जिथे जायचं आहे ते ठिकाण, प्रवासाची तारीख हा सर्व तपशील ओनलाइन फॉर्ममध्ये भरा.
/root/f5-tts-marathi/datasets/syspin_marathi_female/extracted/IISc_SYSPIN_Data/IISc_SYSPINProject_Marathi_Female_Spk001_HC/wav/IISc_SYSPINProject_mr_f_BOOK_00960.wav|पर्यटन हा सर्वाधिक रोजगार निर्माण करणारा उद्योग होऊ शकतो.
/root/f5-tts-marathi/datasets/syspin_marathi_female/extracted/IISc_SYSPIN_Data/IISc_SYSPINProject_Marathi_Female_Spk001_HC/wav/IISc_SYSPINProject_mr_f_EVAL_00123.wav|आज रस्त्यांवर इतका ट्रेफिक का आहे?
/root/f5-tts-marathi/datasets/syspin_marathi_female/extracted/IISc_SYSPIN_Data/IISc_SYSPINProject_Marathi_Female_Spk001_HC/wav/IISc_SYSPINProject_mr_f_HEAL_00971.wav|त्या नापाक धरतीचे इरादे जगापुढे उघड करणारा पुरावा आपल्या पोलादी हातांनी पकडून ठेवताना रक्त सांडलेले तुकाराम ओंबळेही आठवतात
/root/f5-tts-marathi/datasets/syspin_marathi_female/extracted/IISc_SYSPIN_Data/IISc_SYSPINProject_Marathi_Female_Spk001_HC/wav/IISc_SYSPINProject_mr_f_AGRI_03580.wav|गेसवर एका भांड्यात वांग्याचे काप व त्यात हळद टाकून मंद आचेवर वाफवून घ्यावे.
/root/f5-tts-marathi/datasets/syspin_marathi_female/extracted/IISc_SYSPIN_Data/IISc_SYSPINProject_Marathi_Female_Spk001_HC/wav/IISc_SYSPINProject_mr_f_BOOK_00427.wav|कोळीनृत्य, तारपा नृत्य,कोकणातील दशावतार, पोवाडा, कीर्तन, जागरगोंधळ ही त्यांपैकी काही ठळक उदाहरणे आहेत.
/root/f5-tts-marathi/datasets/syspin_marathi_female/extracted/IISc_SYSPIN_Data/IISc_SYSPINProject_Marathi_Female_Spk001_HC/wav/IISc_SYSPINProject_mr_f_OTHE_03537.wav|भारतात विक्री होत असलेल्या पेप्सी, कोका कोला, माऊंटन ड्यू, स्प्राईट आणि अप या पाच शीतपेयांच्या नमुन्यांमध्ये मोठ्या प्रमाणात धातू, शिसे, केडियम, क्रोमियम आढळले आहेत
/root/f5-tts-marathi/datasets/syspin_marathi_female/extracted/IISc_SYSPIN_Data/IISc_SYSPINProject_Marathi_Female_Spk001_HC/wav/IISc_SYSPINProject_mr_f_WEAT_02875.wav|कणकवली जिल्ह्यातील कणकवली आणि सावंतवाडी येथे उभारलेले ट्रॉमा केअर सेंटर ओर्थोपेडिक तज्ज्ञाअभावी धूळ खात पडले आहे.
/root/f5-tts-marathi/datasets/syspin_marathi_female/extracted/IISc_SYSPIN_Data/IISc_SYSPINProject_Marathi_Female_Spk001_HC/wav/IISc_SYSPINProject_mr_f_HEAL_01981.wav|डॉक्टरी उपचारांनी आपल्याला बरं वाटल्याचं पाहून दयाल चौधरींना आपल्या गावात डॉक्टर हवा ह्याची जाणीव होते आणि ते सुनीलला तसं बोलूनही दाखवतात
/root/f5-tts-marathi/datasets/syspin_marathi_female/extracted/IISc_SYSPIN_Data/IISc_SYSPINProject_Marathi_Female_Spk001_HC/wav/IISc_SYSPINProject_mr_f_HEAL_03709.wav|कर्करोग हा गंभीर आजार असण्याचं मुख्य कारण म्हणजे, त्यामुळे ओढावणारा मृत्यु
/root/f5-tts-marathi/datasets/syspin_marathi_female/extracted/IISc_SYSPIN_Data/IISc_SYSPINProject_Marathi_Female_Spk001_HC/wav/IISc_SYSPINProject_mr_f_FINA_02034.wav|या योजनेचा लाभ घेऊ इच्छिणाऱ्या विद्यार्थ्याने अभ्यासक्रम पूर्ण केल्यानंतर त्याच्या शिक्षणाचा फायदा राज्य शासनास होण्यासाठी शासन निर्णयामध्ये स्पष्टता करण्यात येईल.
/root/f5-tts-marathi/datasets/syspin_marathi_female/extracted/IISc_SYSPIN_Data/IISc_SYSPINProject_Marathi_Female_Spk001_HC/wav/IISc_SYSPINProject_mr_f_OTHE_01430.wav|गरज पडल्यास लेखकासाठी आणि प्रतिक्रिया देणाऱ्यासाठी प्रशासनाची मदत घेण्याचाही मार्ग उपलब्ध आहे.
/root/f5-tts-marathi/datasets/syspin_marathi_female/extracted/IISc_SYSPIN_Data/IISc_SYSPINProject_Marathi_Female_Spk001_HC/wav/IISc_SYSPINProject_mr_f_HEAL_03861.wav|हाताने स्पर्श करतेवेळी वृषणाचे वजन वाढले आहे, असे जर वाटले तर त्याकडे सुध्दा दुर्लक्ष करू नये. ताबडतोब तज्ञांचा सल्ला घ्या.
/root/f5-tts-marathi/datasets/syspin_marathi_female/extracted/IISc_SYSPIN_Data/IISc_SYSPINProject_Marathi_Female_Spk001_HC/wav/IISc_SYSPINProject_mr_f_BOOK_03441.wav|कमलादेवी कांग्रेसच्या सक्रिय कार्यकर्त्या होत्या.
/root/f5-tts-marathi/datasets/syspin_marathi_female/extracted/IISc_SYSPIN_Data/IISc_SYSPINProject_Marathi_Female_Spk001_HC/wav/IISc_SYSPINProject_mr_f_GENE_02322.wav|त्याकाळी मंदिराच्या जागेला विश्वेश्वर प्रतिमा मानून भक्तजन त्यास नमस्कार, पिंडदान व प्रदक्षिणा करीत असत.
/root/f5-tts-marathi/datasets/syspin_marathi_female/extracted/IISc_SYSPIN_Data/IISc_SYSPINProject_Marathi_Female_Spk001_HC/wav/IISc_SYSPINProject_mr_f_BOOK_04424.wav|कासव समुद्रात जाताना बघायला देश-परदेशांतून शेकडो पर्यटक यायला लागले. त्यांच्या राहण्याचा प्रश्न निर्माण होताच गावातच स्थानिकांच्या घरात 'होम स्टे' पर्यटन विकसित केले गेले.
/root/f5-tts-marathi/datasets/syspin_marathi_female/extracted/IISc_SYSPIN_Data/IISc_SYSPINProject_Marathi_Female_Spk001_HC/wav/IISc_SYSPINProject_mr_f_FINA_00647.wav|रिझर्व्ह बंकेने परकीय चलन व्यवस्थापन कायद्यामध्ये बदल करून ही त्रुटी दूर करावी असे न्यायालयाने सुचवले.
/root/f5-tts-marathi/datasets/syspin_marathi_female/extracted/IISc_SYSPIN_Data/IISc_SYSPINProject_Marathi_Female_Spk001_HC/wav/IISc_SYSPINProject_mr_f_POLI_00869.wav|मात्र भाजपला हरवून कांग्रेस राष्ट्रवादीला सत्तेत आणा असे विचार ठेऊन महाआघाडी होऊ शकत नाही.
/root/f5-tts-marathi/datasets/syspin_marathi_female/extracted/IISc_SYSPIN_Data/IISc_SYSPINProject_Marathi_Female_Spk001_HC/wav/IISc_SYSPINProject_mr_f_GENE_00493.wav|अभिराम शैलेंद्र वैद्य या फेसबुक मित्राने माइन काम्फची लिंक पाठवली आहे. त्यात असा काही उल्लेख नाही, असे त्यांचे म्हणणे आहे.
/root/f5-tts-marathi/datasets/syspin_marathi_female/extracted/IISc_SYSPIN_Data/IISc_SYSPINProject_Marathi_Female_Spk001_HC/wav/IISc_SYSPINProject_mr_f_BOOK_00381.wav|भारतामध्ये अनेक कोरीव लेणी आहेत.
/root/f5-tts-marathi/datasets/syspin_marathi_female/extracted/IISc_SYSPIN_Data/IISc_SYSPINProject_Marathi_Female_Spk001_HC/wav/IISc_SYSPINProject_mr_f_BOOK_05558.wav|द्रावणातून विद्युतधारा प्रवाहित केल्यास आयन हे विरुद्ध प्रभाराच्या विद्युतअग्राकडे जातात.
/root/f5-tts-marathi/datasets/syspin_marathi_female/extracted/IISc_SYSPIN_Data/IISc_SYSPINProject_Marathi_Female_Spk001_HC/wav/IISc_SYSPINProject_mr_f_WEAT_01878.wav|या चित्रपटात सनी पवारसह नवाजुद्दीन सिद्दिकी, तमन्ना भाटिया, सुनील शेट्टी, तन्वी सिन्हा आदी दिग्गज कलावंत काम करणार आहेत.
/root/f5-tts-marathi/datasets/syspin_marathi_female/extracted/IISc_SYSPIN_Data/IISc_SYSPINProject_Marathi_Female_Spk001_HC/wav/IISc_SYSPINProject_mr_f_BOOK_00544.wav|पारंपरिक तमाशाचे दोन प्रकार आहेत - संगीत बारी आणि ढोलकीचा फड.
/root/f5-tts-marathi/datasets/syspin_marathi_female/extracted/IISc_SYSPIN_Data/IISc_SYSPINProject_Marathi_Female_Spk001_HC/wav/IISc_SYSPINProject_mr_f_WEAT_01270.wav|पुढचे बॉम्बस्फोट घडण्यापूर्वी भारतानेच मसूदला पकडून फाशीची शिक्षा द्यावी अशी अपेक्षा आहे.
/root/f5-tts-marathi/datasets/syspin_marathi_female/extracted/IISc_SYSPIN_Data/IISc_SYSPINProject_Marathi_Female_Spk001_HC/wav/IISc_SYSPINProject_mr_f_OTHE_01113.wav|मोबाईलच्या सततच्या ट्रिंग ट्रिंगमुळे कलाकारांना होणारा त्रास पाहता नाट्यगृहात मोबाईल जामर बसवावे का?
/root/f5-tts-marathi/datasets/syspin_marathi_female/extracted/IISc_SYSPIN_Data/IISc_SYSPINProject_Marathi_Female_Spk001_HC/wav/IISc_SYSPINProject_mr_f_BOOK_04477.wav|याच्याच पुढचा टप्पा म्हणजे मणिपूरमध्ये 'नेशनल स्पोर्टस् युनिव्हर्सिटी'ची स्थापना होय.
/root/f5-tts-marathi/datasets/syspin_marathi_female/extracted/IISc_SYSPIN_Data/IISc_SYSPINProject_Marathi_Female_Spk001_HC/wav/IISc_SYSPINProject_mr_f_HEAL_02028.wav|आपण डॉक्टर किंवा इंजिनियर व्हावं हे बहुसंख्य मुलांचं किंवा खरंतर त्यांच्या पालकांचं स्वप्न असायचं.
/root/f5-tts-marathi/datasets/syspin_marathi_female/extracted/IISc_SYSPIN_Data/IISc_SYSPINProject_Marathi_Female_Spk001_HC/wav/IISc_SYSPINProject_mr_f_BOOK_01758.wav|लोक आपल्या प्रदेशाच्या हिताचा व विकासाचा प्राधान्याने विचार करू लागतात.
/root/f5-tts-marathi/datasets/syspin_marathi_female/extracted/IISc_SYSPIN_Data/IISc_SYSPINProject_Marathi_Female_Spk001_HC/wav/IISc_SYSPINProject_mr_f_AGRI_03731.wav|उत्तर भारतात उन्हाळ्यातील 'जेठुया' व पासाळ्यातील 'बार-मासिया' असे दोन प्रकार पिकवतात.
/root/f5-tts-marathi/datasets/syspin_marathi_female/extracted/IISc_SYSPIN_Data/IISc_SYSPINProject_Marathi_Female_Spk001_HC/wav/IISc_SYSPINProject_mr_f_BOOK_05379.wav|वातावरणातील हवेचा अपवर्तनांक जमिनीकडे येताना वाढत जातो. कारण हवेची घनता वाढत जाते.
/root/f5-tts-marathi/datasets/syspin_marathi_female/extracted/IISc_SYSPIN_Data/IISc_SYSPINProject_Marathi_Female_Spk001_HC/wav/IISc_SYSPINProject_mr_f_OTHE_02423.wav|क्रिस्टियानोने आपल्या शिस्तीने लियोनेल मेस्सीपेक्षा अधिक आव्हानाचा यशस्वीपणे सामना केला आहे.
/root/f5-tts-marathi/datasets/syspin_marathi_female/extracted/IISc_SYSPIN_Data/IISc_SYSPINProject_Marathi_Female_Spk001_HC/wav/IISc_SYSPINProject_mr_f_BOOK_02452.wav|याचाच अर्थ, लष्कराच्या कोणत्याही कार्याला योग्य समर्थन असण्याची गरज आहे.
/root/f5-tts-marathi/datasets/syspin_marathi_female/extracted/IISc_SYSPIN_Data/IISc_SYSPINProject_Marathi_Female_Spk001_HC/wav/IISc_SYSPINProject_mr_f_HEAL_02163.wav|हा रोग जीवाणुमुळे होतो आणि हे गायींच्या त्वचेवर हा जिवाणू आढळतो
/root/f5-tts-marathi/datasets/syspin_marathi_female/extracted/IISc_SYSPIN_Data/IISc_SYSPINProject_Marathi_Female_Spk001_HC/wav/IISc_SYSPINProject_mr_f_POLI_00827.wav|गणपती बाप्पावर निस्सिम प्रेम करणाऱ्या अभिनेत्री आणि खासदार जया बच्चन यांनी एका खास कारणामुळे काही वर्षांपूर्वी पुण्यातील दगडूशेठ गणपतीला सोन्याची कर्णफुले अर्पण केली होती.
/root/f5-tts-marathi/datasets/syspin_marathi_female/extracted/IISc_SYSPIN_Data/IISc_SYSPINProject_Marathi_Female_Spk001_HC/wav/IISc_SYSPINProject_mr_f_GENE_01310.wav|सायकल, मल्लखांब, कबड्डी, क्रिकेट अनेक स्पर्धांमध्ये नाशिकचे खेळाडू चमकदार कामगिरी बजावत आहेत.
/root/f5-tts-marathi/datasets/syspin_marathi_female/extracted/IISc_SYSPIN_Data/IISc_SYSPINProject_Marathi_Female_Spk001_HC/wav/IISc_SYSPINProject_mr_f_OTHE_02740.wav|शांघाय नेटवर्क सिक्युरिटीचे फाउंडर तान जियानफेंग म्हणाले की, फिंगरप्रिंट आणि फेसलॉक उपयोगी टेक्निक आहे
/root/f5-tts-marathi/datasets/syspin_marathi_female/extracted/IISc_SYSPIN_Data/IISc_SYSPINProject_Marathi_Female_Spk001_HC/wav/IISc_SYSPINProject_mr_f_FINA_02977.wav|शॉर्ट टर्म केपिटल गेन्स किंवा लांग टर्म केपिटल गेन्सच्या आधारे हा कर भरावा लागतो.
/root/f5-tts-marathi/datasets/syspin_marathi_female/extracted/IISc_SYSPIN_Data/IISc_SYSPINProject_Marathi_Female_Spk001_HC/wav/IISc_SYSPINProject_mr_f_FINA_01818.wav|या भागाचा सर्वांगीण विकास करण्यासाठी जादा अनुदान देण्याची तरतूद सिद्धरामय्या यांनी केली आहे.
/root/f5-tts-marathi/datasets/syspin_marathi_female/extracted/IISc_SYSPIN_Data/IISc_SYSPINProject_Marathi_Female_Spk001_HC/wav/IISc_SYSPINProject_mr_f_BOOK_00119.wav|भारतात आलेल्या अनेक ब्रिटिश अधिकाऱ्यांनी भारतीय इतिहासासंबंधी लेखन केले.
/root/f5-tts-marathi/datasets/syspin_marathi_female/extracted/IISc_SYSPIN_Data/IISc_SYSPINProject_Marathi_Female_Spk001_HC/wav/IISc_SYSPINProject_mr_f_HEAL_01883.wav|कारण कुठलाही विषाणू साधारण 27सत्तावीस ते 45पंचेचाळीस डिग्री पेक्षा अधिक तापमानात जगत नाहीत
/root/f5-tts-marathi/datasets/syspin_marathi_female/extracted/IISc_SYSPIN_Data/IISc_SYSPINProject_Marathi_Female_Spk001_HC/wav/IISc_SYSPINProject_mr_f_AGRI_01301.wav|पीक म्हणून त्याची लागवड, निगा व नियोजन केल्यास राज्यातील बांबू व्यापाराचा आकडा सुमारे 5000पाच हजार कोटींपर्यंत वाढू शकतो.
/root/f5-tts-marathi/datasets/syspin_marathi_female/extracted/IISc_SYSPIN_Data/IISc_SYSPINProject_Marathi_Female_Spk001_HC/wav/IISc_SYSPINProject_mr_f_AGRI_03963.wav|ही खते सेंद्रिय शेतीसाठी उपयुक्त असून त्यामुळे रासायनिक खतांची बचत होऊन पर्यावरणाचे संवर्धन होते.
/root/f5-tts-marathi/datasets/syspin_marathi_female/extracted/IISc_SYSPIN_Data/IISc_SYSPINProject_Marathi_Female_Spk001_HC/wav/IISc_SYSPINProject_mr_f_GENE_01972.wav|एक काळ होता जेव्हा नमक हराम, आंखें, पत्थर के सनम या सारखे अनेक नावजलेले चित्रपट सिंगल स्क्रिनवर जोरदार चालत.
/root/f5-tts-marathi/datasets/syspin_marathi_female/extracted/IISc_SYSPIN_Data/IISc_SYSPINProject_Marathi_Female_Spk001_HC/wav/IISc_SYSPINProject_mr_f_EDUC_02223.wav|झुंज हा कथासंग्रह दर्यावर्दीच्या जीवनाशी निगडित असून दर्याच्या सान्निध्यातील वर्णन असो किंवा त्या घटना प्रसंगांचं वर्णन असो, लेखकाने ते यथोचित मांडल्याचे जाणवतात.
/root/f5-tts-marathi/datasets/syspin_marathi_female/extracted/IISc_SYSPIN_Data/IISc_SYSPINProject_Marathi_Female_Spk001_HC/wav/IISc_SYSPINProject_mr_f_AGRI_00512.wav|विदर्भाच्या वाट्याचे गोदावरीचे पाणी देतो पण कृष्णेवरील तेवढे जास्त पाणी वापरू द्या, असे महाराष्ट्र शासनाने आंध्रला सांगितल्याचे खंडेलवाल म्हणतात.
/root/f5-tts-marathi/datasets/syspin_marathi_female/extracted/IISc_SYSPIN_Data/IISc_SYSPINProject_Marathi_Female_Spk001_HC/wav/IISc_SYSPINProject_mr_f_WEAT_02503.wav|लोकपाल, लोकायुक्त आणि शेतमालाला हमीभावाच्या मागणीसाठी उपोषणाला बसलेल्या अण्णा हजारेंची तब्येत खालावली आहे.
/root/f5-tts-marathi/datasets/syspin_marathi_female/extracted/IISc_SYSPIN_Data/IISc_SYSPINProject_Marathi_Female_Spk001_HC/wav/IISc_SYSPINProject_mr_f_FINA_01102.wav|बहुतेक बंका सुरक्षेच्या भीतीने आणि अंध व्यक्ती कॉम्प्युटर हाताळू शकेल की नाही, या अविश्वासाने नेट बंकिंगची सोय अशा व्यक्तींना द्यायला नाकारतात.
/root/f5-tts-marathi/datasets/syspin_marathi_female/extracted/IISc_SYSPIN_Data/IISc_SYSPINProject_Marathi_Female_Spk001_HC/wav/IISc_SYSPINProject_mr_f_GENE_02857.wav|परंतु गेल्या चार दशकांत जग इतके पुढारले की अत्यंत सुशिक्षित उच्चभ्रू वर्गात दारू पिणे हे प्रतिष्ठेचे मानले जाऊ लागले.
/root/f5-tts-marathi/datasets/syspin_marathi_female/extracted/IISc_SYSPIN_Data/IISc_SYSPINProject_Marathi_Female_Spk001_HC/wav/IISc_SYSPINProject_mr_f_BOOK_02998.wav|या युद्धात इंग्रजांनी मंडाले हे शहर जिंकले.
/root/f5-tts-marathi/datasets/syspin_marathi_female/extracted/IISc_SYSPIN_Data/IISc_SYSPINProject_Marathi_Female_Spk001_HC/wav/IISc_SYSPINProject_mr_f_WEAT_03584.wav|काळ्या शर्टांच्या लाटाच्या लाटा रस्त्यांवर उसळल्या आणि शेवटी राजाने फेसिस्टांपुढे गुडघे टेकून सरकार स्थापनेसाठी बेनिटो मुसोलिनीला आमंत्रित केले.
/root/f5-tts-marathi/datasets/syspin_marathi_female/extracted/IISc_SYSPIN_Data/IISc_SYSPINProject_Marathi_Female_Spk001_HC/wav/IISc_SYSPINProject_mr_f_OTHE_02043.wav|संस्कृतातील ज्ञ जोडाक्षराचा उच्चार प्रत्येक भारतीय भाषेतील भाषक वेगवेगळा करतात.
/root/f5-tts-marathi/datasets/syspin_marathi_female/extracted/IISc_SYSPIN_Data/IISc_SYSPINProject_Marathi_Female_Spk001_HC/wav/IISc_SYSPINProject_mr_f_BOOK_04154.wav|प्रत्यक्षात मात्र या करारान्वये कोणत्याही राष्ट्राला सुरक्षा उपलब्ध करून देण्याची चारही राष्ट्रांपैकी एकाचीही कुवत नव्हती. ग्रेट ब्रिटन वगळता अन्य तीन राष्ट्रांच्या आर्थिक व तांत्रिक विकासाकडे लक्ष देण्यास अमेरिकेलाही वेळ नव्हता.
/root/f5-tts-marathi/datasets/syspin_marathi_female/extracted/IISc_SYSPIN_Data/IISc_SYSPINProject_Marathi_Female_Spk001_HC/wav/IISc_SYSPINProject_mr_f_OTHE_03991.wav|सोनाक्षी सिन्हाच्या रोलला 'बुलेट राजा'च्या तुलनेत इथे बराच वाव आहे, त्यामुळे तिला अक्टींग दाखवायची संधीही मिळालीये
/root/f5-tts-marathi/datasets/syspin_marathi_female/extracted/IISc_SYSPIN_Data/IISc_SYSPINProject_Marathi_Female_Spk001_HC/wav/IISc_SYSPINProject_mr_f_POLI_00805.wav|आमदार प्रणिती शिंदेंना मंत्रिपद नाही, सोलापुरात कांग्रेस नेते खर्गेंच्या पुतळ्याचे दहन.
/root/f5-tts-marathi/datasets/syspin_marathi_female/extracted/IISc_SYSPIN_Data/IISc_SYSPINProject_Marathi_Female_Spk001_HC/wav/IISc_SYSPINProject_mr_f_FINA_00036.wav|राष्ट्रीय बचत प्रमाणपत्र अर्थात एनएससी, रिकरिंग डिपॉझिट व मन्थली इन्कम या योजना आता बंकांतून उपलब्ध होतील.
/root/f5-tts-marathi/datasets/syspin_marathi_female/extracted/IISc_SYSPIN_Data/IISc_SYSPINProject_Marathi_Female_Spk001_HC/wav/IISc_SYSPINProject_mr_f_BOOK_04390.wav|सेंटर फॉर सायन्स अण्ड एन्व्हायरनमेंट संस्थेनेदिल्लीतील प्रदूषणाचा अभ्यास करून या प्रश्नाची तीव्रता जनतेसमोर मांडली.
/root/f5-tts-marathi/datasets/syspin_marathi_female/extracted/IISc_SYSPIN_Data/IISc_SYSPINProject_Marathi_Female_Spk001_HC/wav/IISc_SYSPINProject_mr_f_BOOK_03828.wav|या दोन लढाऊ राष्ट्रांची बाजू युरोपातील अनेक बड्या राष्ट्रांनी घेतली.
/root/f5-tts-marathi/datasets/syspin_marathi_female/extracted/IISc_SYSPIN_Data/IISc_SYSPINProject_Marathi_Female_Spk001_HC/wav/IISc_SYSPINProject_mr_f_BOOK_04018.wav|याच दरम्यान फ्रान्सने म्यानमारमधील 'अप्पर बर्मा' या भागाचा ताबा घेतला.
/root/f5-tts-marathi/datasets/syspin_marathi_female/extracted/IISc_SYSPIN_Data/IISc_SYSPINProject_Marathi_Female_Spk001_HC/wav/IISc_SYSPINProject_mr_f_FINA_03343.wav|रेपो रेट कपात होण्यापूर्वी कर्ज घेतलेल्या ग्राहकांचा फ्लोटिंग किंवा बदललेला व्याजदर कमी केला जात नाही.
/root/f5-tts-marathi/datasets/syspin_marathi_female/extracted/IISc_SYSPIN_Data/IISc_SYSPINProject_Marathi_Female_Spk001_HC/wav/IISc_SYSPINProject_mr_f_WEAT_03760.wav|रोहिणी, मृग नक्षत्र कोरडे गेल्यानंतर पावसाने काही प्रमाणात हजेरी लावल्याने शेतकऱ्यांनी खरिपाच्या पेरण्या केल्या.
/root/f5-tts-marathi/datasets/syspin_marathi_female/extracted/IISc_SYSPIN_Data/IISc_SYSPINProject_Marathi_Female_Spk001_HC/wav/IISc_SYSPINProject_mr_f_AGRI_01292.wav|शहराच्या मध्यवर्ती भागात काही आस्थापने व घरात पावसाचे पाणी शिरल्याने सर्वत्र धावपळ उडाली.
/root/f5-tts-marathi/datasets/syspin_marathi_female/extracted/IISc_SYSPIN_Data/IISc_SYSPINProject_Marathi_Female_Spk001_HC/wav/IISc_SYSPINProject_mr_f_OTHE_03461.wav|गानलुब्धा मृगनयना या कादंबरीत बाबांनी ग्वाल्हेर संस्थानाचा तोमर वंशीय राजा मानसिंग व त्याची प्रेयसी मृगनयना यांची प्रेमकथा रंगवली आहे.
/root/f5-tts-marathi/datasets/syspin_marathi_female/extracted/IISc_SYSPIN_Data/IISc_SYSPINProject_Marathi_Female_Spk001_HC/wav/IISc_SYSPINProject_mr_f_WEAT_00092.wav|उदय टेकाळे, विश्वस्त दलिचंद ओसवाल, अशोक जैन, ज्योती जैन, अनिल जैन, अतुल जैन, डॉक्टर सुभाष चौधरी, अथांग जैन, अभेद्य जैन आदींसह सहकारी उपस्थित होते.
/root/f5-tts-marathi/datasets/syspin_marathi_female/extracted/IISc_SYSPIN_Data/IISc_SYSPINProject_Marathi_Female_Spk001_HC/wav/IISc_SYSPINProject_mr_f_FINA_02320.wav|आणि जर प्रोड्युसरची एवढे पैसे खर्च करायची तयारी असेल तर मी काम करायला तयार आहे.
/root/f5-tts-marathi/datasets/syspin_marathi_female/extracted/IISc_SYSPIN_Data/IISc_SYSPINProject_Marathi_Female_Spk001_HC/wav/IISc_SYSPINProject_mr_f_WEAT_03453.wav|अनेक साधू, महाराजांनी हिमालयाच्या दुर्गम भागात जाऊन अनेक सिद्धींना वश केले होते.
/root/f5-tts-marathi/datasets/syspin_marathi_female/extracted/IISc_SYSPIN_Data/IISc_SYSPINProject_Marathi_Female_Spk001_HC/wav/IISc_SYSPINProject_mr_f_EDUC_00676.wav|आतापर्यंत भारतीय गोलंदाजीचा अभ्यास केला तर, इन स्विंग, आउट स्विंग आणि यॉर्करवर भर दिलेला दिसायचा.
/root/f5-tts-marathi/datasets/syspin_marathi_female/extracted/IISc_SYSPIN_Data/IISc_SYSPINProject_Marathi_Female_Spk001_HC/wav/IISc_SYSPINProject_mr_f_WEAT_02841.wav|'भारतीय बेट्समननी म्युच्युअल फंडांप्रमाणे डिस्क्लेमर द्यायला हवा. पास्ट परफॉर्मन्स डज नॉट गेरंटी फ्यूचर परफॉर्मन्स'.
/root/f5-tts-marathi/datasets/syspin_marathi_female/extracted/IISc_SYSPIN_Data/IISc_SYSPINProject_Marathi_Female_Spk001_HC/wav/IISc_SYSPINProject_mr_f_HEAL_03790.wav|विस्मरण, चिडचिडेपणा, अर्थहीन शब्द पुन:पुन्हा बोलणे, अस्वस्थता, व्यक्तिमत्त्वात बदल, एकाकी वाटणे, उदासिनता अशी लक्षणे व्यक्तीमध्ये आढळून येतात.
/root/f5-tts-marathi/datasets/syspin_marathi_female/extracted/IISc_SYSPIN_Data/IISc_SYSPINProject_Marathi_Female_Spk001_HC/wav/IISc_SYSPINProject_mr_f_BOOK_00979.wav|यामुळे ऐतिहासिक वास्तू जतन करणे,त्याची माहिती जमवणे आणि ती जगभर विविध माध्यमातून पोहचणे इत्यादी उपक्रम चालवले जातात.
/root/f5-tts-marathi/datasets/syspin_marathi_female/extracted/IISc_SYSPIN_Data/IISc_SYSPINProject_Marathi_Female_Spk001_HC/wav/IISc_SYSPINProject_mr_f_BOOK_01132.wav|अद्ययावतता राखण्यासाठी ठरावीक काळाने कोशांच्या सुधारित आवृत्त्या किंवा पुरवण्या काढाव्या लागतात.
/root/f5-tts-marathi/datasets/syspin_marathi_female/extracted/IISc_SYSPIN_Data/IISc_SYSPINProject_Marathi_Female_Spk001_HC/wav/IISc_SYSPINProject_mr_f_BOOK_05025.wav|हा बदल होत असताना बर्फ उष्णतेचे शोषण करतो. हे उष्णतेचे शोषण बर्फाचे पूर्णपणे द्रवात रूपांतर होईपर्यंत चालू राहते.
/root/f5-tts-marathi/datasets/syspin_marathi_female/extracted/IISc_SYSPIN_Data/IISc_SYSPINProject_Marathi_Female_Spk001_HC/wav/IISc_SYSPINProject_mr_f_OTHE_02855.wav|सावर्डे, चिकुर्डे, ऐतवडे बुद्रुक, कडेगाव, वांगी, आसद, देवराष्ट्रे, जत तालुक्यातील वाळेखिंडी परिसरात कडकडीत बंद होता
/root/f5-tts-marathi/datasets/syspin_marathi_female/extracted/IISc_SYSPIN_Data/IISc_SYSPINProject_Marathi_Female_Spk001_HC/wav/IISc_SYSPINProject_mr_f_EDUC_03176.wav|श्रीलंकेचा कर्णधार दिमुथ करूणारत्ने याने मलिंगाचे कौतुक करत सांगितले की, फलंदाजीत अंजेलो मेथ्युजने विजयाचा पाया रचला.
/root/f5-tts-marathi/datasets/syspin_marathi_female/extracted/IISc_SYSPIN_Data/IISc_SYSPINProject_Marathi_Female_Spk001_HC/wav/IISc_SYSPINProject_mr_f_BOOK_03376.wav|स्पेनमधील राजेशाहीच्या विरोधातील उदारमतवादी लोकांना रॉय यांचा पाठिंबा होता.
/root/f5-tts-marathi/datasets/syspin_marathi_female/extracted/IISc_SYSPIN_Data/IISc_SYSPINProject_Marathi_Female_Spk001_HC/wav/IISc_SYSPINProject_mr_f_POLI_00396.wav|आजकाल पायामध्ये सामान्य भाषेमध्ये ज्याला आपण स्लिपर्स म्हणतो, त्या घालण्याकडे लोकांचा कल वाढू लागला आहे.
/root/f5-tts-marathi/datasets/syspin_marathi_female/extracted/IISc_SYSPIN_Data/IISc_SYSPINProject_Marathi_Female_Spk001_HC/wav/IISc_SYSPINProject_mr_f_WEAT_03999.wav|यामुळे चव्हाण यांच्याकडे कांग्रेसच्या प्रदेशाध्यक्ष पदाची जबाबदारी येऊ शकते अशी शक्यता वर्तवली जात आहे.
/root/f5-tts-marathi/datasets/syspin_marathi_female/extracted/IISc_SYSPIN_Data/IISc_SYSPINProject_Marathi_Female_Spk001_HC/wav/IISc_SYSPINProject_mr_f_BOOK_04079.wav|यामुळे युद्ध संपल्यावर युरोपचे पुर्व आणि पश्चिम अस विभाजन घडून आले.
/root/f5-tts-marathi/datasets/syspin_marathi_female/extracted/IISc_SYSPIN_Data/IISc_SYSPINProject_Marathi_Female_Spk001_HC/wav/IISc_SYSPINProject_mr_f_BOOK_01271.wav|म्हणजे सूर्य व ग्रह यांधील अभिकेंद्री बल, जे ग्रहाच्या परिभ्रमणास कारणीभूत असते, ते त्यांच्यामधील अंतराच्या वर्गाच्या व्यस्त प्रमाणात असते.
/root/f5-tts-marathi/datasets/syspin_marathi_female/extracted/IISc_SYSPIN_Data/IISc_SYSPINProject_Marathi_Female_Spk001_HC/wav/IISc_SYSPINProject_mr_f_OTHE_02602.wav|फेडररच्या सन्मानार्थ स्वित्झर्लंडनं वीस फ्रेन्क किमतीचं चांदीचं नाणं बाजारात आणलं आहे
/root/f5-tts-marathi/datasets/syspin_marathi_female/extracted/IISc_SYSPIN_Data/IISc_SYSPINProject_Marathi_Female_Spk001_HC/wav/IISc_SYSPINProject_mr_f_GENE_01040.wav|पंधरा ओगस्ट, सव्हीस जानेवारी, एक मे, गांधी जयंती, लोकमान्य टिळक जयंती, बालदिन, शिक्षक दिन या दिवशी वर्गात सजावट केली जाई.
/root/f5-tts-marathi/datasets/syspin_marathi_female/extracted/IISc_SYSPIN_Data/IISc_SYSPINProject_Marathi_Female_Spk001_HC/wav/IISc_SYSPINProject_mr_f_FINA_02611.wav|एटीएम ट्रान्झेक्शन फेल झाल्यानंतर तुमच्या खात्यातून जे पैसे कापले जातात, बंक ते पैसे तुमच्या खात्यात पुन्हा जमा करते.
/root/f5-tts-marathi/datasets/syspin_marathi_female/extracted/IISc_SYSPIN_Data/IISc_SYSPINProject_Marathi_Female_Spk001_HC/wav/IISc_SYSPINProject_mr_f_FINA_03610.wav|ब्रेक्झिट येईल तेव्हा अनेक युरोपियन बंका लंडनमधून आपले बस्तान हलवतील.
/root/f5-tts-marathi/datasets/syspin_marathi_female/extracted/IISc_SYSPIN_Data/IISc_SYSPINProject_Marathi_Female_Spk001_HC/wav/IISc_SYSPINProject_mr_f_AGRI_01652.wav|तुझ्या गावच्या नदीवर आम्ही धरणं बांधली, गावचं व शेतीचं पाणी शहराला दिलं.
/root/f5-tts-marathi/datasets/syspin_marathi_female/extracted/IISc_SYSPIN_Data/IISc_SYSPINProject_Marathi_Female_Spk001_HC/wav/IISc_SYSPINProject_mr_f_BOOK_03961.wav|तो खरा असेल तर इंग्लंडने भारताला तात्काळ स्वातंत्र्य द्यावे अशी मागणी राष्ट्रीय सभेने केली.
/root/f5-tts-marathi/datasets/syspin_marathi_female/extracted/IISc_SYSPIN_Data/IISc_SYSPINProject_Marathi_Female_Spk001_HC/wav/IISc_SYSPINProject_mr_f_HEAL_00433.wav|पण तरीही दुसरा पर्याय नसल्याने डॉक्टर शर्मा व त्यांच्या टीमने ते आव्हान स्विकारले व खुशीवर शस्त्रक्रिया करुन तिच्या हृदयात पेसमेकर बसवले.
/root/f5-tts-marathi/datasets/syspin_marathi_female/extracted/IISc_SYSPIN_Data/IISc_SYSPINProject_Marathi_Female_Spk001_HC/wav/IISc_SYSPINProject_mr_f_BOOK_02292.wav|तंत्रज्ञानावर आधारित उद्योग वाढत असले, तरी परंपरागत उद्योग महत्त्वाचे आहेत.
/root/f5-tts-marathi/datasets/syspin_marathi_female/extracted/IISc_SYSPIN_Data/IISc_SYSPINProject_Marathi_Female_Spk001_HC/wav/IISc_SYSPINProject_mr_f_EDUC_01293.wav|या उघडकीस आलेल्या सेक्स स्कंडलमुळे गुरूवारी दिवसभर शहरात एकच चर्चा सुरू होती.
/root/f5-tts-marathi/datasets/syspin_marathi_female/extracted/IISc_SYSPIN_Data/IISc_SYSPINProject_Marathi_Female_Spk001_HC/wav/IISc_SYSPINProject_mr_f_BOOK_03613.wav|बिपिनचंद्र पाल यांना कारावासाची शिक्षा ठोठावली तर लाला लजपतराय यांना हद्दपार केले.
/root/f5-tts-marathi/datasets/syspin_marathi_female/extracted/IISc_SYSPIN_Data/IISc_SYSPINProject_Marathi_Female_Spk001_HC/wav/IISc_SYSPINProject_mr_f_OTHE_02431.wav|यावेळी दोघींनीही खराब चेंडूंचा खरपूस समाचार घेताना अनावश्यक फटके मारणे टाळले.
/root/f5-tts-marathi/datasets/syspin_marathi_female/extracted/IISc_SYSPIN_Data/IISc_SYSPINProject_Marathi_Female_Spk001_HC/wav/IISc_SYSPINProject_mr_f_AGRI_00079.wav|सोयाबीन खरेदीच्या प्रश्नावर सरकार शेतकऱ्यांना योग्य भाव देण्यासाठी प्रयत्न करीत असून प्रति हेक्टर पंधरा क्विंटल सोयाबीन स्विकारण्यात येणार असल्याचे सदाभाऊ खोत म्हणाले.
/root/f5-tts-marathi/datasets/syspin_marathi_female/extracted/IISc_SYSPIN_Data/IISc_SYSPINProject_Marathi_Female_Spk001_HC/wav/IISc_SYSPINProject_mr_f_OTHE_02209.wav|त्यात, त्याक्षणी उपस्थित असण्यातला योगायोग आणि मग कौशल्य या दोहोंचा अजब मिलाफ असतो आणि म्हणूनच अशी चित्रे पाहायला अधिक मजा येते.
/root/f5-tts-marathi/datasets/syspin_marathi_female/extracted/IISc_SYSPIN_Data/IISc_SYSPINProject_Marathi_Female_Spk001_HC/wav/IISc_SYSPINProject_mr_f_POLI_00439.wav|व्याजदरात सूट ते कर्जाची उपलब्धी या मुद्द्यांकडे तरुण वर्गाचे लक्ष लागून आहे.
/root/f5-tts-marathi/datasets/syspin_marathi_female/extracted/IISc_SYSPIN_Data/IISc_SYSPINProject_Marathi_Female_Spk001_HC/wav/IISc_SYSPINProject_mr_f_BOOK_00755.wav|मानवाच्या प्रारंभीच्या काळात विविध प्रकारचे खेळ खेळले जात.
/root/f5-tts-marathi/datasets/syspin_marathi_female/extracted/IISc_SYSPIN_Data/IISc_SYSPINProject_Marathi_Female_Spk001_HC/wav/IISc_SYSPINProject_mr_f_BOOK_01471.wav|सामाजिक न्याय आणि समतेवर आधारलेला एक प्रागतिक विकसित समाज निर्माण करण्यासाठीचे एक साधन म्हणून भारताच्या संविधानाकडे पाहिले जाते.
/root/f5-tts-marathi/datasets/syspin_marathi_female/extracted/IISc_SYSPIN_Data/IISc_SYSPINProject_Marathi_Female_Spk001_HC/wav/IISc_SYSPINProject_mr_f_BOOK_01825.wav|लोकशाहीमध्ये चळवळींना फार महत्त्व असते.
/root/f5-tts-marathi/datasets/syspin_marathi_female/extracted/IISc_SYSPIN_Data/IISc_SYSPINProject_Marathi_Female_Spk001_HC/wav/IISc_SYSPINProject_mr_f_HEAL_04224.wav|शरीरातील ओक्सिजनचे प्रमाण कमी होते, तसेच अनेक वेळा रक्तदाबाचे प्रमाण देखील कमी होते.
/root/f5-tts-marathi/datasets/syspin_marathi_female/extracted/IISc_SYSPIN_Data/IISc_SYSPINProject_Marathi_Female_Spk001_HC/wav/IISc_SYSPINProject_mr_f_EDUC_00401.wav|"परवा एका मित्राशी बोलताना त्याने कधी ""इग्नोबल पुरस्कार वितरण सोहळ्यास गेला आहेस का?"" असे विचारले, आणि उत्सुकता चाळवली, की इग्नोबल पुरस्कार हा काय प्रकार असतो?"
/root/f5-tts-marathi/datasets/syspin_marathi_female/extracted/IISc_SYSPIN_Data/IISc_SYSPINProject_Marathi_Female_Spk001_HC/wav/IISc_SYSPINProject_mr_f_EDUC_00417.wav|क्रायमिया मिलिटरी डॉल्फिन केंद्रात वेगवेगळी कामे करण्याचे प्रशिक्षण डॉल्फिनना दिले जाते.
/root/f5-tts-marathi/datasets/syspin_marathi_female/extracted/IISc_SYSPIN_Data/IISc_SYSPINProject_Marathi_Female_Spk001_HC/wav/IISc_SYSPINProject_mr_f_WEAT_00379.wav|थोडक्यात भुलवणाऱ्या स्वप्नासारखे कठीण दिवस होते परंतु निराश मनावर फुंकर घालून कामालाही तेच जुंपत होते.
/root/f5-tts-marathi/datasets/syspin_marathi_female/extracted/IISc_SYSPIN_Data/IISc_SYSPINProject_Marathi_Female_Spk001_HC/wav/IISc_SYSPINProject_mr_f_OTHE_01673.wav|पहिल्यांदा मी इग्नोर केलं आणि दुसऱ्या वेळी जो मेसेज आला तो पाहून मी कथा अर्ध्यावर सोडून त्या मेसेजला रिप्लाय केला.
/root/f5-tts-marathi/datasets/syspin_marathi_female/extracted/IISc_SYSPIN_Data/IISc_SYSPINProject_Marathi_Female_Spk001_HC/wav/IISc_SYSPINProject_mr_f_POLI_02731.wav|अल्मोराचे विशेष जिल्हा न्यायाधीश अजय अरोरा हे पुलावरून पाय घसरून मंदाकिनी नदीमध्ये पडले असून शोधकार्य सुरु आहे.
/root/f5-tts-marathi/datasets/syspin_marathi_female/extracted/IISc_SYSPIN_Data/IISc_SYSPINProject_Marathi_Female_Spk001_HC/wav/IISc_SYSPINProject_mr_f_OTHE_00025.wav|ज्येष्ठा गौरीचे व्रत केल्याने श्री गणेशासह रिद्धी आणि सिद्धी यांचे कृपाशीर्वाद लाभून ऐहिकदृष्ट्या भरभराट होते अन् आध्यात्मिक क्षेत्रात विविध सिद्धींची प्राप्ती होते.
/root/f5-tts-marathi/datasets/syspin_marathi_female/extracted/IISc_SYSPIN_Data/IISc_SYSPINProject_Marathi_Female_Spk001_HC/wav/IISc_SYSPINProject_mr_f_AGRI_02078.wav|नेचर मेगझिनच्या लेखात राजा लॉकी लिहितात की, झाडांच्या अभावी जमीन तापेल आणि कोरडी होईल, ज्यामुळे सुकलेलं लाकूड पेटून जंगलात मोठ्या आगी लागतील.
/root/f5-tts-marathi/datasets/syspin_marathi_female/extracted/IISc_SYSPIN_Data/IISc_SYSPINProject_Marathi_Female_Spk001_HC/wav/IISc_SYSPINProject_mr_f_BOOK_03978.wav|पुढील पाठात आपण आशिया आणि आफ्रिका खंडातील निर्वसाहतीकरणाची माहिती घेणार आहोत.
/root/f5-tts-marathi/datasets/syspin_marathi_female/extracted/IISc_SYSPIN_Data/IISc_SYSPINProject_Marathi_Female_Spk001_HC/wav/IISc_SYSPINProject_mr_f_POLI_03048.wav|म्हणूनच उस्मानाबाद येथील प्रचार सभेत शरद पवारांनी मोदींना प्रत्युत्तर देतांना, आमची कळ काढाल तर माफी नाही, असा अप्रत्यक्ष इशाराच मोदींना दिला होता
/root/f5-tts-marathi/datasets/syspin_marathi_female/extracted/IISc_SYSPIN_Data/IISc_SYSPINProject_Marathi_Female_Spk001_HC/wav/IISc_SYSPINProject_mr_f_POLI_00010.wav|कांबळे, बाबूराव डोंगळे, ज्ञानदेव डोंगळे, एम आर पाटील, सम्राट डोंगळे, आनंदा डोंगळे, गणपती डोंगळे, भीमराव डोंगळे, कृष्णा डोंगळे आदींसह ग्रामस्थ उपस्थित होते.
/root/f5-tts-marathi/datasets/syspin_marathi_female/extracted/IISc_SYSPIN_Data/IISc_SYSPINProject_Marathi_Female_Spk001_HC/wav/IISc_SYSPINProject_mr_f_EDUC_02237.wav|घटनास्थळी उपाधीक्षक दयानंद पवार, सीपीआय मुत्ताण्णा सरवगोळ, सहायक निरीक्षक एम जी निलाके, हवालदार रमेश पन्नूर यांनी पाहणी केली.
/root/f5-tts-marathi/datasets/syspin_marathi_female/extracted/IISc_SYSPIN_Data/IISc_SYSPINProject_Marathi_Female_Spk001_HC/wav/IISc_SYSPINProject_mr_f_BOOK_05664.wav|ज्यामध्ये विशिष्ट कार्यांसाठी अनेक अवयव एकमेकांना जोडून अवयव संस्था तयार झालेली असते. उदाहरणार्थ, मानव, बेडूक, खेकडा इत्यादि.
/root/f5-tts-marathi/datasets/syspin_marathi_female/extracted/IISc_SYSPIN_Data/IISc_SYSPINProject_Marathi_Female_Spk001_HC/wav/IISc_SYSPINProject_mr_f_HEAL_04369.wav|रासायनिक चिकित्सेकरिता शारीरिक स्थिती तपासण्याकरिता यकृत आणि हृदय यांची चाचणी केली जाते. तसेच दंतवैद्याकडून देखील रुग्णाची तपासणी करण्यात येते.
/root/f5-tts-marathi/datasets/syspin_marathi_female/extracted/IISc_SYSPIN_Data/IISc_SYSPINProject_Marathi_Female_Spk001_HC/wav/IISc_SYSPINProject_mr_f_HEAL_03131.wav|प्रोस्टेट कर्करोगाचे निदान करताना रक्ताची तपासणी करून यात स्पेशिफीक एंटीजन मात्रा अधिक आहे का, हे पाहिले जाते
/root/f5-tts-marathi/datasets/syspin_marathi_female/extracted/IISc_SYSPIN_Data/IISc_SYSPINProject_Marathi_Female_Spk001_HC/wav/IISc_SYSPINProject_mr_f_HEAL_03679.wav|ज्या रुग्णांत खडे झालेले आहेत त्यांचा भावी त्रास वेदना कमी होण्यासाठी आहारातील मेदांचे प्रमाण मर्यादित ठेवणे आणि नियमित व्यायाम करणे फायद्याचे ठरते
/root/f5-tts-marathi/datasets/syspin_marathi_female/extracted/IISc_SYSPIN_Data/IISc_SYSPINProject_Marathi_Female_Spk001_HC/wav/IISc_SYSPINProject_mr_f_AGRI_03623.wav|उलट्यांच्या त्रासापासून बचाव म्हणून एक कप कोमट पाण्यामध्ये लहान चमचा जिर्याची पूड घालून हे पाणी प्यावे.
/root/f5-tts-marathi/datasets/syspin_marathi_female/extracted/IISc_SYSPIN_Data/IISc_SYSPINProject_Marathi_Female_Spk001_HC/wav/IISc_SYSPINProject_mr_f_POLI_01181.wav|मात्र आता बॉलिवूडच्या आघाडीच्या तारकांनी राखीची जागा घेतल्याने सध्या राखी चांगलीच गुश्शात आहे.
/root/f5-tts-marathi/datasets/syspin_marathi_female/extracted/IISc_SYSPIN_Data/IISc_SYSPINProject_Marathi_Female_Spk001_HC/wav/IISc_SYSPINProject_mr_f_WEAT_04015.wav|जे जास्त हेल्थ कॉन्शीअस आहेत अशांसाठी हेल्दी डिलाइट्स ही तिसरी रेंज आहे.
/root/f5-tts-marathi/datasets/syspin_marathi_female/extracted/IISc_SYSPIN_Data/IISc_SYSPINProject_Marathi_Female_Spk001_HC/wav/IISc_SYSPINProject_mr_f_POLI_02361.wav|यावेळी क्रीकेट,व्हॉलीबॉल, थ्रोबॉल, बेडमिंटन, टेबल टेनिस, बुध्दीबळ, केरम आदी स्पर्धा झाल्या
/root/f5-tts-marathi/datasets/syspin_marathi_female/extracted/IISc_SYSPIN_Data/IISc_SYSPINProject_Marathi_Female_Spk001_HC/wav/IISc_SYSPINProject_mr_f_BOOK_00176.wav|प्रत्येक सामाजिक घटनेचा सर्वसामान्य लोकांवर काय परिणाम होतो याचे विश्लेषण करणे हे मार्क्सवादी इतिहासलेखनाचे महत्त्वाचे सूत्र होते.
/root/f5-tts-marathi/datasets/syspin_marathi_female/extracted/IISc_SYSPIN_Data/IISc_SYSPINProject_Marathi_Female_Spk001_HC/wav/IISc_SYSPINProject_mr_f_OTHE_03805.wav|शुद्ध आचार, सर्वाभूती परमेश्वर, सर्वाविषयी प्रेम, नामस्मरण, योग, ध्यान, निस्वार्थी आचरण यातूनच आत्मोन्नत्ती आणि मुक्तीची वाट शोधता येते, हे दत्त संप्रदायाचे मत आहे
/root/f5-tts-marathi/datasets/syspin_marathi_female/extracted/IISc_SYSPIN_Data/IISc_SYSPINProject_Marathi_Female_Spk001_HC/wav/IISc_SYSPINProject_mr_f_BOOK_00457.wav|सर्व कलाक्षेत्रातील कलाकारांचा तो प्राथमिक हेतू असतो.
/root/f5-tts-marathi/datasets/syspin_marathi_female/extracted/IISc_SYSPIN_Data/IISc_SYSPINProject_Marathi_Female_Spk001_HC/wav/IISc_SYSPINProject_mr_f_WEAT_00583.wav|प्रशासनाने फक्त दिवसाचा कर्फ्यू मागे घेतला मात्र रात्री कर्फ्यू सुरुच राहणार आहे.
/root/f5-tts-marathi/datasets/syspin_marathi_female/extracted/IISc_SYSPIN_Data/IISc_SYSPINProject_Marathi_Female_Spk001_HC/wav/IISc_SYSPINProject_mr_f_OTHE_02437.wav|आपल्या आक्षेपार्ह विधानामुळं वादाच्या भोवऱ्यात अडकल्याने सोनी चेनलने त्यांना शोमधून काढून टाकलं होतं.
/root/f5-tts-marathi/datasets/syspin_marathi_female/extracted/IISc_SYSPIN_Data/IISc_SYSPINProject_Marathi_Female_Spk001_HC/wav/IISc_SYSPINProject_mr_f_POLI_02364.wav|यावेळी समिती सदस्य आमदार राजेश काशीवार, रमेश बुंदिले, सकल मराठा समाजचे दिलीप देसाई, इंद्रजित सांवत आदी उपस्थित होते
/root/f5-tts-marathi/datasets/syspin_marathi_female/extracted/IISc_SYSPIN_Data/IISc_SYSPINProject_Marathi_Female_Spk001_HC/wav/IISc_SYSPINProject_mr_f_BOOK_01616.wav|काही आव्हानांचा येथे उल्लेख केला आहे.
/root/f5-tts-marathi/datasets/syspin_marathi_female/extracted/IISc_SYSPIN_Data/IISc_SYSPINProject_Marathi_Female_Spk001_HC/wav/IISc_SYSPINProject_mr_f_FINA_01877.wav|असं तगडं भांडवल असल्यामुळे या कंपन्या हातचं न राखता खर्च करायच्या.
/root/f5-tts-marathi/datasets/syspin_marathi_female/extracted/IISc_SYSPIN_Data/IISc_SYSPINProject_Marathi_Female_Spk001_HC/wav/IISc_SYSPINProject_mr_f_BOOK_05627.wav|या पद्धतीत लोखंड किंवा पोलादाचे क्षरण रोखण्यासाठी त्यावर जस्ताचा पातळ थर देण्यात येतो.
/root/f5-tts-marathi/datasets/syspin_marathi_female/extracted/IISc_SYSPIN_Data/IISc_SYSPINProject_Marathi_Female_Spk001_HC/wav/IISc_SYSPINProject_mr_f_AGRI_02711.wav|केशरी रंगाची फुले किंवा डाळिंबे झाडाला लगडली की बागेची शोभा नक्कीच वाढते.
/root/f5-tts-marathi/datasets/syspin_marathi_female/extracted/IISc_SYSPIN_Data/IISc_SYSPINProject_Marathi_Female_Spk001_HC/wav/IISc_SYSPINProject_mr_f_FINA_02408.wav|पेंशन संदर्भात सातव्या वेतन आयोगात स्लेब बेस्ड प्रणालीचा वापर करण्यात यावा अशा सूचना करण्यात आल्या होत्या.
/root/f5-tts-marathi/datasets/syspin_marathi_female/extracted/IISc_SYSPIN_Data/IISc_SYSPINProject_Marathi_Female_Spk001_HC/wav/IISc_SYSPINProject_mr_f_BOOK_01312.wav|कोणत्याही वस्तूचे वस्तुमान म्हणजे त्यामध्ये असलेल्या द्रव्यसंचयाचे मापन होय.
/root/f5-tts-marathi/datasets/syspin_marathi_female/extracted/IISc_SYSPIN_Data/IISc_SYSPINProject_Marathi_Female_Spk001_HC/wav/IISc_SYSPINProject_mr_f_AGRI_03491.wav|देवघरात सुकलेली फुले ठेवू नयेत यामुळे अस्वच्छता आणि वास्तुदोष वाढतात. यामुळे सकाळी अर्पण केलेली फुले रात्री काढून टाकावीत.
/root/f5-tts-marathi/datasets/syspin_marathi_female/extracted/IISc_SYSPIN_Data/IISc_SYSPINProject_Marathi_Female_Spk001_HC/wav/IISc_SYSPINProject_mr_f_AGRI_00655.wav|बारामतीच्या जिरायती भागातील काही शेतकरी कांदा विकण्यापेक्षा आणि फेकण्यापेक्षा तो कांदा शेतातच टाकून जैविक खत म्हणून वापर करीत आहेत.
/root/f5-tts-marathi/datasets/syspin_marathi_female/extracted/IISc_SYSPIN_Data/IISc_SYSPINProject_Marathi_Female_Spk001_HC/wav/IISc_SYSPINProject_mr_f_OTHE_03351.wav|रामदेव बाबा सारख्या एका योगी पुरुषाने शेतकऱ्याच्या सहाय्याने केमिकल रहीत साबण, शंपु वैगेरे बनवले आहेत.
/root/f5-tts-marathi/datasets/syspin_marathi_female/extracted/IISc_SYSPIN_Data/IISc_SYSPINProject_Marathi_Female_Spk001_HC/wav/IISc_SYSPINProject_mr_f_HEAL_00757.wav|दानशूर हात आणि मृदू हृदय हीच माणसाची सर्वात मोठी श्रीमंती असल्याचेही त्या म्हणाल्या
/root/f5-tts-marathi/datasets/syspin_marathi_female/extracted/IISc_SYSPIN_Data/IISc_SYSPINProject_Marathi_Female_Spk001_HC/wav/IISc_SYSPINProject_mr_f_BOOK_04803.wav|मूलद्रव्यांच्या रासायनिक संयोगाने संयुगे कशी तयार होतात हे आपण मागील इयत्तांमध्ये पाहिले.
/root/f5-tts-marathi/datasets/syspin_marathi_female/extracted/IISc_SYSPIN_Data/IISc_SYSPINProject_Marathi_Female_Spk001_HC/wav/IISc_SYSPINProject_mr_f_WEAT_02234.wav|'ये जहानत भी कितनी भारी है, इश्क की रात कारोबारी है'सारखी दमदार शायरी लिहून नुसरत यांनी शायरांच्या जगात स्थान मिळवले होते.
/root/f5-tts-marathi/datasets/syspin_marathi_female/extracted/IISc_SYSPIN_Data/IISc_SYSPINProject_Marathi_Female_Spk001_HC/wav/IISc_SYSPINProject_mr_f_WEAT_01780.wav|नागपूर एसीबी कार्यालयाच्या अधिक्षक रश्मी नांदेडकर यांनी उच्च न्यायालयाच्या नागपूर खंडपीठात सादर केले आहे.
/root/f5-tts-marathi/datasets/syspin_marathi_female/extracted/IISc_SYSPIN_Data/IISc_SYSPINProject_Marathi_Female_Spk001_HC/wav/IISc_SYSPINProject_mr_f_BOOK_05651.wav|विज्ञानातील प्रगतीनुरूप पुढे संदर्भ बदलत गेले व त्यानुसार वर्गीकरणाचे मुद्देसुद्धा बदलले.
/root/f5-tts-marathi/datasets/syspin_marathi_female/extracted/IISc_SYSPIN_Data/IISc_SYSPINProject_Marathi_Female_Spk001_HC/wav/IISc_SYSPINProject_mr_f_GENE_01059.wav|या चाहत्याने रोनाल्डोच्या दिशेने धाव घेतली, जो दुसऱ्या दिशेला पाहत होता आणि त्याने त्याची मान पकडली आणि फुटबॉल स्टारसह सेल्फी क्लिक करण्याचा प्रयत्न केला.
/root/f5-tts-marathi/datasets/syspin_marathi_female/extracted/IISc_SYSPIN_Data/IISc_SYSPINProject_Marathi_Female_Spk001_HC/wav/IISc_SYSPINProject_mr_f_FINA_01646.wav|आर्थिक आघाडीवर घेण्यात आलेले वेगवेगळे निर्णय आणि सुधारणा यामुळे पुढील आर्थिक वर्षात भारताची अर्थव्यवस्था 75पंचाहत्तर टक्क्याने प्रगती करेल.
/root/f5-tts-marathi/datasets/syspin_marathi_female/extracted/IISc_SYSPIN_Data/IISc_SYSPINProject_Marathi_Female_Spk001_HC/wav/IISc_SYSPINProject_mr_f_EDUC_02259.wav|विज्ञानानं करुणेच्या चरणांशी नत व्हायला हवं कारण करुणा हा सामाजिक व सामूहिक उत्थानाचा शांतिमार्ग आहे
/root/f5-tts-marathi/datasets/syspin_marathi_female/extracted/IISc_SYSPIN_Data/IISc_SYSPINProject_Marathi_Female_Spk001_HC/wav/IISc_SYSPINProject_mr_f_AGRI_02042.wav|त्याचप्रमाणे तेथील विभागात सकाळचे पाणीही कित्येक रहिवाशी वाया घालवतात.
/root/f5-tts-marathi/datasets/syspin_marathi_female/extracted/IISc_SYSPIN_Data/IISc_SYSPINProject_Marathi_Female_Spk001_HC/wav/IISc_SYSPINProject_mr_f_WEAT_00738.wav|त्यापूर्वी नववे रंकिंग असलेल्या भारताने 27सत्तावीसावे रंकिंग असलेल्या चीनला फारशा संधी दिल्या नाहीत.
/root/f5-tts-marathi/datasets/syspin_marathi_female/extracted/IISc_SYSPIN_Data/IISc_SYSPINProject_Marathi_Female_Spk001_HC/wav/IISc_SYSPINProject_mr_f_GENE_00809.wav|मल्लविद्या, तसेच क्रीडा व चित्रपट क्षेत्रातील सोनेरी कारकीर्दही शाहूंच्या काळातच घडली.
/root/f5-tts-marathi/datasets/syspin_marathi_female/extracted/IISc_SYSPIN_Data/IISc_SYSPINProject_Marathi_Female_Spk001_HC/wav/IISc_SYSPINProject_mr_f_POLI_00498.wav|कांग्रेसचे खासदार शशी थरूर यांच्याकडून हिंदूंना हिंसक दाखवण्याचा अश्लाघ्य प्रयत्न केला आहे
/root/f5-tts-marathi/datasets/syspin_marathi_female/extracted/IISc_SYSPIN_Data/IISc_SYSPINProject_Marathi_Female_Spk001_HC/wav/IISc_SYSPINProject_mr_f_POLI_01020.wav|"""दरम्यान, हे विधेयक ग्राहकाला अमेरिकेत बसलेल्या कस्टमर सर्विस एजंटला फोन ट्रांसफर करण्याचा अधिकार देते."""
/root/f5-tts-marathi/datasets/syspin_marathi_female/extracted/IISc_SYSPIN_Data/IISc_SYSPINProject_Marathi_Female_Spk001_HC/wav/IISc_SYSPINProject_mr_f_BOOK_05744.wav|मानवनिर्मित रसायनांचा नाश करण्याची क्षमता सूक्ष्मजीवांत नैसर्गिकरित्याच आढळते. या क्षमतेचा वापर करून हायड्रोकार्बन्स व इतर रसायनांचे रूपांतरण केले जाते.
/root/f5-tts-marathi/datasets/syspin_marathi_female/extracted/IISc_SYSPIN_Data/IISc_SYSPINProject_Marathi_Female_Spk001_HC/wav/IISc_SYSPINProject_mr_f_OTHE_00984.wav|ट्विंकलने शेअर केलेल्या पोस्टमधील एका फोटोमध्ये ट्विंकलने हे झुमके घातलेले दिसत आहेत.
/root/f5-tts-marathi/datasets/syspin_marathi_female/extracted/IISc_SYSPIN_Data/IISc_SYSPINProject_Marathi_Female_Spk001_HC/wav/IISc_SYSPINProject_mr_f_WEAT_01774.wav|ज्योत्स्ना प्रकाशनची इतर अनेक पुस्तकही मुलांना आवडतील अशी आहेत.
/root/f5-tts-marathi/datasets/syspin_marathi_female/extracted/IISc_SYSPIN_Data/IISc_SYSPINProject_Marathi_Female_Spk001_HC/wav/IISc_SYSPINProject_mr_f_WEAT_02852.wav|आपली नुसतीच त्यांना सहानुभूती नाहीये तर या अन्यायाला वाचा फोडून गुन्हेगारांना जास्तीतजास्त शिक्षाही आपण द्यायलाच हवी.
/root/f5-tts-marathi/datasets/syspin_marathi_female/extracted/IISc_SYSPIN_Data/IISc_SYSPINProject_Marathi_Female_Spk001_HC/wav/IISc_SYSPINProject_mr_f_FINA_03297.wav|जनावराच्या चार्याचा व पिण्याच्या पाण्याचा प्रश्न कसा सोडवायचा व कामधंदा नाही त्यामुळे कर्ज करुन खर्च भागवावा लागत आहे.
/root/f5-tts-marathi/datasets/syspin_marathi_female/extracted/IISc_SYSPIN_Data/IISc_SYSPINProject_Marathi_Female_Spk001_HC/wav/IISc_SYSPINProject_mr_f_POLI_02887.wav|राज्यसभेची कांग्रेसकडे असलेली महाराष्ट्राच्या कोट्यातील एक जागा फेब्रुव्रारी अखेर रिक्त होत आहे.
/root/f5-tts-marathi/datasets/syspin_marathi_female/extracted/IISc_SYSPIN_Data/IISc_SYSPINProject_Marathi_Female_Spk001_HC/wav/IISc_SYSPINProject_mr_f_BOOK_03986.wav|यामुळे इंग्लंडला वास्तवाची जाणीव झाली.
/root/f5-tts-marathi/datasets/syspin_marathi_female/extracted/IISc_SYSPIN_Data/IISc_SYSPINProject_Marathi_Female_Spk001_HC/wav/IISc_SYSPINProject_mr_f_OTHE_02601.wav|त्या काळी विठ्ठलदास द्वारकादास मेहता, लाला दुनीचंद, माधवदास, गोकुळदास पास्ता, सर प्रेमचंद रायचंद, विष्णुपंत छत्रे यांसारखे संगीतप्रेमी धनिक कलावंतांचे चाहते होते
/root/f5-tts-marathi/datasets/syspin_marathi_female/extracted/IISc_SYSPIN_Data/IISc_SYSPINProject_Marathi_Female_Spk001_HC/wav/IISc_SYSPINProject_mr_f_BOOK_04371.wav|बदलत्या भारताचे प्रतिबिंब सामाजिक क्षेत्रातही उमटल्याचेदिसते.
/root/f5-tts-marathi/datasets/syspin_marathi_female/extracted/IISc_SYSPIN_Data/IISc_SYSPINProject_Marathi_Female_Spk001_HC/wav/IISc_SYSPINProject_mr_f_WEAT_04229.wav|कुल्ब्रेड अत्यंत सहज आणि पटकन शिजवलेले असू शकते कारण त्यात यीस्टचा वापर केला जात नाही.
/root/f5-tts-marathi/datasets/syspin_marathi_female/extracted/IISc_SYSPIN_Data/IISc_SYSPINProject_Marathi_Female_Spk001_HC/wav/IISc_SYSPINProject_mr_f_POLI_03187.wav|महाराष्ट्रात चालत्या रेल्वेतून खाली पडलेल्या जखमी प्रवाशांसाठी लोको पायलटने रेल्वे उलटी चालवल्याची घटना समोर आली आहे.
/root/f5-tts-marathi/datasets/syspin_marathi_female/extracted/IISc_SYSPIN_Data/IISc_SYSPINProject_Marathi_Female_Spk001_HC/wav/IISc_SYSPINProject_mr_f_AGRI_03569.wav|हे उद्दिष्ट मध उत्पादन, बांबू आणि मत्स्य व्यवसायाच्या माध्यमातून पूर्ण करण्यात येणार असल्याची माहिती केंद्रीय मंत्री नितीन गडकरी यांनी दिली.
/root/f5-tts-marathi/datasets/syspin_marathi_female/extracted/IISc_SYSPIN_Data/IISc_SYSPINProject_Marathi_Female_Spk001_HC/wav/IISc_SYSPINProject_mr_f_BOOK_05182.wav|त्याचबरोबर तेथील शेतीमधील चिखलात नाकतोडे यांचा भक्ष्य म्हणून उपयोग करण्याकरीता बेडकांची संख्यासुद्धा मोठ्या प्रमाणात असते आणि आवडते खाद्य म्हणून बेडकांच्या भक्षणासाठी सापही तेथे असतात.
/root/f5-tts-marathi/datasets/syspin_marathi_female/extracted/IISc_SYSPIN_Data/IISc_SYSPINProject_Marathi_Female_Spk001_HC/wav/IISc_SYSPINProject_mr_f_AGRI_04282.wav|पुणे जिल्ह्यातील सासवड, शिरुर, मराठवाड्यातील धारुर, नळदुर्ग, दौलताबाद, तसेच आंध्र प्रदेशातील बालाघाट ही गावे सीताफळासाठी प्रसिद्ध आहेत.
/root/f5-tts-marathi/datasets/syspin_marathi_female/extracted/IISc_SYSPIN_Data/IISc_SYSPINProject_Marathi_Female_Spk001_HC/wav/IISc_SYSPINProject_mr_f_BOOK_02274.wav|चहा, ऊस, कॉफी, कापूस, रबर, ताग इत्यादी नगदी पिकेही घेतली जातात. भारत हा विविध प्रकारची फळे, मसाल्याचे पदार्थ व भाजीपाला पिकवणारा देश आहे.
/root/f5-tts-marathi/datasets/syspin_marathi_female/extracted/IISc_SYSPIN_Data/IISc_SYSPINProject_Marathi_Female_Spk001_HC/wav/IISc_SYSPINProject_mr_f_GENE_01204.wav|किशोरची क्लासिक म्हटली जाणारी बहुतेक गाणी ही प्रथम देवानदंने पडद्यावर गायिली त्यानंतर काही प्रमाणात राजेश खन्नाने गायिली.
/root/f5-tts-marathi/datasets/syspin_marathi_female/extracted/IISc_SYSPIN_Data/IISc_SYSPINProject_Marathi_Female_Spk001_HC/wav/IISc_SYSPINProject_mr_f_BOOK_01991.wav|हा प्राकृतिक भाग क्षेत्रविस्ताराच्या दृष्टीने सर्वांत लहान असला, तरी तेथील उताराचे स्वरूप व त्याचा हवामानावर होणारा परिणाम यांमुळे तो स्वतंत्र विभाग मानला जातो.
/root/f5-tts-marathi/datasets/syspin_marathi_female/extracted/IISc_SYSPIN_Data/IISc_SYSPINProject_Marathi_Female_Spk001_HC/wav/IISc_SYSPINProject_mr_f_WEAT_01673.wav|"""चल, मी निघतेय"" डोळ्यांत लेन्स घालून झाल्यावर साराने त्याला हाक मारली."
/root/f5-tts-marathi/datasets/syspin_marathi_female/extracted/IISc_SYSPIN_Data/IISc_SYSPINProject_Marathi_Female_Spk001_HC/wav/IISc_SYSPINProject_mr_f_HEAL_04354.wav|बायॉप्सी चाचणीमध्ये रक्तवाहिनीत झालेले सूक्ष्म रचनात्मक बदल दिसून येतात.
/root/f5-tts-marathi/datasets/syspin_marathi_female/extracted/IISc_SYSPIN_Data/IISc_SYSPINProject_Marathi_Female_Spk001_HC/wav/IISc_SYSPINProject_mr_f_AGRI_02983.wav|या नव्या फुटींवर येणारी फुले आकाराने मोठी व संख्येने अधिक मिळतात.
/root/f5-tts-marathi/datasets/syspin_marathi_female/extracted/IISc_SYSPIN_Data/IISc_SYSPINProject_Marathi_Female_Spk001_HC/wav/IISc_SYSPINProject_mr_f_BOOK_04041.wav|आफ्रिकी ऐक्याचा विचार प्रथम एच.एस. विल्यम्स याने मांडला.
/root/f5-tts-marathi/datasets/syspin_marathi_female/extracted/IISc_SYSPIN_Data/IISc_SYSPINProject_Marathi_Female_Spk001_HC/wav/IISc_SYSPINProject_mr_f_BOOK_03040.wav|जॉर्ज टॉबमन गोल्डी याने इंग्लंडमध्ये 'युनायटेड आफ्रिकन कंपनी' स्थापन केली होती.
/root/f5-tts-marathi/datasets/syspin_marathi_female/extracted/IISc_SYSPIN_Data/IISc_SYSPINProject_Marathi_Female_Spk001_HC/wav/IISc_SYSPINProject_mr_f_EDUC_02065.wav|काही महिन्यांपूर्वी वैद्यकीय कारणांसाठी मुंबई उच्च न्यायालयानं पीटरला तात्पुरता जामीन मंजूर केला होता.
/root/f5-tts-marathi/datasets/syspin_marathi_female/extracted/IISc_SYSPIN_Data/IISc_SYSPINProject_Marathi_Female_Spk001_HC/wav/IISc_SYSPINProject_mr_f_HEAL_02133.wav|डाएटच्या बरोबरीने आहारात सोडीयमचे प्रमाण कमी केले तर रक्तदाब याहीपेक्षा कमी होऊ शकतो
/root/f5-tts-marathi/datasets/syspin_marathi_female/extracted/IISc_SYSPIN_Data/IISc_SYSPINProject_Marathi_Female_Spk001_HC/wav/IISc_SYSPINProject_mr_f_WEAT_02679.wav|गायक रुपाली मोघे आणि सागर फडके यांच्या आवाजातील तुफान गाजलेलं असं 'एन्जॉय करू' हे झिंग चढवणारं आयटम सांग थिरकायला लावणारं आहे.
/root/f5-tts-marathi/datasets/syspin_marathi_female/extracted/IISc_SYSPIN_Data/IISc_SYSPINProject_Marathi_Female_Spk001_HC/wav/IISc_SYSPINProject_mr_f_POLI_02505.wav|या व्हिडिओमध्ये महिला रिपोर्टर ओन एअर रिपोर्टिंग करत असतांना तिच्या खांद्यावर अचानक एक साप पडला आणि या सापाने माईकला दंश करण्याचा प्रयत्न केला.
/root/f5-tts-marathi/datasets/syspin_marathi_female/extracted/IISc_SYSPIN_Data/IISc_SYSPINProject_Marathi_Female_Spk001_HC/wav/IISc_SYSPINProject_mr_f_BOOK_05868.wav|क्लोनिंग म्हणजे एखादी पेशी किंवा अवयव किंवा संपूर्ण शरीराची हुबेहूब प्रतिकृती तयार करणे.
/root/f5-tts-marathi/datasets/syspin_marathi_female/extracted/IISc_SYSPIN_Data/IISc_SYSPINProject_Marathi_Female_Spk001_HC/wav/IISc_SYSPINProject_mr_f_GENE_02343.wav|या पदांच्या भरती प्रक्रियेत भ्रष्टाचार असून दक्षता खात्याने सदर प्रकाराची स्वेच्छा दखल घेऊन चौकशी करावी, अशी मागणीही त्यांनी केली.
/root/f5-tts-marathi/datasets/syspin_marathi_female/extracted/IISc_SYSPIN_Data/IISc_SYSPINProject_Marathi_Female_Spk001_HC/wav/IISc_SYSPINProject_mr_f_FINA_01815.wav|बाजारात कर्जाची मागणी वाढली तर बंका व वित्तसंस्था रिझर्व्ह बंकेकडून सरकारी ऋणपत्राच्या आधारे कर्ज घेतात.
/root/f5-tts-marathi/datasets/syspin_marathi_female/extracted/IISc_SYSPIN_Data/IISc_SYSPINProject_Marathi_Female_Spk001_HC/wav/IISc_SYSPINProject_mr_f_AGRI_03914.wav|उत्पादकता वाढविण्यासाठी वेळेवर लागवड, सुधारित वाणाचा वापर आणि किडी व रोगापासून संरक्षण या बाबींकडे शेतकऱ्यांनी काळजीपूर्वक लक्ष देणे आवश्यक असते.
/root/f5-tts-marathi/datasets/syspin_marathi_female/extracted/IISc_SYSPIN_Data/IISc_SYSPINProject_Marathi_Female_Spk001_HC/wav/IISc_SYSPINProject_mr_f_HEAL_02947.wav|एखाद्या लठ्ठ व्यक्तीला उच्च रक्तदाब आहे असं कळलं की आपोआप वजन कमी करायचा सल्ला मिळतो
/root/f5-tts-marathi/datasets/syspin_marathi_female/extracted/IISc_SYSPIN_Data/IISc_SYSPINProject_Marathi_Female_Spk001_HC/wav/IISc_SYSPINProject_mr_f_BOOK_00204.wav|त्यामध्ये शर्मिला रेगे यांचे लेखन महत्त्वाचे आहे.
/root/f5-tts-marathi/datasets/syspin_marathi_female/extracted/IISc_SYSPIN_Data/IISc_SYSPINProject_Marathi_Female_Spk001_HC/wav/IISc_SYSPINProject_mr_f_WEAT_03139.wav|नेस्टरने कालच्या प्रदर्शनात निलगिरी, लिली, टॉमी, बिशॉप, तोतापुरी, रत्ना, अस्टिन, माया, केंट, मल्लिका, सिंधु, आम्रपाली, निलम, आल्फोन्सो, पायरी, केसर व मानकुराद आंबे प्रदर्शनास मांडले होते.
/root/f5-tts-marathi/datasets/syspin_marathi_female/extracted/IISc_SYSPIN_Data/IISc_SYSPINProject_Marathi_Female_Spk001_HC/wav/IISc_SYSPINProject_mr_f_AGRI_00841.wav|शरीरातील पाण्याची पातळी कमी न होऊ देणे म्हणजे उन्हाळ्यात आपल्या शरीरातले पाणी उष्णतेमुळे कमी होते ते कमी होऊ न देणे. अर्थात भरपूर पाणी पिणे.
/root/f5-tts-marathi/datasets/syspin_marathi_female/extracted/IISc_SYSPIN_Data/IISc_SYSPINProject_Marathi_Female_Spk001_HC/wav/IISc_SYSPINProject_mr_f_OTHE_00667.wav|वाजणारे फोन, येणारे ईमेल्स, मेसेज आणि गप्पिष्ट सहकारी हे सर्व तुमच्या कामामध्ये येणारे बाह्य अडथळे आहेत.
/root/f5-tts-marathi/datasets/syspin_marathi_female/extracted/IISc_SYSPIN_Data/IISc_SYSPINProject_Marathi_Female_Spk001_HC/wav/IISc_SYSPINProject_mr_f_OTHE_02784.wav|सरनने दहा धावांच्या मोबदल्यात चार विकेट्स काढून झिम्बाब्वेच्या आघाडीच्या फळीचं कंबरडं मोडून क्रिकेटमध्ये आपलं पदार्पण साजरं केलं
/root/f5-tts-marathi/datasets/syspin_marathi_female/extracted/IISc_SYSPIN_Data/IISc_SYSPINProject_Marathi_Female_Spk001_HC/wav/IISc_SYSPINProject_mr_f_GENE_01940.wav|जकार्तामध्ये सुरू असलेल्या एशियन गेम्समध्ये भारतीय हॉकी संघाने हांगकांगचा पराभव केला.
/root/f5-tts-marathi/datasets/syspin_marathi_female/extracted/IISc_SYSPIN_Data/IISc_SYSPINProject_Marathi_Female_Spk001_HC/wav/IISc_SYSPINProject_mr_f_AGRI_03452.wav|ही खते जास्त प्रमाणात वापरली गेल्यास झाडे करपून जाण्याचा धोका उद्भवू शकतो.
/root/f5-tts-marathi/datasets/syspin_marathi_female/extracted/IISc_SYSPIN_Data/IISc_SYSPINProject_Marathi_Female_Spk001_HC/wav/IISc_SYSPINProject_mr_f_WEAT_00415.wav|एकीकडे सुंगने भेदक स्मेशेसवर भर दिला तर दुसरीकडे सिंधूने ड्रिबल गेमच्या बळावर सूंगवर मात केली.
/root/f5-tts-marathi/datasets/syspin_marathi_female/extracted/IISc_SYSPIN_Data/IISc_SYSPINProject_Marathi_Female_Spk001_HC/wav/IISc_SYSPINProject_mr_f_HEAL_00265.wav|आज ब्लड टेस्ट मध्ये नक्की गोवर आहे की स्कार्लेट फिव्हर आहे ते कळेल
/root/f5-tts-marathi/datasets/syspin_marathi_female/extracted/IISc_SYSPIN_Data/IISc_SYSPINProject_Marathi_Female_Spk001_HC/wav/IISc_SYSPINProject_mr_f_GENE_01567.wav|या काळाने संगीत नाटकाला, प्रेक्षकांना पर्यायाने पुढच्या पिढ्यांना जे काही दिलं ते एकंदर आत्ताच्या नाट्यसृष्टीचा भरभक्कम पाया आहे असं मला वाटतं.
/root/f5-tts-marathi/datasets/syspin_marathi_female/extracted/IISc_SYSPIN_Data/IISc_SYSPINProject_Marathi_Female_Spk001_HC/wav/IISc_SYSPINProject_mr_f_OTHE_02034.wav|पंकजा मुंडेंची नवी खेळी, विनायक मेटेंना शह देण्यासाठी राजेंद्र म्हस्केंना दिली भाजपमध्ये एंट्री!
/root/f5-tts-marathi/datasets/syspin_marathi_female/extracted/IISc_SYSPIN_Data/IISc_SYSPINProject_Marathi_Female_Spk001_HC/wav/IISc_SYSPINProject_mr_f_OTHE_03669.wav|मानाच्या मानल्या जाणाऱ्या फॉर्च्यून यादीतही ज्योती झळकल्या आहेत. हे त्यांच्यासाठी कौतुकास्पद आहे
/root/f5-tts-marathi/datasets/syspin_marathi_female/extracted/IISc_SYSPIN_Data/IISc_SYSPINProject_Marathi_Female_Spk001_HC/wav/IISc_SYSPINProject_mr_f_HEAL_04401.wav|रसायनोपचांरामुळे अनेक कर्कबाधित रुग्णांस हगवणीचा त्रास होतो.
/root/f5-tts-marathi/datasets/syspin_marathi_female/extracted/IISc_SYSPIN_Data/IISc_SYSPINProject_Marathi_Female_Spk001_HC/wav/IISc_SYSPINProject_mr_f_POLI_01651.wav|महत्त्वाच्या पाच विभागांसाठी पुढील क्रमांकावर मिस्ड कॉल देऊन मतदान करता येऊ शकणार आहे.
/root/f5-tts-marathi/datasets/syspin_marathi_female/extracted/IISc_SYSPIN_Data/IISc_SYSPINProject_Marathi_Female_Spk001_HC/wav/IISc_SYSPINProject_mr_f_GENE_03207.wav|दिल्ली व चेन्नई दरम्यान धावणाऱ्या तामिळनाडू एक्सप्रेस, चेन्नई राजधानी एक्सप्रेस, ग्रंड ट्रंक एक्सप्रेस इत्यादी गाड्या ह्याच मार्गाचा वापर करतात.
/root/f5-tts-marathi/datasets/syspin_marathi_female/extracted/IISc_SYSPIN_Data/IISc_SYSPINProject_Marathi_Female_Spk001_HC/wav/IISc_SYSPINProject_mr_f_BOOK_01286.wav|तसेच, आपण जेव्हा एखादा दगड क्षितिजलंब दिशेत सरळ वर फेकतो तेव्हा हे बल त्याला खाली खेचत असते व त्याचा वेग कमी करते. सतत प्रयुक्त होत असलेल्या या बलामुळे दगडाचा वेग काही काळाने शून्य होतो व त्याच बलामुळे दगड खाली, पृथ्वीच्या केंद्राकडे येऊ लागतो.
/root/f5-tts-marathi/datasets/syspin_marathi_female/extracted/IISc_SYSPIN_Data/IISc_SYSPINProject_Marathi_Female_Spk001_HC/wav/IISc_SYSPINProject_mr_f_BOOK_01976.wav|ब्राझीलमध्ये लांबवर पसरलेले व अतिउंच पर्वत नाहीत.
/root/f5-tts-marathi/datasets/syspin_marathi_female/extracted/IISc_SYSPIN_Data/IISc_SYSPINProject_Marathi_Female_Spk001_HC/wav/IISc_SYSPINProject_mr_f_OTHE_02065.wav|मेरेथॉनच्या सहभागाआधी केवळ एक महिना सर्व तयारी करीत ही मेरेथॉन जिंकली आहे.
/root/f5-tts-marathi/datasets/syspin_marathi_female/extracted/IISc_SYSPIN_Data/IISc_SYSPINProject_Marathi_Female_Spk001_HC/wav/IISc_SYSPINProject_mr_f_FINA_01712.wav|बेंकेतून कर्ज घेणे व सावकारी कर्ज, यातील फरक न कळल्याने सोप्या मार्गाने मिळणारे परंतु त्यांचे नुकसान करणारे कर्ज त्यांनी घेतले.
/root/f5-tts-marathi/datasets/syspin_marathi_female/extracted/IISc_SYSPIN_Data/IISc_SYSPINProject_Marathi_Female_Spk001_HC/wav/IISc_SYSPINProject_mr_f_BOOK_03574.wav|महाराष्ट्रात साताऱ्यात रंगो बापूजी गुप्ते यांनी उठाव घडवून आणण्याचा अयशस्वी प्रयत्न केला.
/root/f5-tts-marathi/datasets/syspin_marathi_female/extracted/IISc_SYSPIN_Data/IISc_SYSPINProject_Marathi_Female_Spk001_HC/wav/IISc_SYSPINProject_mr_f_BOOK_01245.wav|म्हणजेच त्याची दिशा अर्थात वेग सारखा बदलत असतो.
/root/f5-tts-marathi/datasets/syspin_marathi_female/extracted/IISc_SYSPIN_Data/IISc_SYSPINProject_Marathi_Female_Spk001_HC/wav/IISc_SYSPINProject_mr_f_GENE_01982.wav|युरोपियन खुल्या पुरूषांच्या टेनिस स्पर्धेत फ्रान्सच्या जेरेमी चार्डीने पुरूष एकेरीची दुसरी फेरी गाठताना आपल्याच देशाच्या पेरीचा पराभव केला.
/root/f5-tts-marathi/datasets/syspin_marathi_female/extracted/IISc_SYSPIN_Data/IISc_SYSPINProject_Marathi_Female_Spk001_HC/wav/IISc_SYSPINProject_mr_f_BOOK_03595.wav|याच काळात विशेषतः महाराष्ट्रात 'आधी राजकीय सुधारणा की सामाजिक सुधारणा' हा वाद सुरू झाला होता.
/root/f5-tts-marathi/datasets/syspin_marathi_female/extracted/IISc_SYSPIN_Data/IISc_SYSPINProject_Marathi_Female_Spk001_HC/wav/IISc_SYSPINProject_mr_f_WEAT_00794.wav|केव्हाही अवजड गाडी जाऊन त्या पुलाचा स्लेब मधोमध चिरला जाईल अशी अवस्था स्लेबची झाली आहे.
/root/f5-tts-marathi/datasets/syspin_marathi_female/extracted/IISc_SYSPIN_Data/IISc_SYSPINProject_Marathi_Female_Spk001_HC/wav/IISc_SYSPINProject_mr_f_AGRI_00402.wav|ठोंबरे यांनी आपल्या आठ एकर जमिनीवर एसआरटी पद्धतीने भात पीक लावले.
/root/f5-tts-marathi/datasets/syspin_marathi_female/extracted/IISc_SYSPIN_Data/IISc_SYSPINProject_Marathi_Female_Spk001_HC/wav/IISc_SYSPINProject_mr_f_OTHE_03519.wav|बारा भाषांमधे मौन पाळता येणाऱ्या आचार्य बाबा बर्व्यांच्या सान्निध्यात काही काळ गेल्यामुळे काही अगम्य भाषांमधल्या संभाषणाचा रोख कुठे असावा, हे मी ओळखू शकत होतो
/root/f5-tts-marathi/datasets/syspin_marathi_female/extracted/IISc_SYSPIN_Data/IISc_SYSPINProject_Marathi_Female_Spk001_HC/wav/IISc_SYSPINProject_mr_f_FINA_01930.wav|काळा पैसा आणि बोगस नोटांवर निर्बंध घालण्यासाठी रिझर्व्ह बंकेनं हा निर्णय घेतलाय.
/root/f5-tts-marathi/datasets/syspin_marathi_female/extracted/IISc_SYSPIN_Data/IISc_SYSPINProject_Marathi_Female_Spk001_HC/wav/IISc_SYSPINProject_mr_f_POLI_02822.wav|या योजनेच्या माध्यमातून देशातील लहान आणि सीमांत शेतकऱ्यांना तीन हप्त्यांत वार्षिक सहा हजार रूपयांचे थेट आर्थिक साहाय्य केले जाणार आहे.
/root/f5-tts-marathi/datasets/syspin_marathi_female/extracted/IISc_SYSPIN_Data/IISc_SYSPINProject_Marathi_Female_Spk001_HC/wav/IISc_SYSPINProject_mr_f_FINA_01416.wav|लग्नात 5पाच लाखाहून अधिक खर्च केल्यास 10दहा टक्के दंड भरावा लागणार.
/root/f5-tts-marathi/datasets/syspin_marathi_female/extracted/IISc_SYSPIN_Data/IISc_SYSPINProject_Marathi_Female_Spk001_HC/wav/IISc_SYSPINProject_mr_f_POLI_03421.wav|त्यामुळे आता रमेश पाटील, सुभाष भोईर, रमेश म्हात्रे, वंडार पाटील, शारदा पाटील अशी पंचरंगी लढत होणार आहे.
/root/f5-tts-marathi/datasets/syspin_marathi_female/extracted/IISc_SYSPIN_Data/IISc_SYSPINProject_Marathi_Female_Spk001_HC/wav/IISc_SYSPINProject_mr_f_OTHE_01898.wav|पीएफआय आणि सत्य सरणी दोघेही अधिकृत अन् अनधिकृत अशा दोन्ही मार्गाने पैसे गोळा करतात, असेही त्यांनी स्पष्ट केले.
/root/f5-tts-marathi/datasets/syspin_marathi_female/extracted/IISc_SYSPIN_Data/IISc_SYSPINProject_Marathi_Female_Spk001_HC/wav/IISc_SYSPINProject_mr_f_POLI_03344.wav|प्रदेशाध्यक्ष मधुकर पिचड यांच्या निवासस्थानी होणाऱ्या विधिमंडळ पक्षाच्या बैठकीपूर्वी सर्व आमदार बबनराव पाचपुते यांच्या घरी जमले आहेत.
/root/f5-tts-marathi/datasets/syspin_marathi_female/extracted/IISc_SYSPIN_Data/IISc_SYSPINProject_Marathi_Female_Spk001_HC/wav/IISc_SYSPINProject_mr_f_FINA_02162.wav|येत्या 4चार वर्षात डेबिट कार्ड व क्रेडिट कार्ड होणार कालबाह्य, असे भाकीत नीती आयोगाचे सीईओ अमिताभ कांत यांनी केलं आहे.
/root/f5-tts-marathi/datasets/syspin_marathi_female/extracted/IISc_SYSPIN_Data/IISc_SYSPINProject_Marathi_Female_Spk001_HC/wav/IISc_SYSPINProject_mr_f_BOOK_05147.wav|त्यामुळेच जातीची वैशिष्ट्ये टिकून राहतात. पण एका जातीपासून दुसरी नवीन जात निर्माण होण्यास जनुकीय बदल कारणीभूत असतो.
/root/f5-tts-marathi/datasets/syspin_marathi_female/extracted/IISc_SYSPIN_Data/IISc_SYSPINProject_Marathi_Female_Spk001_HC/wav/IISc_SYSPINProject_mr_f_AGRI_02196.wav|यंदा वर्तक कुटुंबियांनी बाप्पाच्या देखाव्याकरता बांबूपासून बनविलेल्या विविध आकाराच्या टोपल्या, सूप आणि चटयांचा वापर करून सुबक असा देखावा तयार केला आहे.
/root/f5-tts-marathi/datasets/syspin_marathi_female/extracted/IISc_SYSPIN_Data/IISc_SYSPINProject_Marathi_Female_Spk001_HC/wav/IISc_SYSPINProject_mr_f_AGRI_03747.wav|पुढील पिकासाठी बेणे म्हणून वापरण्याकरिता निवडक कंद थंड आणि हवेशीर जागेत स्वच्छ रेतीच्या सुमारे 2.5दोन पॉइंट पाच सेमी. जाडीच्या थराखाली झाकून ठेवतात.
/root/f5-tts-marathi/datasets/syspin_marathi_female/extracted/IISc_SYSPIN_Data/IISc_SYSPINProject_Marathi_Female_Spk001_HC/wav/IISc_SYSPINProject_mr_f_BOOK_04915.wav|काही दिवसांनंतर चारही परीक्षानळ्यांमधील खिळ्यांचे निरीक्षण करा. तुम्हाला काय आढळून आले? कोणत्या परीक्षानळ्यांमधील खिळे गंजले?
/root/f5-tts-marathi/datasets/syspin_marathi_female/extracted/IISc_SYSPIN_Data/IISc_SYSPINProject_Marathi_Female_Spk001_HC/wav/IISc_SYSPINProject_mr_f_AGRI_02876.wav|नवीन पालवी फारच कमी येते बागांमधील झाडे फार दाटीने वाढलेली असल्याने फळे काढणे व तत्सम कामे करणे जिकिरीचे होते.
/root/f5-tts-marathi/datasets/syspin_marathi_female/extracted/IISc_SYSPIN_Data/IISc_SYSPINProject_Marathi_Female_Spk001_HC/wav/IISc_SYSPINProject_mr_f_WEAT_02286.wav|आपत्कालीन व आणिबाणीच्या परिस्थितीत प्रवाशांना वाचविण्याची कोणतीही पर्यायी व्यवस्था याठिकाणी नाही.
/root/f5-tts-marathi/datasets/syspin_marathi_female/extracted/IISc_SYSPIN_Data/IISc_SYSPINProject_Marathi_Female_Spk001_HC/wav/IISc_SYSPINProject_mr_f_HEAL_03390.wav|राहू जेव्हा कुंडलीत असतो तेव्हा त्या व्यक्तीला पुन्हा पुन्हा ताप येऊ शकतो
/root/f5-tts-marathi/datasets/syspin_marathi_female/extracted/IISc_SYSPIN_Data/IISc_SYSPINProject_Marathi_Female_Spk001_HC/wav/IISc_SYSPINProject_mr_f_OTHE_02402.wav|मी तुमचा मुद्दा मान्य केलेला असला तरीही तुम्ही माझा मुद्दा मान्य करण्याचे धाडस दाखवणार नाही आहात ते माहिती आहे.
/root/f5-tts-marathi/datasets/syspin_marathi_female/extracted/IISc_SYSPIN_Data/IISc_SYSPINProject_Marathi_Female_Spk001_HC/wav/IISc_SYSPINProject_mr_f_AGRI_03931.wav|भारतात हिची बंगाल व आसाम यांखेरीज इतर राज्यांत बरीच लागवड करतात.
/root/f5-tts-marathi/datasets/syspin_marathi_female/extracted/IISc_SYSPIN_Data/IISc_SYSPINProject_Marathi_Female_Spk001_HC/wav/IISc_SYSPINProject_mr_f_OTHE_01208.wav|नाशिक येथील पत्रकार महेंद्र महाजन शेतकऱ्यांच्या आंदोलनाचं रिपोर्टींग करीत असताना पोलिस उपायुक्त अविनाश बारगळ यांनी त्यांना बेदम मारहाण केली
/root/f5-tts-marathi/datasets/syspin_marathi_female/extracted/IISc_SYSPIN_Data/IISc_SYSPINProject_Marathi_Female_Spk001_HC/wav/IISc_SYSPINProject_mr_f_HEAL_04424.wav|रासायनिक चिकित्सेतील औषधांमुळे कर्करोगबाधित स्त्रीमध्ये मासिक पाळीतील रक्तस्राव अनियमित होतो.
/root/f5-tts-marathi/datasets/syspin_marathi_female/extracted/IISc_SYSPIN_Data/IISc_SYSPINProject_Marathi_Female_Spk001_HC/wav/IISc_SYSPINProject_mr_f_GENE_01297.wav|देवरूख येथील तहसील कार्यालयाच्या नूतन इमारत उद्घाटन प्रसंगी पालकमंत्री वायकर यांनी कुंडी घाटाचे काम मार्गी लावण्यासाठी प्रयत्न करण्याचे आश्वासन दिले होेते.
/root/f5-tts-marathi/datasets/syspin_marathi_female/extracted/IISc_SYSPIN_Data/IISc_SYSPINProject_Marathi_Female_Spk001_HC/wav/IISc_SYSPINProject_mr_f_POLI_02121.wav|या भागातील आपल्या फौजा आणि मित्रांचे वॉशिंगटन संरक्षण करील, असा गर्भित इशाराही पॉम्पेव यांनी दिला आहे
/root/f5-tts-marathi/datasets/syspin_marathi_female/extracted/IISc_SYSPIN_Data/IISc_SYSPINProject_Marathi_Female_Spk001_HC/wav/IISc_SYSPINProject_mr_f_EDUC_02135.wav|मात्र काहीही असले तरी अभिनव बिंद्रा, मानवजीत सिंग संधू, राही सरनोबत, गगन नारंग, हिना सिद्धूसारखे नेमबाज पदक जिंकण्यासाठी दावेदार आहेत.
/root/f5-tts-marathi/datasets/syspin_marathi_female/extracted/IISc_SYSPIN_Data/IISc_SYSPINProject_Marathi_Female_Spk001_HC/wav/IISc_SYSPINProject_mr_f_BOOK_00903.wav|त्यामुळे हिमशिखरे, समुद्रकिनारे, घनदाट जंगले असे उपेक्षित प्रदेश पर्यटनात आले.
/root/f5-tts-marathi/datasets/syspin_marathi_female/extracted/IISc_SYSPIN_Data/IISc_SYSPINProject_Marathi_Female_Spk001_HC/wav/IISc_SYSPINProject_mr_f_BOOK_00037.wav|व्हॉल्टेअरचे मूळ नाव 'फ्रान्स्वा मरी अरूए' असे होते.
/root/f5-tts-marathi/datasets/syspin_marathi_female/extracted/IISc_SYSPIN_Data/IISc_SYSPINProject_Marathi_Female_Spk001_HC/wav/IISc_SYSPINProject_mr_f_BOOK_03358.wav|भारतीय समाजातील अंधश्रद्धा, रूढीप्रियता,जातिभेद, उच्च-नीचतेच्या भ्रामक कल्पना,चौकस व चिकित्सक वृत्तीचा अभाव यांमुळे येथील समाज मागे पडला होता.
/root/f5-tts-marathi/datasets/syspin_marathi_female/extracted/IISc_SYSPIN_Data/IISc_SYSPINProject_Marathi_Female_Spk001_HC/wav/IISc_SYSPINProject_mr_f_BOOK_00516.wav|वारकरी संप्रदायाने नामस्मरणाचा प्रकार म्हणून भजनास वैभव प्राप्त करून दिले.
/root/f5-tts-marathi/datasets/syspin_marathi_female/extracted/IISc_SYSPIN_Data/IISc_SYSPINProject_Marathi_Female_Spk001_HC/wav/IISc_SYSPINProject_mr_f_FINA_00240.wav|5पाच ते 10दहा म्हशींचा एकत्रित विमा काढल्यास 25पंचवीस टक्के व 11अकरा ते15पंधरा म्हशींच्या विमाकरिता 5पाच टक्के किंमतीत बचत मिळते.
/root/f5-tts-marathi/datasets/syspin_marathi_female/extracted/IISc_SYSPIN_Data/IISc_SYSPINProject_Marathi_Female_Spk001_HC/wav/IISc_SYSPINProject_mr_f_FINA_00620.wav|पंचायत समिती, महसूल विभागाच्या वतीने पिण्याच्या पाण्याचे टेंकर उपलब्ध करून देण्यात येत आहेत.
/root/f5-tts-marathi/datasets/syspin_marathi_female/extracted/IISc_SYSPIN_Data/IISc_SYSPINProject_Marathi_Female_Spk001_HC/wav/IISc_SYSPINProject_mr_f_BOOK_02176.wav|भारतातील लोकसंख्येचे वितरण असमान आहे.
/root/f5-tts-marathi/datasets/syspin_marathi_female/extracted/IISc_SYSPIN_Data/IISc_SYSPINProject_Marathi_Female_Spk001_HC/wav/IISc_SYSPINProject_mr_f_WEAT_01217.wav|मी कोल्हापूरला जातो किंवा तिथून परततो तेव्हा तेव्हा मला कऱ्हाडमध्ये डोकवावंसं वाटतं.
/root/f5-tts-marathi/datasets/syspin_marathi_female/extracted/IISc_SYSPIN_Data/IISc_SYSPINProject_Marathi_Female_Spk001_HC/wav/IISc_SYSPINProject_mr_f_HEAL_00676.wav|पण हुंड्यासाठी सूनेच्या शरीरात जीवघेण्या आजाराचे विषाणू सोडले असे तर कधी ऐकले नसेल
/root/f5-tts-marathi/datasets/syspin_marathi_female/extracted/IISc_SYSPIN_Data/IISc_SYSPINProject_Marathi_Female_Spk001_HC/wav/IISc_SYSPINProject_mr_f_POLI_00833.wav|त्यामुळे सरकारच्या नव्या योजनेचे स्वागत करून स्थानिक पंचायतीनी याकामी पुढाकार घ्यायला हवा, असे मत माजी सरपंच प्रभाकर पैंगीणकर यांनी व्यक्त केले.
/root/f5-tts-marathi/datasets/syspin_marathi_female/extracted/IISc_SYSPIN_Data/IISc_SYSPINProject_Marathi_Female_Spk001_HC/wav/IISc_SYSPINProject_mr_f_EDUC_02833.wav|पण या सर्वांत अम्ब्रिजची भूमिका वठविणाऱ्या इमेल्डा स्टॉनटन यांनी खऱ्या अर्थाने अभिनयात बाजी मारली आहे.
/root/f5-tts-marathi/datasets/syspin_marathi_female/extracted/IISc_SYSPIN_Data/IISc_SYSPINProject_Marathi_Female_Spk001_HC/wav/IISc_SYSPINProject_mr_f_FINA_00735.wav|वर्षभराचं आर्थिक उत्पन्न आणि खर्च या मुद्द्यांवर आजचा अर्थसंकल्प सादर केला जाईल.
/root/f5-tts-marathi/datasets/syspin_marathi_female/extracted/IISc_SYSPIN_Data/IISc_SYSPINProject_Marathi_Female_Spk001_HC/wav/IISc_SYSPINProject_mr_f_EDUC_03189.wav|तज्ञांच्या मते सतत सेल्फी घेण्याच्या सवयीमुळे आता लोकांना सेल्फी एल्बो नामक विकाराचा सामना करावा लागत आहे.
/root/f5-tts-marathi/datasets/syspin_marathi_female/extracted/IISc_SYSPIN_Data/IISc_SYSPINProject_Marathi_Female_Spk001_HC/wav/IISc_SYSPINProject_mr_f_BOOK_04927.wav|हवाबंद डब्यात अन्न ठेवल्यानेसुद्धा अन्नाची ओक्सिडीकरण क्रिया मंदावते.
/root/f5-tts-marathi/datasets/syspin_marathi_female/extracted/IISc_SYSPIN_Data/IISc_SYSPINProject_Marathi_Female_Spk001_HC/wav/IISc_SYSPINProject_mr_f_HEAL_00088.wav|ज्या व्यक्तिंना उच्च रक्तदाब, हर्णिया, पेप्टिक अल्सर, अशक्त हृदय असलेल्या व्यक्तिंनी हे आसन करू नये
/root/f5-tts-marathi/datasets/syspin_marathi_female/extracted/IISc_SYSPIN_Data/IISc_SYSPINProject_Marathi_Female_Spk001_HC/wav/IISc_SYSPINProject_mr_f_BOOK_05345.wav|ट्रान्सफॉर्मर च्या साहाय्याने, ही शक्ती आवश्यक तेवढे विभवांतर आणि विद्युतधाराच्या रूपात विद्युत वितरण जाळ्यामध्ये वितरीत केली जाते.
/root/f5-tts-marathi/datasets/syspin_marathi_female/extracted/IISc_SYSPIN_Data/IISc_SYSPINProject_Marathi_Female_Spk001_HC/wav/IISc_SYSPINProject_mr_f_BOOK_05124.wav|काही वनस्पती व प्राणी यांच्यात काही शारीरिक लक्षणे अशी असतात की, त्यावरून त्यांचा दुसऱ्या दोन भिन्न गटांशी संबंध जोडता येतो म्हणून त्यांना जोडणारे दुवे असे म्हणतात.
/root/f5-tts-marathi/datasets/syspin_marathi_female/extracted/IISc_SYSPIN_Data/IISc_SYSPINProject_Marathi_Female_Spk001_HC/wav/IISc_SYSPINProject_mr_f_BOOK_02717.wav|छपाईचा शोध जगाला प्रबोधनकाळात मिळालेली सर्वोच्च देणगी होय.
/root/f5-tts-marathi/datasets/syspin_marathi_female/extracted/IISc_SYSPIN_Data/IISc_SYSPINProject_Marathi_Female_Spk001_HC/wav/IISc_SYSPINProject_mr_f_BOOK_02624.wav|त्याच प्रकारेअणुविज्ञानाचा उपयोग विद्युतनिर्मितीसाठी तसेच आण्विक शस्त्रास्त्रे बनवण्यासाठीही केला जातो.
/root/f5-tts-marathi/datasets/syspin_marathi_female/extracted/IISc_SYSPIN_Data/IISc_SYSPINProject_Marathi_Female_Spk001_HC/wav/IISc_SYSPINProject_mr_f_EDUC_00304.wav|शारीरिक स्वास्थ्य, मानसिक स्वास्थ्य, पर्यावरण, शिक्षण, योग अशा अनेक बाबींवर माझी संस्था काम करते
/root/f5-tts-marathi/datasets/syspin_marathi_female/extracted/IISc_SYSPIN_Data/IISc_SYSPINProject_Marathi_Female_Spk001_HC/wav/IISc_SYSPINProject_mr_f_HEAL_02518.wav|मृत प्राण्यांच्या शरीरातील हाडं, त्वचा, उती शिजवून त्यापासून ही प्रथिनं मिळवली जातात
/root/f5-tts-marathi/datasets/syspin_marathi_female/extracted/IISc_SYSPIN_Data/IISc_SYSPINProject_Marathi_Female_Spk001_HC/wav/IISc_SYSPINProject_mr_f_BOOK_01084.wav|ग्रंथालयशास्त्राचा व्यवस्थापनशास्त्र, माहिती तंत्रज्ञान, शिक्षणशास्त्र यांसारख्या विषयांशी निकटचा संबंध आहे.
/root/f5-tts-marathi/datasets/syspin_marathi_female/extracted/IISc_SYSPIN_Data/IISc_SYSPINProject_Marathi_Female_Spk001_HC/wav/IISc_SYSPINProject_mr_f_BOOK_02807.wav|फर्डिनंड मेगेलन हा पृथ्वी प्रदक्षिणेला निघालेला पहिला प्रवासी म्हणून ज्ञात आहे.
/root/f5-tts-marathi/datasets/syspin_marathi_female/extracted/IISc_SYSPIN_Data/IISc_SYSPINProject_Marathi_Female_Spk001_HC/wav/IISc_SYSPINProject_mr_f_AGRI_00183.wav|पूर्व विदर्भातील पाणी पश्चिम विदर्भात आणण्याचा तसेच पुरातून वाहून जाणारे पाणी पश्चिम महाराष्ट्राच्या दुष्काळी भागात नेण्याचा प्रयत्न केला जाईल.
/root/f5-tts-marathi/datasets/syspin_marathi_female/extracted/IISc_SYSPIN_Data/IISc_SYSPINProject_Marathi_Female_Spk001_HC/wav/IISc_SYSPINProject_mr_f_BOOK_03256.wav|मराठ्यांनी संधी साधून राजापूर बंदरावर हल्ला केला आणि ते जिंकून घेतले.
/root/f5-tts-marathi/datasets/syspin_marathi_female/extracted/IISc_SYSPIN_Data/IISc_SYSPINProject_Marathi_Female_Spk001_HC/wav/IISc_SYSPINProject_mr_f_FINA_01644.wav|आता त्याच शेतीच्या तुटपुंज्या उत्पन्नावर एकीकडे वर्षाची फी भरत असताना त्यांना नाकी नऊ येत आहेत. त्याचवेळी दुसरीकडे कर्ज आणि व्याज वाढतच चालले आहे.
/root/f5-tts-marathi/datasets/syspin_marathi_female/extracted/IISc_SYSPIN_Data/IISc_SYSPINProject_Marathi_Female_Spk001_HC/wav/IISc_SYSPINProject_mr_f_EDUC_00374.wav|ही चर्चा अनेक वर्षं सुरू आहे आणि सुप्रीम कोर्टानेही याबदद्लची स्पष्टता आणण्याचे आदेश दिले होते.
/root/f5-tts-marathi/datasets/syspin_marathi_female/extracted/IISc_SYSPIN_Data/IISc_SYSPINProject_Marathi_Female_Spk001_HC/wav/IISc_SYSPINProject_mr_f_WEAT_01578.wav|यात अगदी अंजेलिना जोली, ग्वेनेथ पाल्ट्रो यांसारख्या अतिनामवंत, श्रीमंत आणि ओस्कर विजेत्या स्त्रियांचाही समावेश आहे.
/root/f5-tts-marathi/datasets/syspin_marathi_female/extracted/IISc_SYSPIN_Data/IISc_SYSPINProject_Marathi_Female_Spk001_HC/wav/IISc_SYSPINProject_mr_f_BOOK_05675.wav|पुरातन काळापासून दूध टिकविण्यासाठी त्याचे विविध पदार्थांत रूपांतर केलेजात असे. जसे, चीज, लोणी, क्रीम, केफिर, योगर्ट इत्यादी.
/root/f5-tts-marathi/datasets/syspin_marathi_female/extracted/IISc_SYSPIN_Data/IISc_SYSPINProject_Marathi_Female_Spk001_HC/wav/IISc_SYSPINProject_mr_f_WEAT_02928.wav|माणसाला साठ वर्ष झाली की त्याची बुद्धी पूर्वीसारखी तरतरीत राहू शकत नाही ती चळते, भ्रष्ट होते.
/root/f5-tts-marathi/datasets/syspin_marathi_female/extracted/IISc_SYSPIN_Data/IISc_SYSPINProject_Marathi_Female_Spk001_HC/wav/IISc_SYSPINProject_mr_f_WEAT_02430.wav|महारांजाचे सिंहासन, महालाचे दरवाजे, किराणाचि झोपडी, चूल यातील बारकावे नेपथ्यकार सुमित पाटीलने हुबेहुब टिपले आहेत.
/root/f5-tts-marathi/datasets/syspin_marathi_female/extracted/IISc_SYSPIN_Data/IISc_SYSPINProject_Marathi_Female_Spk001_HC/wav/IISc_SYSPINProject_mr_f_EDUC_00545.wav|मुलांमध्ये विज्ञानवृत्ती बनावी यासाठी वेगळ्या कार्यशाळा घेण्याचा इन्व्होक इन्स्पायरचा बेत आहे
/root/f5-tts-marathi/datasets/syspin_marathi_female/extracted/IISc_SYSPIN_Data/IISc_SYSPINProject_Marathi_Female_Spk001_HC/wav/IISc_SYSPINProject_mr_f_EDUC_00288.wav|बंधने अनेक प्रकारची असतात पण प्रेमाचे बंधन काही वेगळेच असते ,लाकूड पोखरू शकणारा भुंगा कमळात अडकला तर निष्क्रिय होतो.
/root/f5-tts-marathi/datasets/syspin_marathi_female/extracted/IISc_SYSPIN_Data/IISc_SYSPINProject_Marathi_Female_Spk001_HC/wav/IISc_SYSPINProject_mr_f_POLI_00434.wav|आमदार बोन्द्रे हे त्यांची पत्नी वृषाली बोन्द्रे यांच्यासोबत रविवारी मलकापूर येथून विदर्भ एक्स्प्रेसमध्ये मुंबईला जाण्यासाठी बसले होते.
/root/f5-tts-marathi/datasets/syspin_marathi_female/extracted/IISc_SYSPIN_Data/IISc_SYSPINProject_Marathi_Female_Spk001_HC/wav/IISc_SYSPINProject_mr_f_BOOK_01889.wav|समाजातील प्रत्येक घटक हा ग्राहक असतो.
/root/f5-tts-marathi/datasets/syspin_marathi_female/extracted/IISc_SYSPIN_Data/IISc_SYSPINProject_Marathi_Female_Spk001_HC/wav/IISc_SYSPINProject_mr_f_OTHE_00255.wav|मार्केटमध्ये अन्टिबेक्टेरियल हेल्मेट, हंड्सफ्री हेल्मेट, कार्बन फायबर हेल्मेट आणि वेंटीलेशन हेल्मेट येत आहेत.
/root/f5-tts-marathi/datasets/syspin_marathi_female/extracted/IISc_SYSPIN_Data/IISc_SYSPINProject_Marathi_Female_Spk001_HC/wav/IISc_SYSPINProject_mr_f_HEAL_03641.wav|त्यामुळे जर तुम्हाला कुठला आजार झाला असेल, किंवा तुमच्या शरीरात कशाची कमी असेल तर ते तुम्हाला लगेचच कळेल.
/root/f5-tts-marathi/datasets/syspin_marathi_female/extracted/IISc_SYSPIN_Data/IISc_SYSPINProject_Marathi_Female_Spk001_HC/wav/IISc_SYSPINProject_mr_f_BOOK_05315.wav|टर्बाइनचा अक्ष, गती वाढविणाऱ्या गिअर बॉक्स मार्फत जनित्राला जोडलेला असतो.फिरणाऱ्या पात्यांमुळेजनित्र फिरतेव विद्युत ऊर्जा निर्माण होते.
/root/f5-tts-marathi/datasets/syspin_marathi_female/extracted/IISc_SYSPIN_Data/IISc_SYSPINProject_Marathi_Female_Spk001_HC/wav/IISc_SYSPINProject_mr_f_EDUC_02126.wav|राजस्थान उच्च न्यायालयाने पूज्यपाद संतश्री आसारामजी बापू यांच्या भक्त शिल्पी यांच्या शिक्षेला स्थगिती दिली आहे.
/root/f5-tts-marathi/datasets/syspin_marathi_female/extracted/IISc_SYSPIN_Data/IISc_SYSPINProject_Marathi_Female_Spk001_HC/wav/IISc_SYSPINProject_mr_f_FINA_01688.wav|तिकिटाच्या दरावर प्रवाशांना किती टक्के अनुदान देण्यात येते याचा उल्लेख छापील तिकिटावर करण्यात येतो.
/root/f5-tts-marathi/datasets/syspin_marathi_female/extracted/IISc_SYSPIN_Data/IISc_SYSPINProject_Marathi_Female_Spk001_HC/wav/IISc_SYSPINProject_mr_f_AGRI_01229.wav|तलावात पोकलेन मशीनद्वारे खोल खड्डा खोदून पंपाद्वारे पाणी उपसा केल्यास पुरेसे पाणी मिळते का?
/root/f5-tts-marathi/datasets/syspin_marathi_female/extracted/IISc_SYSPIN_Data/IISc_SYSPINProject_Marathi_Female_Spk001_HC/wav/IISc_SYSPINProject_mr_f_AGRI_01190.wav|सूर्यफुलाच्या बिया आणि चरबीयुक्त मासे कोलेस्टरॉल कमी करण्यास मदतीचे ठरतात.
/root/f5-tts-marathi/datasets/syspin_marathi_female/extracted/IISc_SYSPIN_Data/IISc_SYSPINProject_Marathi_Female_Spk001_HC/wav/IISc_SYSPINProject_mr_f_POLI_00040.wav|बेळगाव धर्मप्रांताच्या कारागृह विभाग समिती सचिव लविना, उजवाडचे संपादक लुईस रॉड्रीग्ज, शीला मोंटेरो, प्रेस्कीला आदी उपस्थित होते.
/root/f5-tts-marathi/datasets/syspin_marathi_female/extracted/IISc_SYSPIN_Data/IISc_SYSPINProject_Marathi_Female_Spk001_HC/wav/IISc_SYSPINProject_mr_f_POLI_02800.wav|त्याचवेळी समोरून येणाऱ्या ट्रकचा टायर फुटल्याने ट्रक चालकाचा गाडीवरील ताबा सुटला आणि ट्रक थेट महिंद्रा मेक्झीमो गाडीवर चढला.
/root/f5-tts-marathi/datasets/syspin_marathi_female/extracted/IISc_SYSPIN_Data/IISc_SYSPINProject_Marathi_Female_Spk001_HC/wav/IISc_SYSPINProject_mr_f_AGRI_00659.wav|काही ठिकाणी ग्रीन टीमध्ये विविध प्रकारची फुले किंवा फळे घालून सेन्टेड आणि फ्लेवर्ड ग्रीन टी बनवण्याची पद्धत आहे.
/root/f5-tts-marathi/datasets/syspin_marathi_female/extracted/IISc_SYSPIN_Data/IISc_SYSPINProject_Marathi_Female_Spk001_HC/wav/IISc_SYSPINProject_mr_f_GENE_00554.wav|त्या दिवशी अमेरिकेने स्नोडेनवर औपचारिक आरोपपत्र दाखल केले व त्याचा पासपोर्ट निर्माल्यवत ठरवला.
/root/f5-tts-marathi/datasets/syspin_marathi_female/extracted/IISc_SYSPIN_Data/IISc_SYSPINProject_Marathi_Female_Spk001_HC/wav/IISc_SYSPINProject_mr_f_WEAT_04360.wav|त्याने यापूर्वीही फेसबुकच्या डेटा डिलीशन आणि डेटा डिस्क्लोजर या बगचा शोध घेतला होता.
/root/f5-tts-marathi/datasets/syspin_marathi_female/extracted/IISc_SYSPIN_Data/IISc_SYSPINProject_Marathi_Female_Spk001_HC/wav/IISc_SYSPINProject_mr_f_OTHE_03405.wav|बेडपाशी टकामका बघत बसलेली मिष्टीसुद्धा माझी दीदी माझं कौतुक करतेय असं समजून एकदम शेपूट हलवत नाचतच होती.
/root/f5-tts-marathi/datasets/syspin_marathi_female/extracted/IISc_SYSPIN_Data/IISc_SYSPINProject_Marathi_Female_Spk001_HC/wav/IISc_SYSPINProject_mr_f_HEAL_04460.wav|वारंवार किंवा प्रदीर्घ कालावधीसाठी चुकीच्या पद्धतीने केल्या जाणाऱ्या शारीरिक कार्यांमुळे शरीरातील स्नायू, अस्थी व सांध्यांशी निगडित अनेक तक्रारी उद्भवतात.
/root/f5-tts-marathi/datasets/syspin_marathi_female/extracted/IISc_SYSPIN_Data/IISc_SYSPINProject_Marathi_Female_Spk001_HC/wav/IISc_SYSPINProject_mr_f_OTHE_02695.wav|भांबवली, तांबी, धावली, जुंगटी आलवडी, जळकेवाडी, केळवली, दत्तवाडी, बांबर, कात्रेवाडी व सांडवली या गावांचा त्यामध्ये समावेश आहे
/root/f5-tts-marathi/datasets/syspin_marathi_female/extracted/IISc_SYSPIN_Data/IISc_SYSPINProject_Marathi_Female_Spk001_HC/wav/IISc_SYSPINProject_mr_f_WEAT_04267.wav|गुन्हेगारांनी क्रूरतेच्या मर्यादा ओलांडत गुरुवारी मध्यरात्री घरात घुसून 3तीन बालकांसह मातेची गळा चिरून हत्या करण्यात आली.
/root/f5-tts-marathi/datasets/syspin_marathi_female/extracted/IISc_SYSPIN_Data/IISc_SYSPINProject_Marathi_Female_Spk001_HC/wav/IISc_SYSPINProject_mr_f_FINA_02140.wav|शेअर बाजारात ट्रेडिंग अथवा गुंतवणूक करण्यासाठी ज्यांच्याकडे नॉलेज नसते त्यांच्यासाठीचं म्युचुअल फंड ही संकल्पना पुढे आली.
/root/f5-tts-marathi/datasets/syspin_marathi_female/extracted/IISc_SYSPIN_Data/IISc_SYSPINProject_Marathi_Female_Spk001_HC/wav/IISc_SYSPINProject_mr_f_BOOK_02091.wav|देशाच्या उत्तरेकडील भागातून विषुववृत्त जाते.
/root/f5-tts-marathi/datasets/syspin_marathi_female/extracted/IISc_SYSPIN_Data/IISc_SYSPINProject_Marathi_Female_Spk001_HC/wav/IISc_SYSPINProject_mr_f_BOOK_01504.wav|माहितीच्या अधिकारामुळे शासनाच्या कारभारातील गोपनीयता कमी झाली व शासनाचे व्यवहार अधिक खुले व पारदर्शी होण्यास मदत झाली.
/root/f5-tts-marathi/datasets/syspin_marathi_female/extracted/IISc_SYSPIN_Data/IISc_SYSPINProject_Marathi_Female_Spk001_HC/wav/IISc_SYSPINProject_mr_f_POLI_01110.wav|त्यामुळे त्यांच्या भल्यासाठी आम्ही बांधील असून, शेतकऱ्यांना दिलेल वचन हे सरकार पाळणार असल्याची स्पष्टोक्ती मुख्यमंत्री उद्धव ठाकरे यांनी दिली.
/root/f5-tts-marathi/datasets/syspin_marathi_female/extracted/IISc_SYSPIN_Data/IISc_SYSPINProject_Marathi_Female_Spk001_HC/wav/IISc_SYSPINProject_mr_f_POLI_02688.wav|अतिशय गरीब कुटुंबात जन्मलेला आयुष रवींद्र मुळ्ये याचे आईवडील मजुरी करतात.
/root/f5-tts-marathi/datasets/syspin_marathi_female/extracted/IISc_SYSPIN_Data/IISc_SYSPINProject_Marathi_Female_Spk001_HC/wav/IISc_SYSPINProject_mr_f_OTHE_01244.wav|धावांचा पाठलाग करणाऱ्या मुंबई इंडियन्सला कर्णधार रोहित शर्मा व क्विण्टॉन डी कॉक याने धडाकेबाज सुरुवात करून दिली.
/root/f5-tts-marathi/datasets/syspin_marathi_female/extracted/IISc_SYSPIN_Data/IISc_SYSPINProject_Marathi_Female_Spk001_HC/wav/IISc_SYSPINProject_mr_f_AGRI_02897.wav|जमिनीमध्ये जितके कार्बनचे अंश अधिक असतील, तितके पाण्याचे शुद्धीकरण होऊन पिकांना शुद्ध पाणी पुरवण्याची व्यवस्था होते.
/root/f5-tts-marathi/datasets/syspin_marathi_female/extracted/IISc_SYSPIN_Data/IISc_SYSPINProject_Marathi_Female_Spk001_HC/wav/IISc_SYSPINProject_mr_f_EDUC_02174.wav|छत्रपतींचे शेवटी गडावर जाणे, तान्हाजी यांनी त्यांना मांसाहेबांच्या पादुका देणे यांसारखे सीन्स दाखवले, पण शेलार मामाचा दोरखंड कापल्याचा सीन मात्र दाखवला नाही.
/root/f5-tts-marathi/datasets/syspin_marathi_female/extracted/IISc_SYSPIN_Data/IISc_SYSPINProject_Marathi_Female_Spk001_HC/wav/IISc_SYSPINProject_mr_f_BOOK_04240.wav|ग्रेट ब्रिटनने दक्षिण आफ्रिका संबंधीचे वर्णविद्वेषी धोरण बदलावे असा आग्रह या राष्ट्रांनी धरला होता.
/root/f5-tts-marathi/datasets/syspin_marathi_female/extracted/IISc_SYSPIN_Data/IISc_SYSPINProject_Marathi_Female_Spk001_HC/wav/IISc_SYSPINProject_mr_f_AGRI_03942.wav|कर्नाटक व तामिळनाडूत जिऱ्याचे पीक बागायती म्हणून मर्यादित प्रमाणावर काढतात. पिकाचे संवर्धन फार काळजीपूर्वक करावे लागते.
/root/f5-tts-marathi/datasets/syspin_marathi_female/extracted/IISc_SYSPIN_Data/IISc_SYSPINProject_Marathi_Female_Spk001_HC/wav/IISc_SYSPINProject_mr_f_HEAL_01885.wav|रक्तदाब, ह्रदयरोग, फुफ्फुसाचे आजार तसेच आरोग्याशी निगडीत इतर अनेक समस्यांवर योगअभ्यास प्रभावी ठरतं
/root/f5-tts-marathi/datasets/syspin_marathi_female/extracted/IISc_SYSPIN_Data/IISc_SYSPINProject_Marathi_Female_Spk001_HC/wav/IISc_SYSPINProject_mr_f_GENE_02188.wav|पंजाब नेशनल बेंकेत, कोटींचा घोटाळा करणारे हिरा व्यापारी नीरव मोदी भारतातून फरार आहेत.
/root/f5-tts-marathi/datasets/syspin_marathi_female/extracted/IISc_SYSPIN_Data/IISc_SYSPINProject_Marathi_Female_Spk001_HC/wav/IISc_SYSPINProject_mr_f_BOOK_03311.wav|त्यामुळे सिद्दी सुखरूप राहिला आणि किल्ला घेण्यात मराठे अपयशी ठरले.
/root/f5-tts-marathi/datasets/syspin_marathi_female/extracted/IISc_SYSPIN_Data/IISc_SYSPINProject_Marathi_Female_Spk001_HC/wav/IISc_SYSPINProject_mr_f_BOOK_04851.wav|एका परीक्षानळीमध्येथोडे हायड्रोक्लोरिक आम्ल घ्या. या परीक्षानळीला थोडी उष्णता द्या.
/root/f5-tts-marathi/datasets/syspin_marathi_female/extracted/IISc_SYSPIN_Data/IISc_SYSPINProject_Marathi_Female_Spk001_HC/wav/IISc_SYSPINProject_mr_f_EDUC_02700.wav|गोलंदाजीच्या आघाडीवर अश्विन क्रिस्त, कृष्णमूर्ती विघ्नेश, टी नटराजन यांनी कर्नाटकचा धुव्वा उडवताना मोलाचे योगदान दिले होते.
/root/f5-tts-marathi/datasets/syspin_marathi_female/extracted/IISc_SYSPIN_Data/IISc_SYSPINProject_Marathi_Female_Spk001_HC/wav/IISc_SYSPINProject_mr_f_AGRI_04199.wav|पाणीपुरवठा व आंतर मशागत : लागवडीनंतर आवश्यकतेनुसार खुरपणी करून तण काढून टाकतात.
/root/f5-tts-marathi/datasets/syspin_marathi_female/extracted/IISc_SYSPIN_Data/IISc_SYSPINProject_Marathi_Female_Spk001_HC/wav/IISc_SYSPINProject_mr_f_WEAT_00306.wav|चित्तोडचा राजा आणि चित्तोडची राणी म्हटलं की, धीरगंभीर, स्वाभिमानी, लढाऊ व्यक्तिमत्वे समोर येतात.
/root/f5-tts-marathi/datasets/syspin_marathi_female/extracted/IISc_SYSPIN_Data/IISc_SYSPINProject_Marathi_Female_Spk001_HC/wav/IISc_SYSPINProject_mr_f_POLI_01771.wav|दरम्यान, यापूर्वीही ठाकूर यांनी दलित आरक्षणाला विरोध करून आरक्षणच संपुष्टात आणले पाहिजे, असे मत व्यक्त केले होते.
/root/f5-tts-marathi/datasets/syspin_marathi_female/extracted/IISc_SYSPIN_Data/IISc_SYSPINProject_Marathi_Female_Spk001_HC/wav/IISc_SYSPINProject_mr_f_FINA_02700.wav|तुम्हाला तुमच्या कर्जामध्ये सुरक्षित गृह कर्ज तसेच वाहन कर्ज आणि असुरक्षित वैयक्तिक कर्ज आणि क्रेडिट कार्ड्स अशा कर्जांचा समावेश करणे गरजेचे आहे.
/root/f5-tts-marathi/datasets/syspin_marathi_female/extracted/IISc_SYSPIN_Data/IISc_SYSPINProject_Marathi_Female_Spk001_HC/wav/IISc_SYSPINProject_mr_f_HEAL_04183.wav|त्यामुळे शरीरातील या सर्व कार्यांवर विपरित परिणाम कितपत होतो आहे, हे पाहण्यासाठी दक्ष रहावे लागते.
/root/f5-tts-marathi/datasets/syspin_marathi_female/extracted/IISc_SYSPIN_Data/IISc_SYSPINProject_Marathi_Female_Spk001_HC/wav/IISc_SYSPINProject_mr_f_BOOK_05042.wav|तारेच्या दोन्ही टोकास समान वजने बांधून बर्फाच्या लादीवर ठेवल्यास तार हळूहळू बर्फाच्या लादीत रुतत खोलवर जाते.
/root/f5-tts-marathi/datasets/syspin_marathi_female/extracted/IISc_SYSPIN_Data/IISc_SYSPINProject_Marathi_Female_Spk001_HC/wav/IISc_SYSPINProject_mr_f_AGRI_03748.wav|कंद बटाट्याप्रमाणे भाजीसाठी अगर उकडून खाण्यासाठी वापरतात.
/root/f5-tts-marathi/datasets/syspin_marathi_female/extracted/IISc_SYSPIN_Data/IISc_SYSPINProject_Marathi_Female_Spk001_HC/wav/IISc_SYSPINProject_mr_f_FINA_01267.wav|काळा पैसा नोटांच्या स्वरुपात कुठेतरी लपवून ठेवला आहे अशी थिअरी असेल तर मोठ्या नोटा रद्द करुन हा प्रश्न मिटवता येईल.
/root/f5-tts-marathi/datasets/syspin_marathi_female/extracted/IISc_SYSPIN_Data/IISc_SYSPINProject_Marathi_Female_Spk001_HC/wav/IISc_SYSPINProject_mr_f_WEAT_01829.wav|गुगलच्या लूनर एक्सप्राइज या जागतिक स्पर्धेंतर्गत ही मोहीम साकारली जात आहे.
/root/f5-tts-marathi/datasets/syspin_marathi_female/extracted/IISc_SYSPIN_Data/IISc_SYSPINProject_Marathi_Female_Spk001_HC/wav/IISc_SYSPINProject_mr_f_BOOK_03577.wav|खानदेशात भीमा नाईक, कजारसिंग नाईक यांनी सात लाखांचा सरकारी खजिना लुटला.
/root/f5-tts-marathi/datasets/syspin_marathi_female/extracted/IISc_SYSPIN_Data/IISc_SYSPINProject_Marathi_Female_Spk001_HC/wav/IISc_SYSPINProject_mr_f_EDUC_01555.wav|मेट्रिक झाल्यावर हा मुंबईला पुढच्या शिक्षणासाठी आला आणि गेली पंचवीस सव्वीस वर्षे पुण्यात चर्चमध्ये असतो.
/root/f5-tts-marathi/datasets/syspin_marathi_female/extracted/IISc_SYSPIN_Data/IISc_SYSPINProject_Marathi_Female_Spk001_HC/wav/IISc_SYSPINProject_mr_f_GENE_01113.wav|सोलर कंजेक्शन म्हणजे यान व पृथ्वी ह्यांच्यामध्ये सूर्य येतो आणि त्यामुळे संपर्कात बाधा निर्माण होते.
/root/f5-tts-marathi/datasets/syspin_marathi_female/extracted/IISc_SYSPIN_Data/IISc_SYSPINProject_Marathi_Female_Spk001_HC/wav/IISc_SYSPINProject_mr_f_HEAL_02793.wav|हा ब्रेन स्ट्रोक आहे असं निदान झाल्यानंतर त्यावर त्वरित उपाय करून त्या आजारातून बाहेर पडता येतं
/root/f5-tts-marathi/datasets/syspin_marathi_female/extracted/IISc_SYSPIN_Data/IISc_SYSPINProject_Marathi_Female_Spk001_HC/wav/IISc_SYSPINProject_mr_f_BOOK_03637.wav|या हल्ल्यात गाडीतील दोन इंग्लिश स्त्रिया मृत्यूमुखी पडल्या.
/root/f5-tts-marathi/datasets/syspin_marathi_female/extracted/IISc_SYSPIN_Data/IISc_SYSPINProject_Marathi_Female_Spk001_HC/wav/IISc_SYSPINProject_mr_f_HEAL_01674.wav|पहिली गोष्ट म्हणजे पुरुषांचे वजन वाढले किंवा ते अधिक बिअर प्यायला लागले की त्यांचे स्तन ढिले व्हायला लागतात
/root/f5-tts-marathi/datasets/syspin_marathi_female/extracted/IISc_SYSPIN_Data/IISc_SYSPINProject_Marathi_Female_Spk001_HC/wav/IISc_SYSPINProject_mr_f_BOOK_03505.wav|ब्रिटिश फौजेतील भारतीय सैनिकांना देण्यात येणारी वागणूक आणि त्यांच्यावर असणारी बंधने यामुळे सैनिकात असंतोष वाढत होता.
/root/f5-tts-marathi/datasets/syspin_marathi_female/extracted/IISc_SYSPIN_Data/IISc_SYSPINProject_Marathi_Female_Spk001_HC/wav/IISc_SYSPINProject_mr_f_EDUC_01005.wav|शिवाय, मी मधुमेही असल्याने, वैद्यकीय शास्त्रानुसार मला गोड खाणे वर्ज्य आहे.
/root/f5-tts-marathi/datasets/syspin_marathi_female/extracted/IISc_SYSPIN_Data/IISc_SYSPINProject_Marathi_Female_Spk001_HC/wav/IISc_SYSPINProject_mr_f_FINA_02601.wav|यानुसार ठेवी, व्याज देणारी सिक्युरिटीज म्हणजेच बांड्स, डिबेंचर्स इत्यादी गोष्टींनादेखील परवानगी नाही.
/root/f5-tts-marathi/datasets/syspin_marathi_female/extracted/IISc_SYSPIN_Data/IISc_SYSPINProject_Marathi_Female_Spk001_HC/wav/IISc_SYSPINProject_mr_f_EDUC_02196.wav|धर्मवीर संभाजी चौकापासून किर्लोस्कर रोड, रामदेव गल्ली, खडेबाजार, गणपत गल्लीमार्गे मारुती गल्ली येथील सिंडिकेट बंक येथे या रेलीची सांगता झाली.
/root/f5-tts-marathi/datasets/syspin_marathi_female/extracted/IISc_SYSPIN_Data/IISc_SYSPINProject_Marathi_Female_Spk001_HC/wav/IISc_SYSPINProject_mr_f_AGRI_01410.wav|झाडावरील तसेच जमिनीवर पडलेली रोगग्रस्त पाने, फळे गोळा करून व्यवस्थित जाळून नष्ट करावीत. ती बांधावर किंवा टोमेटो प्लॉटशेजारी टाकू नयेत.
/root/f5-tts-marathi/datasets/syspin_marathi_female/extracted/IISc_SYSPIN_Data/IISc_SYSPINProject_Marathi_Female_Spk001_HC/wav/IISc_SYSPINProject_mr_f_BOOK_01265.wav|जर त्या वस्तू गोल वा नियमित आकाराच्या नसतील तर बल त्यांच्या वस्तुमानकेंद्रांना जोडणाऱ्या रेषाखंडाच्या दिशेत असते व डी साठी त्या रेषाखंडाची लांबी घेतली जाते.
/root/f5-tts-marathi/datasets/syspin_marathi_female/extracted/IISc_SYSPIN_Data/IISc_SYSPINProject_Marathi_Female_Spk001_HC/wav/IISc_SYSPINProject_mr_f_EDUC_02931.wav|यावेळी, मल्लण्णा यादवाड, गंगाधर भोसले, चंद्रकांत होसमनी, विजय नायक, कुमार इळगेर, प्रकाश शिंदे आदी उपस्थित होते.
/root/f5-tts-marathi/datasets/syspin_marathi_female/extracted/IISc_SYSPIN_Data/IISc_SYSPINProject_Marathi_Female_Spk001_HC/wav/IISc_SYSPINProject_mr_f_BOOK_02966.wav|ओस्ट्रेलियात फक्त युरोपीय नागरिकांनाच स्थलांतरीत म्हणून जाण्याची परवानगी होती.
/root/f5-tts-marathi/datasets/syspin_marathi_female/extracted/IISc_SYSPIN_Data/IISc_SYSPINProject_Marathi_Female_Spk001_HC/wav/IISc_SYSPINProject_mr_f_BOOK_00838.wav|त्यावरून भारत आणि रोम यांच्यातील परस्पर संबंधांबद्दल अनुमान करता येते.
/root/f5-tts-marathi/datasets/syspin_marathi_female/extracted/IISc_SYSPIN_Data/IISc_SYSPINProject_Marathi_Female_Spk001_HC/wav/IISc_SYSPINProject_mr_f_BOOK_00740.wav|मराठी भाषेमध्ये ज्याप्रमाणे ऐतिहासिक चित्रपट बनवले गेले त्याचप्रमाणे हिंदी भाषेतही अनेक ऐतिहासिक चित्रपट बनवले गेले.
/root/f5-tts-marathi/datasets/syspin_marathi_female/extracted/IISc_SYSPIN_Data/IISc_SYSPINProject_Marathi_Female_Spk001_HC/wav/IISc_SYSPINProject_mr_f_AGRI_03131.wav|म्हणूनच जर तुम्ही वजन घटवण्याच्या मिशनवर असाल तर ग्रीन कॉफी बीनपासून तयार होणारी कॉफी नक्की प्या.
/root/f5-tts-marathi/datasets/syspin_marathi_female/extracted/IISc_SYSPIN_Data/IISc_SYSPINProject_Marathi_Female_Spk001_HC/wav/IISc_SYSPINProject_mr_f_BOOK_04791.wav|शारीरिक, मानसिक आणि सामाजिक दृष्ट्या व्यक्तीची सुस्थिती असण्याला आरोग्य म्हणतात.
/root/f5-tts-marathi/datasets/syspin_marathi_female/extracted/IISc_SYSPIN_Data/IISc_SYSPINProject_Marathi_Female_Spk001_HC/wav/IISc_SYSPINProject_mr_f_OTHE_02865.wav|मात्र पोलिसांचे निर्भया पथक वाऱ्यावर वरात घेऊन कारवाई न करताच फिरत आहे, तर दामिनी पथकही निष्क्रीय झाल्याचे दिसून येत आहे
/root/f5-tts-marathi/datasets/syspin_marathi_female/extracted/IISc_SYSPIN_Data/IISc_SYSPINProject_Marathi_Female_Spk001_HC/wav/IISc_SYSPINProject_mr_f_BOOK_01786.wav|ईशान्य भारतातील सर्व प्रादेशिक पक्ष टप्प्याटप्प्याने मुख्य राष्ट्रीय प्रवाहात येत आहेत.
/root/f5-tts-marathi/datasets/syspin_marathi_female/extracted/IISc_SYSPIN_Data/IISc_SYSPINProject_Marathi_Female_Spk001_HC/wav/IISc_SYSPINProject_mr_f_POLI_00761.wav|त्यातही विलीयम हेग यांची जागा घेणे माझ्यासाठी सन्मानाचे असल्याचेही त्यांचे म्हणणे आहे.
/root/f5-tts-marathi/datasets/syspin_marathi_female/extracted/IISc_SYSPIN_Data/IISc_SYSPINProject_Marathi_Female_Spk001_HC/wav/IISc_SYSPINProject_mr_f_GENE_02035.wav|ग्रेंडमास्टर व्यंकटेश याने या स्पर्धेत सातत्यपूर्ण कामगिरी करताना सातव्या फेरीत महाराष्ट्राच्या सुयोग वाघ याच्यावर शानदार विजय मिळविला.
/root/f5-tts-marathi/datasets/syspin_marathi_female/extracted/IISc_SYSPIN_Data/IISc_SYSPINProject_Marathi_Female_Spk001_HC/wav/IISc_SYSPINProject_mr_f_AGRI_04253.wav|लागवडीपूर्वी जमिनीस 15पंधरा ते 20वीस टन प्रति हेक्टरी चांगले कुजलेले शेणखत द्यावे.
/root/f5-tts-marathi/datasets/syspin_marathi_female/extracted/IISc_SYSPIN_Data/IISc_SYSPINProject_Marathi_Female_Spk001_HC/wav/IISc_SYSPINProject_mr_f_OTHE_03637.wav|मग त्यांच्याच 'खांडेकरांच्या प्रस्तावनेचे संपादन', 'एखादे पान, एखादे फूल' अशा पुस्तकांची मुखपृष्ठं मी केली
/root/f5-tts-marathi/datasets/syspin_marathi_female/extracted/IISc_SYSPIN_Data/IISc_SYSPINProject_Marathi_Female_Spk001_HC/wav/IISc_SYSPINProject_mr_f_AGRI_03635.wav|केल्शियम क्लोराइड 25पंचवीस ग्रेम प्रति 10दहा लीटर पाणी या प्रमाणात फवारणी करावी.
/root/f5-tts-marathi/datasets/syspin_marathi_female/extracted/IISc_SYSPIN_Data/IISc_SYSPINProject_Marathi_Female_Spk001_HC/wav/IISc_SYSPINProject_mr_f_POLI_01635.wav|अफजल गुरुला फाशीची शिक्षा सुनावणारे उच्च न्यायालयाचे माजी न्यायाधीश एस एन ढिंगरा यांनी अफजल गुरुचं समर्थन करणाऱ्यांना फटकारलं आहे.
/root/f5-tts-marathi/datasets/syspin_marathi_female/extracted/IISc_SYSPIN_Data/IISc_SYSPINProject_Marathi_Female_Spk001_HC/wav/IISc_SYSPINProject_mr_f_POLI_01676.wav|मात्र, त्या दरम्यान मुख्यमंत्री बंद दाराआड मंत्र्यांचा एक्स्ट्रा क्लास घेत होते.
/root/f5-tts-marathi/datasets/syspin_marathi_female/extracted/IISc_SYSPIN_Data/IISc_SYSPINProject_Marathi_Female_Spk001_HC/wav/IISc_SYSPINProject_mr_f_POLI_01995.wav|कमानी, द्वारं, स्तंभं, कनाती, तलाव, आरशांनी मढलेल्या भिंती, ऐतिहासिक चित्रं, पारंपरिक वस्तू आणि समृद्ध इतिहास यामुळे वास्तूंचं सौंदर्य खुललं आहे.
/root/f5-tts-marathi/datasets/syspin_marathi_female/extracted/IISc_SYSPIN_Data/IISc_SYSPINProject_Marathi_Female_Spk001_HC/wav/IISc_SYSPINProject_mr_f_OTHE_01854.wav|पण आपल्या ग्रहावर आदळणाऱ्या अश्मीय दगडात अश्मांचे प्रमाण लोहाच्या तुलनेत फार जास्त आहे.
/root/f5-tts-marathi/datasets/syspin_marathi_female/extracted/IISc_SYSPIN_Data/IISc_SYSPINProject_Marathi_Female_Spk001_HC/wav/IISc_SYSPINProject_mr_f_HEAL_02818.wav|जास्त वेलदोडे खाल्ल्यामुळे त्वचेचा त्रास, श्वासोच्छवास, छातीत किंवा तोंडात घट्टपणा आणि पित्ताशय होऊ शकतो.
/root/f5-tts-marathi/datasets/syspin_marathi_female/extracted/IISc_SYSPIN_Data/IISc_SYSPINProject_Marathi_Female_Spk001_HC/wav/IISc_SYSPINProject_mr_f_OTHE_03333.wav|स्पीड सेफ्ली अलार्म सोबतच सेफ्टी बेल्ट, एअर बेग आणि रियर पार्किंग केमेराचं फिचरही यामध्ये असणार आहे.
/root/f5-tts-marathi/datasets/syspin_marathi_female/extracted/IISc_SYSPIN_Data/IISc_SYSPINProject_Marathi_Female_Spk001_HC/wav/IISc_SYSPINProject_mr_f_BOOK_00382.wav|कोरीव लेण्यांची परंपरा भारतामध्ये इसवी सनापूर्वी तिसऱ्या शतकात सुरू झाली.
/root/f5-tts-marathi/datasets/syspin_marathi_female/extracted/IISc_SYSPIN_Data/IISc_SYSPINProject_Marathi_Female_Spk001_HC/wav/IISc_SYSPINProject_mr_f_OTHE_03124.wav|आपचे किसन आव्हाड यांनी तर पोलिसांच्या हप्त्यांचे रेटकार्डच मोर्चासमोर वाचून दाखविले
/root/f5-tts-marathi/datasets/syspin_marathi_female/extracted/IISc_SYSPIN_Data/IISc_SYSPINProject_Marathi_Female_Spk001_HC/wav/IISc_SYSPINProject_mr_f_BOOK_05439.wav|बुबुळाच्या मध्यभागी बदलत्या व्यासाचे एक छोटेसे छिद्र असते त्यालाच डोळ्याची बाहुली म्हणतात.
/root/f5-tts-marathi/datasets/syspin_marathi_female/extracted/IISc_SYSPIN_Data/IISc_SYSPINProject_Marathi_Female_Spk001_HC/wav/IISc_SYSPINProject_mr_f_WEAT_03190.wav|पुर्वी लाल गेरूच्या भिंतींवर तांदळाच्या पिठाने जे सुबक आकार काढले जायचे, यालाच वारली चित्रकला म्हटले जाते.
/root/f5-tts-marathi/datasets/syspin_marathi_female/extracted/IISc_SYSPIN_Data/IISc_SYSPINProject_Marathi_Female_Spk001_HC/wav/IISc_SYSPINProject_mr_f_AGRI_04233.wav|पेरू पिकावर प्रामुख्याने फळमाशी, मिलीबग व खवले यांसारख्या रस शोषणाऱ्या किडी तसेच मर, देवी यांसारख्या बुरशीजन्य रोगांचा प्रादुर्भाव आढळून येतो.
/root/f5-tts-marathi/datasets/syspin_marathi_female/extracted/IISc_SYSPIN_Data/IISc_SYSPINProject_Marathi_Female_Spk001_HC/wav/IISc_SYSPINProject_mr_f_FINA_02599.wav|यंदाच्या वर्षात व्याज दरांमध्ये कपात केली जाणार नाही, असे अग्रगण्य बंक 'स्टेट बंक ओफ इंडियाच्या' अध्यक्षा अरुंधती भट्टाचार्य यांनी स्पष्ट केले आहे
/root/f5-tts-marathi/datasets/syspin_marathi_female/extracted/IISc_SYSPIN_Data/IISc_SYSPINProject_Marathi_Female_Spk001_HC/wav/IISc_SYSPINProject_mr_f_EDUC_03453.wav|माजी ओलिम्पिक स्प्रींटर उसेन बोल्ट याला ओस्ट्रेलियन सेन्ट्रल कोस्ट मरिनर्स सॉकर क्लबने ओफर दिली असल्याचे समजते.
/root/f5-tts-marathi/datasets/syspin_marathi_female/extracted/IISc_SYSPIN_Data/IISc_SYSPINProject_Marathi_Female_Spk001_HC/wav/IISc_SYSPINProject_mr_f_BOOK_03780.wav|केशवराव जेधे, ना. ग. गोरे, जयंतराव टिळक यांनी या समितीचे नेतृत्व स्वीकारले.
/root/f5-tts-marathi/datasets/syspin_marathi_female/extracted/IISc_SYSPIN_Data/IISc_SYSPINProject_Marathi_Female_Spk001_HC/wav/IISc_SYSPINProject_mr_f_OTHE_02297.wav|पण जेव्हा आम्ही सैन्य उभे करतो तेव्हा सैनिकाला सांगतो की तुझ्या रक्ताच्या शेवटच्या थेंबापर्यंत लढ.
/root/f5-tts-marathi/datasets/syspin_marathi_female/extracted/IISc_SYSPIN_Data/IISc_SYSPINProject_Marathi_Female_Spk001_HC/wav/IISc_SYSPINProject_mr_f_BOOK_03319.wav|जंजिऱ्याचा सिद्दी स्वराज्याला त्रास देऊ लागला म्हणून छत्रपती संभाजी महाराजांनी सिद्दीला धडा शिकवण्यासाठी मोहीम हाती घेतली.
/root/f5-tts-marathi/datasets/syspin_marathi_female/extracted/IISc_SYSPIN_Data/IISc_SYSPINProject_Marathi_Female_Spk001_HC/wav/IISc_SYSPINProject_mr_f_EDUC_00098.wav|समाजातून अंधश्रद्धा निर्मूलन व्हावे यासाठी कायद्याच्या चौकटीत राहून झटणाऱ्याला हौतात्म्य पत्करावे लागावे ही घटना निश्चितच आम्हाला सर्व गोष्टींचा पुनर्विचार करायला लावणारी आहे.
/root/f5-tts-marathi/datasets/syspin_marathi_female/extracted/IISc_SYSPIN_Data/IISc_SYSPINProject_Marathi_Female_Spk001_HC/wav/IISc_SYSPINProject_mr_f_WEAT_01208.wav|अनिल देवमन बागडे व शांग वांग अशी जखमी कामगारांची नावे आहेत.
/root/f5-tts-marathi/datasets/syspin_marathi_female/extracted/IISc_SYSPIN_Data/IISc_SYSPINProject_Marathi_Female_Spk001_HC/wav/IISc_SYSPINProject_mr_f_AGRI_00592.wav|बांबू शेती, कमी खर्चात उत्तम शेती, सात्विक शेती, पर्यावरण, दुर्ग संवर्धन अशा अनेक विषयांवर झालेल्या चर्चासत्रांना उत्स्फुर्त प्रतिसाद लाभला.
/root/f5-tts-marathi/datasets/syspin_marathi_female/extracted/IISc_SYSPIN_Data/IISc_SYSPINProject_Marathi_Female_Spk001_HC/wav/IISc_SYSPINProject_mr_f_BOOK_04793.wav|विशेषतः स्त्रियांच्या लैंगिक आरोग्याविषयी अनास्था दिसून येते.
/root/f5-tts-marathi/datasets/syspin_marathi_female/extracted/IISc_SYSPIN_Data/IISc_SYSPINProject_Marathi_Female_Spk001_HC/wav/IISc_SYSPINProject_mr_f_AGRI_03666.wav|मानवाच्या आहारात डाळी फार महत्त्वाच्या समजतात. आहारात कडधान्याचे वाळलेले किंवा ओले दाणे आणि कोवळ्या शेंगांचाही उपयोग करतात.
/root/f5-tts-marathi/datasets/syspin_marathi_female/extracted/IISc_SYSPIN_Data/IISc_SYSPINProject_Marathi_Female_Spk001_HC/wav/IISc_SYSPINProject_mr_f_AGRI_00335.wav|शहरामध्ये रेन वॉटर हार्वेस्टिंग म्हणजे पावसाचे पाणी अडवून त्या त्या इमारतींनी ते पाणी वापरावे अशा योजना तयार झाल्या आहेत.
/root/f5-tts-marathi/datasets/syspin_marathi_female/extracted/IISc_SYSPIN_Data/IISc_SYSPINProject_Marathi_Female_Spk001_HC/wav/IISc_SYSPINProject_mr_f_FINA_00937.wav|किमान वेतन दर आणि बोनस देयकाच्या मानदंडाची गणना करण्याच्या व्यतिरिक्त, नऊ तासांच्या नोकरीमध्ये एक दिवस विश्रांती मिळावी अशी शिफारस करण्यात येते.
/root/f5-tts-marathi/datasets/syspin_marathi_female/extracted/IISc_SYSPIN_Data/IISc_SYSPINProject_Marathi_Female_Spk001_HC/wav/IISc_SYSPINProject_mr_f_BOOK_00703.wav|नाट्यकलावंत म्हणून गणपतराव जोशी, बालगंधर्व तथा नारायणराव राजहंस, केशवराव भोसले, चिंतामणराव कोल्हटकर, गणपतराव बोडस इत्यादींची नावे अग्रक्रमाने घेतली जातात.
/root/f5-tts-marathi/datasets/syspin_marathi_female/extracted/IISc_SYSPIN_Data/IISc_SYSPINProject_Marathi_Female_Spk001_HC/wav/IISc_SYSPINProject_mr_f_POLI_00596.wav|आमदार अबूआझमी, नसीम खान, नवाब मलिक, बाबाजानी दुर्राणी, राहुल मोटे, कांग्रेसचे विश्वास शिंदे आदी उपस्थित होते.
/root/f5-tts-marathi/datasets/syspin_marathi_female/extracted/IISc_SYSPIN_Data/IISc_SYSPINProject_Marathi_Female_Spk001_HC/wav/IISc_SYSPINProject_mr_f_POLI_01980.wav|सौदी अरेबियाचे राजे सलमान यांनी इस्लामच्या दोन पवित्र शहरांना मक्का आणि मदिनाला हायस्पीड रेल्वेसेवेशी जोडणाऱ्या प्रकल्पाचा शुभारंभ केला आहे.
/root/f5-tts-marathi/datasets/syspin_marathi_female/extracted/IISc_SYSPIN_Data/IISc_SYSPINProject_Marathi_Female_Spk001_HC/wav/IISc_SYSPINProject_mr_f_EDUC_02246.wav|दिवाळी हा सण आपल्या सगळ्यांच्या जिव्हाळ्याचा असतो फटाक्यांची आतिषबाजी आणि फराळाचे आस्वाद घेणे, व आपल्या आप्तेष्टांना भेटणे हे ह्या सणाचं महत्व आहे.
/root/f5-tts-marathi/datasets/syspin_marathi_female/extracted/IISc_SYSPIN_Data/IISc_SYSPINProject_Marathi_Female_Spk001_HC/wav/IISc_SYSPINProject_mr_f_FINA_03232.wav|या बांधकामांना लागणार्या कच्च्या मालापासून त्यांच्यासाठी विविध दाखले, परवानग्या देण्यासाठी महापालिका विकास कर व तत्सम कर आकारत असते.
/root/f5-tts-marathi/datasets/syspin_marathi_female/extracted/IISc_SYSPIN_Data/IISc_SYSPINProject_Marathi_Female_Spk001_HC/wav/IISc_SYSPINProject_mr_f_POLI_01996.wav|अप्पर वर्धा धरणात अत्यल्प पाणीसाठा असून तिवसाप्रमाणे मोर्शी व वरुड मतदार संघाची भिस्त याच पाण्यावर असल्याचे त्यांनी म्हटले.
/root/f5-tts-marathi/datasets/syspin_marathi_female/extracted/IISc_SYSPIN_Data/IISc_SYSPINProject_Marathi_Female_Spk001_HC/wav/IISc_SYSPINProject_mr_f_BOOK_05465.wav|लहान आकाराच्या वस्तू पाहण्यासाठी साधा सूक्ष्मदर्शक वापरतात.
/root/f5-tts-marathi/datasets/syspin_marathi_female/extracted/IISc_SYSPIN_Data/IISc_SYSPINProject_Marathi_Female_Spk001_HC/wav/IISc_SYSPINProject_mr_f_HEAL_01539.wav|डास चावताना एक प्रकारचे चिकट पदार्थ शरीराच्या त्वचेत सोडून शरीरातील रक्त शोषून घेत असतो
/root/f5-tts-marathi/datasets/syspin_marathi_female/extracted/IISc_SYSPIN_Data/IISc_SYSPINProject_Marathi_Female_Spk001_HC/wav/IISc_SYSPINProject_mr_f_GENE_01000.wav|बी. आर. चोप्रा यांनी 'गीत नसलेले चित्रपट' तयार करण्याची कल्पना उदयास आणली.
/root/f5-tts-marathi/datasets/syspin_marathi_female/extracted/IISc_SYSPIN_Data/IISc_SYSPINProject_Marathi_Female_Spk001_HC/wav/IISc_SYSPINProject_mr_f_AGRI_01120.wav|डाळिंबास कळी लागून फळ धरण्यास सुरुवात होताच पाणी कमी पडल्याने डाळिंबासह आंबा व शेवगा वाळून गेला, अशी व्यथा मधुकर ठोंबरे यांनी मांडली.
/root/f5-tts-marathi/datasets/syspin_marathi_female/extracted/IISc_SYSPIN_Data/IISc_SYSPINProject_Marathi_Female_Spk001_HC/wav/IISc_SYSPINProject_mr_f_EVAL_00199.wav|नयन, आपला शाळेच्या कार्यक्रमानंतरचा कार्यक्रम तू का रद्द केलास?
/root/f5-tts-marathi/datasets/syspin_marathi_female/extracted/IISc_SYSPIN_Data/IISc_SYSPINProject_Marathi_Female_Spk001_HC/wav/IISc_SYSPINProject_mr_f_FINA_02080.wav|गरीब भाविक वारकरींना द्यावा लागणारा कर माफ करण्याची विनंती दादांना केली.
/root/f5-tts-marathi/datasets/syspin_marathi_female/extracted/IISc_SYSPIN_Data/IISc_SYSPINProject_Marathi_Female_Spk001_HC/wav/IISc_SYSPINProject_mr_f_OTHE_02622.wav|मूळ मुद्द्यांवरून लोकांचं लक्ष विचलित करायचं आणि पाकिस्तानचा भावनात्मक मुद्दा पेटवत ठेवायचा ही मोदींची कूटनीती आहे, असे आरोप आव्हाडांनी केले
/root/f5-tts-marathi/datasets/syspin_marathi_female/extracted/IISc_SYSPIN_Data/IISc_SYSPINProject_Marathi_Female_Spk001_HC/wav/IISc_SYSPINProject_mr_f_EDUC_02063.wav|आपल्या उज्वल भविष्याची स्वप्ने रंगवत राजधानीत पोहोचलेल्या मराठी विद्यार्थ्यांना महाराष्ट्र सरकारच्या निष्काळजी धोरणाने आंदोलक बनविले होते.
/root/f5-tts-marathi/datasets/syspin_marathi_female/extracted/IISc_SYSPIN_Data/IISc_SYSPINProject_Marathi_Female_Spk001_HC/wav/IISc_SYSPINProject_mr_f_OTHE_03950.wav|एवढंच नव्हे तर केंद्रानंही असंच धोरण ठरवावं असंही केंद्राच्या वकिलांना या सुनावणी दरम्यान न्यायालयानं सांगितलं आहे
/root/f5-tts-marathi/datasets/syspin_marathi_female/extracted/IISc_SYSPIN_Data/IISc_SYSPINProject_Marathi_Female_Spk001_HC/wav/IISc_SYSPINProject_mr_f_HEAL_01530.wav|शरीरातील जठराग्नी म्हणजे पचनशक्ती जर बिघडली तर अनेक आजार होतात उदा अम्लपित्त, अजीर्ण,सर्दी, आमवात इत्यादी
/root/f5-tts-marathi/datasets/syspin_marathi_female/extracted/IISc_SYSPIN_Data/IISc_SYSPINProject_Marathi_Female_Spk001_HC/wav/IISc_SYSPINProject_mr_f_POLI_02628.wav|श्रृतीदेखील तिचे आई वडील सारिका आणि कमल हसन यांच्या लग्नाआधीच जन्मली होती.
/root/f5-tts-marathi/datasets/syspin_marathi_female/extracted/IISc_SYSPIN_Data/IISc_SYSPINProject_Marathi_Female_Spk001_HC/wav/IISc_SYSPINProject_mr_f_GENE_02198.wav|त्यामुळे शीख बांधवांची शिकवण आहे की, दहा गुरूंनंतर फक्त गुरू ग्रंथसाहिबा या ग्रंथालाच गुरू मानावे.
/root/f5-tts-marathi/datasets/syspin_marathi_female/extracted/IISc_SYSPIN_Data/IISc_SYSPINProject_Marathi_Female_Spk001_HC/wav/IISc_SYSPINProject_mr_f_EDUC_00795.wav|दरम्यान, हा सर्व प्रकार शेतीच्या वादातून झाल्याचा दावा टेम्भुर्णी पोलिसांनी केला आहे.
/root/f5-tts-marathi/datasets/syspin_marathi_female/extracted/IISc_SYSPIN_Data/IISc_SYSPINProject_Marathi_Female_Spk001_HC/wav/IISc_SYSPINProject_mr_f_FINA_03647.wav|या विमा योजनेत दोन व्यक्ती किंवा वैवाहिक जोडप्यांना आर्थिक सुरक्षा प्रदान केली जाते.
/root/f5-tts-marathi/datasets/syspin_marathi_female/extracted/IISc_SYSPIN_Data/IISc_SYSPINProject_Marathi_Female_Spk001_HC/wav/IISc_SYSPINProject_mr_f_OTHE_04176.wav|त्याचवेळी मागून आलेल्या व्होल्व्हो बसने कारसह खुर्जेकर आणि त्यांच्या चालकाला जोरदार धडक दिली
/root/f5-tts-marathi/datasets/syspin_marathi_female/extracted/IISc_SYSPIN_Data/IISc_SYSPINProject_Marathi_Female_Spk001_HC/wav/IISc_SYSPINProject_mr_f_POLI_01323.wav|बंदरात शेकडो अनधिकृत बोटी दिसत असुनही मत्स्य विभाग कानाडोळा करत असल्याचा आरोप मच्छिमार संघटनांनी केलाय.
/root/f5-tts-marathi/datasets/syspin_marathi_female/extracted/IISc_SYSPIN_Data/IISc_SYSPINProject_Marathi_Female_Spk001_HC/wav/IISc_SYSPINProject_mr_f_BOOK_00093.wav|इतिहासलेखन शास्त्रशुद्ध कसे असावे,याच्या आधुनिक संकल्पनेशी हा ग्रंथ जवळचे नाते सांगतो.
/root/f5-tts-marathi/datasets/syspin_marathi_female/extracted/IISc_SYSPIN_Data/IISc_SYSPINProject_Marathi_Female_Spk001_HC/wav/IISc_SYSPINProject_mr_f_GENE_02016.wav|मर्ढेकरांच्या 'शिशिरागम' या कवितेत असं लेखन असल्याने, त्या कवितेकडे अधिक स्पष्ट निर्देश करण्यासाठी बहुतेक ही पृच्छा असावी.
/root/f5-tts-marathi/datasets/syspin_marathi_female/extracted/IISc_SYSPIN_Data/IISc_SYSPINProject_Marathi_Female_Spk001_HC/wav/IISc_SYSPINProject_mr_f_EDUC_01426.wav|काल व्हाेट्सअपवर एकाने 'लागणे' ह्या मराठी क्रियापदाचा विविध प्रकारे उपयोग केलेला एक परिच्छेद पाठवला.
/root/f5-tts-marathi/datasets/syspin_marathi_female/extracted/IISc_SYSPIN_Data/IISc_SYSPINProject_Marathi_Female_Spk001_HC/wav/IISc_SYSPINProject_mr_f_EDUC_00578.wav|हिंदुस्तान जिंदाबाद, मजहब नहीं सिखाता, आपस में बैर रखना हिन्दी हैं हम वतन है हिन्दोस्तां हमारा, अशी घोषणाबाजी आंदोलनात करण्यात आली.
/root/f5-tts-marathi/datasets/syspin_marathi_female/extracted/IISc_SYSPIN_Data/IISc_SYSPINProject_Marathi_Female_Spk001_HC/wav/IISc_SYSPINProject_mr_f_HEAL_00644.wav|तो असल्यामुळे औषधे व इतर तातडीच्या बाबी झाल्यानंतर काकूंना जरा अवधी मिळायचा
/root/f5-tts-marathi/datasets/syspin_marathi_female/extracted/IISc_SYSPIN_Data/IISc_SYSPINProject_Marathi_Female_Spk001_HC/wav/IISc_SYSPINProject_mr_f_OTHE_02580.wav|या तुटपुंज्या टीसींच्या जिवावर ठाणे शहरासह मुलुंड, बोरिवली, अलिमघर, बीकेसी, खिडवाळी या लांब पल्ल्याच्या मार्गांवर देखरेख ठेवणे अशक्य असते
/root/f5-tts-marathi/datasets/syspin_marathi_female/extracted/IISc_SYSPIN_Data/IISc_SYSPINProject_Marathi_Female_Spk001_HC/wav/IISc_SYSPINProject_mr_f_OTHE_03686.wav|या चित्रपटात अंकिता लोखंडे, अतुल कुलकर्णी, डेनी, कुलभूषण खरबंदा यांच्यादेखील भूमिका आहेत
/root/f5-tts-marathi/datasets/syspin_marathi_female/extracted/IISc_SYSPIN_Data/IISc_SYSPINProject_Marathi_Female_Spk001_HC/wav/IISc_SYSPINProject_mr_f_BOOK_02971.wav|म्यानमारमधील नैसर्गिक संपत्ती आणि बाजारपेठेची उपलब्धता यांमुळे त्या देशावर कब्जा मिळवणे हा इंग्रजांचा हेतू होता.
/root/f5-tts-marathi/datasets/syspin_marathi_female/extracted/IISc_SYSPIN_Data/IISc_SYSPINProject_Marathi_Female_Spk001_HC/wav/IISc_SYSPINProject_mr_f_AGRI_01219.wav|यात रोप लावून आपण बरणीचे तोंड पारदर्शक प्लास्टिक कागद किंवा काचेच्या झाकणाने हवाबंद करून टाकतो.
/root/f5-tts-marathi/datasets/syspin_marathi_female/extracted/IISc_SYSPIN_Data/IISc_SYSPINProject_Marathi_Female_Spk001_HC/wav/IISc_SYSPINProject_mr_f_BOOK_03982.wav|युरोपीय राष्ट्रांचे आपआपसांतील संघर्ष, पहिले व दुसरे महायुद्ध आणि वसाहतींमधील वसाहतवादविरोधी चळवळी यांमुळे निर्वसाहतीकरणाला चालना मिळाली.
/root/f5-tts-marathi/datasets/syspin_marathi_female/extracted/IISc_SYSPIN_Data/IISc_SYSPINProject_Marathi_Female_Spk001_HC/wav/IISc_SYSPINProject_mr_f_BOOK_03343.wav|या लढाईत दत्ताजी शिंदे यांना वीरमरण आले. अब्दालीने दिल्लीवर अंमल बसवला.
/root/f5-tts-marathi/datasets/syspin_marathi_female/extracted/IISc_SYSPIN_Data/IISc_SYSPINProject_Marathi_Female_Spk001_HC/wav/IISc_SYSPINProject_mr_f_GENE_02418.wav|तसेच हा टीव्ही गुगल होम तसेच अमेझॉन इकोसारख्या स्मार्ट स्पिकर्सच्या मदतीने वापरता येईल.
/root/f5-tts-marathi/datasets/syspin_marathi_female/extracted/IISc_SYSPIN_Data/IISc_SYSPINProject_Marathi_Female_Spk001_HC/wav/IISc_SYSPINProject_mr_f_EDUC_02358.wav|येथील चित्रकार व रांगोळीकार सचिन नरेंद्र अवसरे यांनी आपल्या कलेतून स्मॉलेस्ट पोर्टेट रांगोळी या प्रकारात विश्वविक्रम केला.
/root/f5-tts-marathi/datasets/syspin_marathi_female/extracted/IISc_SYSPIN_Data/IISc_SYSPINProject_Marathi_Female_Spk001_HC/wav/IISc_SYSPINProject_mr_f_AGRI_00811.wav|सभापती पाटील म्हणाले, चांगला भाव मिळण्यासाठी शेतकऱ्यांनी सांगली मार्केट यार्डातील सौद्यात हळद विक्रीसाठी आणावी.
/root/f5-tts-marathi/datasets/syspin_marathi_female/extracted/IISc_SYSPIN_Data/IISc_SYSPINProject_Marathi_Female_Spk001_HC/wav/IISc_SYSPINProject_mr_f_AGRI_01349.wav|या वनस्पतीची मुळे जमिनीत खोलवर रुजलेली असतात. त्यामुळे वनस्पतीच्या मुळामधील माती झटकून ती स्वच्छ करण्याचे काम या स्त्रिया करतात.
/root/f5-tts-marathi/datasets/syspin_marathi_female/extracted/IISc_SYSPIN_Data/IISc_SYSPINProject_Marathi_Female_Spk001_HC/wav/IISc_SYSPINProject_mr_f_OTHE_02553.wav|झाडू संताचे मार्ग, करू पंढरीचा स्वर्ग या ओळीप्रमाणे विठूरायाच्या नगरीत महास्वच्छता अभियान राबवत पंढरीच्या दारी स्वच्छतेची वारीचा समारोप करण्यात आला
/root/f5-tts-marathi/datasets/syspin_marathi_female/extracted/IISc_SYSPIN_Data/IISc_SYSPINProject_Marathi_Female_Spk001_HC/wav/IISc_SYSPINProject_mr_f_BOOK_03948.wav|त्यासाठी सरकारने भारतातही लष्कर भरती सुरू केली. प्रसंगी सैन्यभरतीची सक्ती केली.
/root/f5-tts-marathi/datasets/syspin_marathi_female/extracted/IISc_SYSPIN_Data/IISc_SYSPINProject_Marathi_Female_Spk001_HC/wav/IISc_SYSPINProject_mr_f_WEAT_00843.wav|उसाच्या दरावरुन जिल्ह्यात खास करून पंढरपूर परिसरात दुसऱ्या दिवशीही टायरची फोडाफोडी झाली.
/root/f5-tts-marathi/datasets/syspin_marathi_female/extracted/IISc_SYSPIN_Data/IISc_SYSPINProject_Marathi_Female_Spk001_HC/wav/IISc_SYSPINProject_mr_f_AGRI_01187.wav|तसेच जनावरांचा हिरवा चारा व तरकारी पिके वाया जाऊन शेतकर्यांचे मोठ्या प्रमाणात आर्थिक नुकसान झाले आहे.
/root/f5-tts-marathi/datasets/syspin_marathi_female/extracted/IISc_SYSPIN_Data/IISc_SYSPINProject_Marathi_Female_Spk001_HC/wav/IISc_SYSPINProject_mr_f_BOOK_00704.wav|त्यांची मराठी नाटके मोकळ्या पटांगणात होत असत.
/root/f5-tts-marathi/datasets/syspin_marathi_female/extracted/IISc_SYSPIN_Data/IISc_SYSPINProject_Marathi_Female_Spk001_HC/wav/IISc_SYSPINProject_mr_f_BOOK_05370.wav|होळीच्या वेळी होळीच्या ज्वालांच्या पलीकडील काही वस्तू हलताना तुम्ही पाहिल्या आहेत का ? असे का घडत असेल?
/root/f5-tts-marathi/datasets/syspin_marathi_female/extracted/IISc_SYSPIN_Data/IISc_SYSPINProject_Marathi_Female_Spk001_HC/wav/IISc_SYSPINProject_mr_f_WEAT_04372.wav|या काळात चातुर्वर्ण्याचे पूर्ण उच्चाटन झाले होते असेही त्यांनी म्हटले आहे.
/root/f5-tts-marathi/datasets/syspin_marathi_female/extracted/IISc_SYSPIN_Data/IISc_SYSPINProject_Marathi_Female_Spk001_HC/wav/IISc_SYSPINProject_mr_f_WEAT_03586.wav|दुसरीकडे एका विद्यार्थीनीने इंग्लिश, बिझनेस स्टडीज, फाईन आर्ट्स या विषयांत उत्तम मार्क मिळवले आहेत.
/root/f5-tts-marathi/datasets/syspin_marathi_female/extracted/IISc_SYSPIN_Data/IISc_SYSPINProject_Marathi_Female_Spk001_HC/wav/IISc_SYSPINProject_mr_f_POLI_02160.wav|दरवर्षी हज यात्रींची संख्या वाढल्याने मक्काच्या मुख्य मशीदीत उभे राहण्याची जागा वाढविण्यात येत आहे
/root/f5-tts-marathi/datasets/syspin_marathi_female/extracted/IISc_SYSPIN_Data/IISc_SYSPINProject_Marathi_Female_Spk001_HC/wav/IISc_SYSPINProject_mr_f_WEAT_00516.wav|स्टेन्ली टांग दिग्दर्शित या इंडो चायनीज प्रोजेक्टमध्ये जेकीसह सोनू सूद, अमायरा दस्तूर, दिशा पाटणी इत्यादी बॉलिवूड कलाकारांची फळी आहे.
/root/f5-tts-marathi/datasets/syspin_marathi_female/extracted/IISc_SYSPIN_Data/IISc_SYSPINProject_Marathi_Female_Spk001_HC/wav/IISc_SYSPINProject_mr_f_FINA_01450.wav|तो खरा असेल तर सरकार आयकर पात्रतेची मर्यादा नक्कीच वाढवेल आणि पहिल्या स्लेबला पाच टक्के एवढा नाममात्र कर लागू करेल.
/root/f5-tts-marathi/datasets/syspin_marathi_female/extracted/IISc_SYSPIN_Data/IISc_SYSPINProject_Marathi_Female_Spk001_HC/wav/IISc_SYSPINProject_mr_f_GENE_00405.wav|पुढे शाहरुख म्हणाला की, जेव्हा आपण लहानपणी ट्विंकल ट्विंकल लिटिल स्टार हे बालगीत ऐकायचो, तेव्हा खरोखर डोळ्यासमोर तारे दिसू लागायचे.
/root/f5-tts-marathi/datasets/syspin_marathi_female/extracted/IISc_SYSPIN_Data/IISc_SYSPINProject_Marathi_Female_Spk001_HC/wav/IISc_SYSPINProject_mr_f_GENE_01707.wav|उरण तालुक्यातील करंजा येथे राहणाऱ्या एका महिलेवर तिच्या सख्ख्या दीराने व त्याच्या दोन मित्रांनी मिळून सलग सात दिवस सामूहिक बलात्कार केल्याची धक्कादायक घटना समोर आली आहे.
/root/f5-tts-marathi/datasets/syspin_marathi_female/extracted/IISc_SYSPIN_Data/IISc_SYSPINProject_Marathi_Female_Spk001_HC/wav/IISc_SYSPINProject_mr_f_WEAT_03132.wav|उत्क्रांतीच्या अव्याहत वाटचालीत जगातील हत्तींपैकी आफ्रिकन लोक्झोडोंटा व दुसरी एशियाटीक हत्तींची एलिफस अशा दोनच प्रजाती शिल्लक राहिल्या आहेत.
/root/f5-tts-marathi/datasets/syspin_marathi_female/extracted/IISc_SYSPIN_Data/IISc_SYSPINProject_Marathi_Female_Spk001_HC/wav/IISc_SYSPINProject_mr_f_OTHE_03143.wav|टोनी क्रूसने अखेरच्या क्षणाला केलेल्या गोल्डन गोलच्या जोरावर गतविजेत्या जर्मनीने स्वीडनवर मात करत फिफा विश्वचषक स्पर्धेत आपले आव्हान कायम राखले आहे
/root/f5-tts-marathi/datasets/syspin_marathi_female/extracted/IISc_SYSPIN_Data/IISc_SYSPINProject_Marathi_Female_Spk001_HC/wav/IISc_SYSPINProject_mr_f_EVAL_00010.wav|आतातरी जमणार नाही. सध्या खूप अडचणीत आहे.
/root/f5-tts-marathi/datasets/syspin_marathi_female/extracted/IISc_SYSPIN_Data/IISc_SYSPINProject_Marathi_Female_Spk001_HC/wav/IISc_SYSPINProject_mr_f_GENE_02441.wav|त्याच्या असीम सामर्थ्य, ताकदीच्या बळावर त्याने इंद्र, सूर्य, वायुदेवता, अग्नी, ब्रह्मा, अष्टवसू अशा सर्व देवतांना जेरीस आणलं.
/root/f5-tts-marathi/datasets/syspin_marathi_female/extracted/IISc_SYSPIN_Data/IISc_SYSPINProject_Marathi_Female_Spk001_HC/wav/IISc_SYSPINProject_mr_f_BOOK_05069.wav|आनुवंशिक विकृतींचे निदान करण्यासाठी, प्रतिबंध करण्यासाठी, उपचार करण्यासाठी तसेच प्राणी संकर व वनस्पती संकर करण्यासाठी अाणि सूक्ष्मजीवांचा जेथे वापर होतो अशा औद्योगिक प्रक्रियांसाठी आज आनुवंशिकीचा उपयोग केला जातो.
/root/f5-tts-marathi/datasets/syspin_marathi_female/extracted/IISc_SYSPIN_Data/IISc_SYSPINProject_Marathi_Female_Spk001_HC/wav/IISc_SYSPINProject_mr_f_EVAL_00331.wav|नवीन सिटी हॉल अप्रतिम आहे पण जाण्यासाठी खूप खर्च करावा लागेल.
/root/f5-tts-marathi/datasets/syspin_marathi_female/extracted/IISc_SYSPIN_Data/IISc_SYSPINProject_Marathi_Female_Spk001_HC/wav/IISc_SYSPINProject_mr_f_BOOK_01968.wav|त्याशिवाय अरबी समुद्र व बंगालचा उपसागर यांत प्रत्येकी एक मोठा द्वीपसमूह आहे.
/root/f5-tts-marathi/datasets/syspin_marathi_female/extracted/IISc_SYSPIN_Data/IISc_SYSPINProject_Marathi_Female_Spk001_HC/wav/IISc_SYSPINProject_mr_f_OTHE_01049.wav|कधी एखादा वार्ताहर आपल्याच लग्नाचे वार्तांकन करतो, तर एक वार्ताहर पावसाचे वार्तांकन करताना उपस्थित असलेल्या लोकांसोबत पावसाचा आनंद घेत असतो.
/root/f5-tts-marathi/datasets/syspin_marathi_female/extracted/IISc_SYSPIN_Data/IISc_SYSPINProject_Marathi_Female_Spk001_HC/wav/IISc_SYSPINProject_mr_f_BOOK_01909.wav|सुमारे दीड शतक भारत देश ब्रिटिशांच्या अधिपत्याखाली होता.
/root/f5-tts-marathi/datasets/syspin_marathi_female/extracted/IISc_SYSPIN_Data/IISc_SYSPINProject_Marathi_Female_Spk001_HC/wav/IISc_SYSPINProject_mr_f_OTHE_01655.wav|ते शिवांबू प्राशन करत असत आणि ते दीर्घायुष्यी होते, या दोन्ही गोष्टी खऱ्या आहेत.
/root/f5-tts-marathi/datasets/syspin_marathi_female/extracted/IISc_SYSPIN_Data/IISc_SYSPINProject_Marathi_Female_Spk001_HC/wav/IISc_SYSPINProject_mr_f_POLI_02357.wav|स्वस्तिक तरुण मंडळाने केरळचा गारुडी गुम्बो हा बाहुल्यांचा नृत्याविष्कार सादर केला
/root/f5-tts-marathi/datasets/syspin_marathi_female/extracted/IISc_SYSPIN_Data/IISc_SYSPINProject_Marathi_Female_Spk001_HC/wav/IISc_SYSPINProject_mr_f_GENE_02554.wav|या सगळ्या वरील तत्वांचा उपयोग वेरूळमधील लेणी कोरताना सुद्धा केलेला दिसतो.
/root/f5-tts-marathi/datasets/syspin_marathi_female/extracted/IISc_SYSPIN_Data/IISc_SYSPINProject_Marathi_Female_Spk001_HC/wav/IISc_SYSPINProject_mr_f_OTHE_02044.wav|अमीर हम्जा हे इस्लामचे प्रेषित हजरत मुहम्मद पैगंबर यांचे काका होते.
/root/f5-tts-marathi/datasets/syspin_marathi_female/extracted/IISc_SYSPIN_Data/IISc_SYSPINProject_Marathi_Female_Spk001_HC/wav/IISc_SYSPINProject_mr_f_BOOK_04578.wav|सूत्री पेशीविभाजन : कायपेशी आणि मूलपेशी या सूत्री विभाजनाने विभाजित होतात. सूत्री विभाजन मुख्य दोन टप्प्यांमध्ये पूर्ण होते.
/root/f5-tts-marathi/datasets/syspin_marathi_female/extracted/IISc_SYSPIN_Data/IISc_SYSPINProject_Marathi_Female_Spk001_HC/wav/IISc_SYSPINProject_mr_f_AGRI_00597.wav|केळ्याचा फेसपेक तयार करताना केळं स्मेश करुन त्यामध्ये मध आणि ओलिव्ह ओइल मिक्स करुन चेहऱ्याला लावा.
/root/f5-tts-marathi/datasets/syspin_marathi_female/extracted/IISc_SYSPIN_Data/IISc_SYSPINProject_Marathi_Female_Spk001_HC/wav/IISc_SYSPINProject_mr_f_HEAL_03771.wav|स्नायूंमध्ये आणि सांध्यांमध्ये वेदना होणे, शरीरावर पुरळ उठणे, खूप ताप, डोकेदुखी, डोळ्यांमागे वेदना, उलट्या आणि मळमळ ही डेंग्यूची लक्षणे आहेत
/root/f5-tts-marathi/datasets/syspin_marathi_female/extracted/IISc_SYSPIN_Data/IISc_SYSPINProject_Marathi_Female_Spk001_HC/wav/IISc_SYSPINProject_mr_f_EDUC_02258.wav|डब्बू अंकल उर्फ संजीव श्रीवास्तव यांनी अलिकडेच बॉलिवूडचा दबंग खान सलमान खानची दस का दमच्या सेटवर भेट घेतली.
/root/f5-tts-marathi/datasets/syspin_marathi_female/extracted/IISc_SYSPIN_Data/IISc_SYSPINProject_Marathi_Female_Spk001_HC/wav/IISc_SYSPINProject_mr_f_BOOK_04378.wav|या कायद्यातील सगळ्यात लक्षणीय तरतूद म्हणजे 'आपल्या राहत्या घरावर पीडित महिलेची कायदेशीर मालकी असो वा नसो, घरात राहण्याचा हक्क तिला आहे.'
/root/f5-tts-marathi/datasets/syspin_marathi_female/extracted/IISc_SYSPIN_Data/IISc_SYSPINProject_Marathi_Female_Spk001_HC/wav/IISc_SYSPINProject_mr_f_POLI_00441.wav|महाराष्ट्र राज्य येळ्ळूर हा नामफलक काढण्यासाठी आलेल्या कर्नाटक पोलिसांना येळ्ळूरच्या ग्रामस्थांनी विरोध केला.
/root/f5-tts-marathi/datasets/syspin_marathi_female/extracted/IISc_SYSPIN_Data/IISc_SYSPINProject_Marathi_Female_Spk001_HC/wav/IISc_SYSPINProject_mr_f_WEAT_03207.wav|आपले साता जन्मांच्या साथीचे वचन पोपटराव पाटील आणि नंदिनी पाटील या दाम्पत्याने पूर्ण केले.
/root/f5-tts-marathi/datasets/syspin_marathi_female/extracted/IISc_SYSPIN_Data/IISc_SYSPINProject_Marathi_Female_Spk001_HC/wav/IISc_SYSPINProject_mr_f_EDUC_02756.wav|ग्रीनवुड्स बंगल्यात ओर्किड, लिली, आफ्रिकन डेजी, अल्केमिलिया, डेफोडिल, क्वींस मांडेविला यासारख्या फुलांच्या जाती आहेत.
/root/f5-tts-marathi/datasets/syspin_marathi_female/extracted/IISc_SYSPIN_Data/IISc_SYSPINProject_Marathi_Female_Spk001_HC/wav/IISc_SYSPINProject_mr_f_BOOK_01831.wav|निषेध अथवा प्रतिकार करण्याचा हक्क हा लोकशाहीतील एक महत्त्वाचा हक्क आहे.
/root/f5-tts-marathi/datasets/syspin_marathi_female/extracted/IISc_SYSPIN_Data/IISc_SYSPINProject_Marathi_Female_Spk001_HC/wav/IISc_SYSPINProject_mr_f_AGRI_02498.wav|या पद्धतीमुळे पाण्याचा फारच थोडा पृष्ठभाग हवा-वारा व उन्हाच्या संपर्कात येत असल्याने पाण्याचे बाष्पीभवन कमी होई व टाक्यांमध्ये फार काळ पाणी टिकून रहात असे.
/root/f5-tts-marathi/datasets/syspin_marathi_female/extracted/IISc_SYSPIN_Data/IISc_SYSPINProject_Marathi_Female_Spk001_HC/wav/IISc_SYSPINProject_mr_f_AGRI_03783.wav|घडांना 100शंभर गेज जाडीच्या 6सहा सच्छिद्रता असलेल्या पॉलिथीन पिशव्यांचे आवरण घालावे.
/root/f5-tts-marathi/datasets/syspin_marathi_female/extracted/IISc_SYSPIN_Data/IISc_SYSPINProject_Marathi_Female_Spk001_HC/wav/IISc_SYSPINProject_mr_f_EDUC_03170.wav|या वादात पाकिस्तानचे माजी क्रिकेटपटू जावेद मियॉंदादने उडी घेतली आहे.
/root/f5-tts-marathi/datasets/syspin_marathi_female/extracted/IISc_SYSPIN_Data/IISc_SYSPINProject_Marathi_Female_Spk001_HC/wav/IISc_SYSPINProject_mr_f_HEAL_03989.wav|भौतिकोपचाराच्या मदतीने रूग्णाच्या फुप्फुसातील साचलेला कफ बाहेर काढतात, तर कोरडा खोकला असल्यास वाफ देतात.
/root/f5-tts-marathi/datasets/syspin_marathi_female/extracted/IISc_SYSPIN_Data/IISc_SYSPINProject_Marathi_Female_Spk001_HC/wav/IISc_SYSPINProject_mr_f_BOOK_02500.wav|मानवनिर्मित धोके हेमानवी चुकांमुळे किंवा काही प्रक्रिया अयशस्वी झाल्यामुळेसर्वत्र उद्भवू शकतात.
/root/f5-tts-marathi/datasets/syspin_marathi_female/extracted/IISc_SYSPIN_Data/IISc_SYSPINProject_Marathi_Female_Spk001_HC/wav/IISc_SYSPINProject_mr_f_HEAL_01008.wav|तेलंगणाच्या सीमेवर राज्याच शेवटच टोक असलेल्या सिरोंचात रुग्णवाहिका असून सुद्धा डॉक्टर नसल्यामुळे दोन बाळांना आपल्या आईसोबत उन्हात ताटकाळात उभं राहावं लागलं
/root/f5-tts-marathi/datasets/syspin_marathi_female/extracted/IISc_SYSPIN_Data/IISc_SYSPINProject_Marathi_Female_Spk001_HC/wav/IISc_SYSPINProject_mr_f_WEAT_03591.wav|एरिक्सनच्या पासवर लुकास मोराने वैयक्तिक तिसरा गोल नोंदवित हेट्ट्रीक साधली.
/root/f5-tts-marathi/datasets/syspin_marathi_female/extracted/IISc_SYSPIN_Data/IISc_SYSPINProject_Marathi_Female_Spk001_HC/wav/IISc_SYSPINProject_mr_f_FINA_01069.wav|अपलने आयफोन 4चार मॉडेलला रिलॉन्च करण्यासाठी चार महिन्यांच्या आत भारतीय बाजारातून हे फोन परत घेण्याचा निर्णय घेतलाय.
/root/f5-tts-marathi/datasets/syspin_marathi_female/extracted/IISc_SYSPIN_Data/IISc_SYSPINProject_Marathi_Female_Spk001_HC/wav/IISc_SYSPINProject_mr_f_BOOK_03691.wav|जपानने आग्नेय आशियातील ब्रिटिशांच्या ताब्यातील प्रदेश जिंकले.
/root/f5-tts-marathi/datasets/syspin_marathi_female/extracted/IISc_SYSPIN_Data/IISc_SYSPINProject_Marathi_Female_Spk001_HC/wav/IISc_SYSPINProject_mr_f_OTHE_03322.wav|लिबियाच्या मुहम्मर गद्दाफींना ठेचण्यासाठी धावलेले पाश्चात्त्य आपल्यालाही मदत करतील, अशी त्यांना आशा होती.
/root/f5-tts-marathi/datasets/syspin_marathi_female/extracted/IISc_SYSPIN_Data/IISc_SYSPINProject_Marathi_Female_Spk001_HC/wav/IISc_SYSPINProject_mr_f_AGRI_01481.wav|बेलाचे खोड, पाने व फळे आयुर्वेदिक औषधांत वापरली जातात म्हणूनही हा वृक्ष महत्त्वाचा आहे.
/root/f5-tts-marathi/datasets/syspin_marathi_female/extracted/IISc_SYSPIN_Data/IISc_SYSPINProject_Marathi_Female_Spk001_HC/wav/IISc_SYSPINProject_mr_f_FINA_01925.wav|चांगले भविष्य असलेल्या परंतु तात्पुरत्या आर्थिक अडचणीत असल्याने ज्यांचे मूल्यांकन कमी आहे अशा अधिक परतावा देणाऱ्या कंपन्यांच्या कर्जरोख्यात यातील गुंतवणूक केली जाते.
/root/f5-tts-marathi/datasets/syspin_marathi_female/extracted/IISc_SYSPIN_Data/IISc_SYSPINProject_Marathi_Female_Spk001_HC/wav/IISc_SYSPINProject_mr_f_BOOK_03337.wav|या वेळेस रघुनाथराव पेशवे यांच्या नेतृत्वाखाली मराठ्यांची फौज पुण्याहून निघाली.
/root/f5-tts-marathi/datasets/syspin_marathi_female/extracted/IISc_SYSPIN_Data/IISc_SYSPINProject_Marathi_Female_Spk001_HC/wav/IISc_SYSPINProject_mr_f_FINA_00753.wav|रेल्वेत रोख चार लाख रूपयांची बेग विसरणे व ती सर्व रक्कम जशीच्यातशी परत मिळणे खूपच कठीण.
/root/f5-tts-marathi/datasets/syspin_marathi_female/extracted/IISc_SYSPIN_Data/IISc_SYSPINProject_Marathi_Female_Spk001_HC/wav/IISc_SYSPINProject_mr_f_BOOK_01806.wav|एका स्थानिक वर्तमानपत्रातील ही बातमी वाचा.
/root/f5-tts-marathi/datasets/syspin_marathi_female/extracted/IISc_SYSPIN_Data/IISc_SYSPINProject_Marathi_Female_Spk001_HC/wav/IISc_SYSPINProject_mr_f_EDUC_00082.wav|याशिवाय ब्लेक फाेरेस्ट, चाेको चिप्स, वाेलनट, फ्रेश फूड, मावा केक असे 45पंचेचाळीस प्रकार खवय्यांसाठी सज्ज आहेत.
/root/f5-tts-marathi/datasets/syspin_marathi_female/extracted/IISc_SYSPIN_Data/IISc_SYSPINProject_Marathi_Female_Spk001_HC/wav/IISc_SYSPINProject_mr_f_BOOK_00542.wav|चित्ताला प्रसन्नता देणारे दृश्य असा याचा अर्थ आहे.
/root/f5-tts-marathi/datasets/syspin_marathi_female/extracted/IISc_SYSPIN_Data/IISc_SYSPINProject_Marathi_Female_Spk001_HC/wav/IISc_SYSPINProject_mr_f_FINA_01223.wav|कर्जमागणीचे कारण स्पष्ट करावे. कर्जाचा वापर कशासाठी करणार त्याचा सविस्तर तपशील द्यावा आणि तो किती मासिक हप्त्यांत परत करणार याचा उल्लेख असावा.
/root/f5-tts-marathi/datasets/syspin_marathi_female/extracted/IISc_SYSPIN_Data/IISc_SYSPINProject_Marathi_Female_Spk001_HC/wav/IISc_SYSPINProject_mr_f_GENE_00171.wav|ग्वाल्हेर घराण्याच्या गायकीचे विश्लेषण व अभ्यासपूर्ण सांगीतिक लेखन अशा अनेक पैलूंनी त्यांचे व्यक्तिमत्त्व समृद्ध झाले होते.
/root/f5-tts-marathi/datasets/syspin_marathi_female/extracted/IISc_SYSPIN_Data/IISc_SYSPINProject_Marathi_Female_Spk001_HC/wav/IISc_SYSPINProject_mr_f_OTHE_03847.wav|पण तरीसुद्धा टोकदार मिश्या आणि आर्मीचा चुस्त युनिफॉर्म अशी स्वत:ची टेचदार छबी कल्पून मी हा अर्ज केला
/root/f5-tts-marathi/datasets/syspin_marathi_female/extracted/IISc_SYSPIN_Data/IISc_SYSPINProject_Marathi_Female_Spk001_HC/wav/IISc_SYSPINProject_mr_f_AGRI_03506.wav|या गडावर पावसाचे पाणी आणि सांडपाणी यांची योग्य ती विल्हेवाट लावण्यासाठी चर असलेले अनेक चौथरे आढळतात.
/root/f5-tts-marathi/datasets/syspin_marathi_female/extracted/IISc_SYSPIN_Data/IISc_SYSPINProject_Marathi_Female_Spk001_HC/wav/IISc_SYSPINProject_mr_f_BOOK_03096.wav|ही नेमणूक तीन वर्षांसाठी असायची. मुख्य अधिकाऱ्याला सल्ला देण्यासाठी राज्य सल्लागार मंडळ असे.
/root/f5-tts-marathi/datasets/syspin_marathi_female/extracted/IISc_SYSPIN_Data/IISc_SYSPINProject_Marathi_Female_Spk001_HC/wav/IISc_SYSPINProject_mr_f_AGRI_02075.wav|मूग आणि उडीदाला मध्यम ते भारी, चांगली निचरा होणारी जमीन आवश्यक असते पाणी साचून राहणारी क्षारपड, चोपण किंवा अत्यंत हलकी जमीन टाळावी.
/root/f5-tts-marathi/datasets/syspin_marathi_female/extracted/IISc_SYSPIN_Data/IISc_SYSPINProject_Marathi_Female_Spk001_HC/wav/IISc_SYSPINProject_mr_f_AGRI_01495.wav|कारण काय, तर जंगले आगीच्या भक्ष्यस्थानी पडल्यामुळे उंट पाणी पिण्यासाठी नागरी वस्तीत घुसतात.
/root/f5-tts-marathi/datasets/syspin_marathi_female/extracted/IISc_SYSPIN_Data/IISc_SYSPINProject_Marathi_Female_Spk001_HC/wav/IISc_SYSPINProject_mr_f_HEAL_00330.wav|यात फिर्यादी, पंच, प्रत्यक्षदर्शी साक्षीदार व डॉक्टर यांच्या साक्षी महत्त्वाच्या ठरल्या
/root/f5-tts-marathi/datasets/syspin_marathi_female/extracted/IISc_SYSPIN_Data/IISc_SYSPINProject_Marathi_Female_Spk001_HC/wav/IISc_SYSPINProject_mr_f_HEAL_03783.wav|खोकला किंवा शिंक आल्यास तोंडावर रुमाल वा टिश्यू पेपर ठेवावा
/root/f5-tts-marathi/datasets/syspin_marathi_female/extracted/IISc_SYSPIN_Data/IISc_SYSPINProject_Marathi_Female_Spk001_HC/wav/IISc_SYSPINProject_mr_f_AGRI_03624.wav|पण पडलेल्या पावसाचं पाणी मोठ्या प्रमाणात साठवलं जाऊन त्याचा सूक्ष्म सिंचनाच्या माध्यमातून वापर केला तर पिकांना मोठं जीवदान मिळू शकतं.
/root/f5-tts-marathi/datasets/syspin_marathi_female/extracted/IISc_SYSPIN_Data/IISc_SYSPINProject_Marathi_Female_Spk001_HC/wav/IISc_SYSPINProject_mr_f_BOOK_00332.wav|त्या त्या काळातील लोकांचे त्यांच्या परिसरासंबंधीचे ज्ञान आणि नैसर्गिक स्रोतांचा उपयोग करून घेण्याचे तंत्रज्ञान यांचा विकास कसा होत गेला, याची कल्पना या चित्रांद्वारे करता येऊ शकते.
/root/f5-tts-marathi/datasets/syspin_marathi_female/extracted/IISc_SYSPIN_Data/IISc_SYSPINProject_Marathi_Female_Spk001_HC/wav/IISc_SYSPINProject_mr_f_AGRI_04126.wav|खोड चिरले जाऊन झाड जमिनीपासून 1एक ते 1.5एक पॉइंट पाच फुटावर कोलमडते. खोडाची व मुळाची साल काढून पाहिल्यास बुरशीची वाढ दिसून येते.
/root/f5-tts-marathi/datasets/syspin_marathi_female/extracted/IISc_SYSPIN_Data/IISc_SYSPINProject_Marathi_Female_Spk001_HC/wav/IISc_SYSPINProject_mr_f_GENE_02861.wav|मिफ्ता पुरस्काराच्या तिसर्या वर्षात चित्रपट विभागात काकस्पर्श आणि नाटक विभागात टॉम आणि जेरी या कलाकृतींनी वर्चस्व राखले.
/root/f5-tts-marathi/datasets/syspin_marathi_female/extracted/IISc_SYSPIN_Data/IISc_SYSPINProject_Marathi_Female_Spk001_HC/wav/IISc_SYSPINProject_mr_f_BOOK_02832.wav|तेथे लोहखनिज व कोळशाचे साठे मोठ्या प्रमाणात उपलब्ध होते.
/root/f5-tts-marathi/datasets/syspin_marathi_female/extracted/IISc_SYSPIN_Data/IISc_SYSPINProject_Marathi_Female_Spk001_HC/wav/IISc_SYSPINProject_mr_f_EDUC_02783.wav|रोहिणी हट्टंगडी, सुशील इनामदार, भक्ती देसाई, श्वेता मेंहदळे, अभिजीत झुंझारराव यांच्याही या नाटकात प्रमुख भूमिका असतील.
/root/f5-tts-marathi/datasets/syspin_marathi_female/extracted/IISc_SYSPIN_Data/IISc_SYSPINProject_Marathi_Female_Spk001_HC/wav/IISc_SYSPINProject_mr_f_GENE_02552.wav|भारत आणि पाकिस्तान यांच्यातील तणाव निवळून दक्षिण आशियात स्थैर्य निर्माण होईल, असा आशावादही ट्रम्प यांनी व्यक्त केला.
/root/f5-tts-marathi/datasets/syspin_marathi_female/extracted/IISc_SYSPIN_Data/IISc_SYSPINProject_Marathi_Female_Spk001_HC/wav/IISc_SYSPINProject_mr_f_HEAL_00297.wav|मेंदू व स्पायनल कॉर्ड यांना तीन प्रकारच्या आवरणांनी संरक्षित केलेले असते
/root/f5-tts-marathi/datasets/syspin_marathi_female/extracted/IISc_SYSPIN_Data/IISc_SYSPINProject_Marathi_Female_Spk001_HC/wav/IISc_SYSPINProject_mr_f_WEAT_00078.wav|त्यामुळे शिवसेना नेते आणि पालकमंत्री एकनाथ शिंदे यांच्यासह आमदार प्रताप सरनाईक, आमदार संजय केळकर, आमदार नरेंद्र मेहता यांच्यासह महायुतीच्या हजारो कार्यकर्त्यांनी जास्तीची मेहनत घेतली.
/root/f5-tts-marathi/datasets/syspin_marathi_female/extracted/IISc_SYSPIN_Data/IISc_SYSPINProject_Marathi_Female_Spk001_HC/wav/IISc_SYSPINProject_mr_f_WEAT_03929.wav|असा अचलखांब होणे नाही, लोककलांचे अभ्यासक लोकशाहीर, माझे गुरु प्राध्यापक डॉक्टर रुस्तूम अचलखांब यांना भावपूर्ण श्रद्धांजली.
/root/f5-tts-marathi/datasets/syspin_marathi_female/extracted/IISc_SYSPIN_Data/IISc_SYSPINProject_Marathi_Female_Spk001_HC/wav/IISc_SYSPINProject_mr_f_BOOK_03129.wav|शिकाऊ उमेदवार ते प्रेसिडेंट सगळे वखारीच्या आवारात राहत असत. तेथे भोजनाची सोय होती.
/root/f5-tts-marathi/datasets/syspin_marathi_female/extracted/IISc_SYSPIN_Data/IISc_SYSPINProject_Marathi_Female_Spk001_HC/wav/IISc_SYSPINProject_mr_f_BOOK_00170.wav|दक्षिण भारताच्या भौगोलिक वैशिष्ट्यांकडे आणि इतिहासाकडे इतिहासकारांचे स्वतंत्रपणे लक्ष वेधले गेले.
/root/f5-tts-marathi/datasets/syspin_marathi_female/extracted/IISc_SYSPIN_Data/IISc_SYSPINProject_Marathi_Female_Spk001_HC/wav/IISc_SYSPINProject_mr_f_BOOK_03650.wav|अमेरिका व केनडा येथील भारतीयांनी 'गदर' या संघटनेची स्थाप ना केली होती.
/root/f5-tts-marathi/datasets/syspin_marathi_female/extracted/IISc_SYSPIN_Data/IISc_SYSPINProject_Marathi_Female_Spk001_HC/wav/IISc_SYSPINProject_mr_f_POLI_03102.wav|या मेळाव्यास माजी सनदी अधिकारी अविनाश धर्माधिकारी, अल्पसंख्यांक आघाडीचे प्रदेशाध्यक्ष हाजी गफ्फार मलिक, माजी अध्यक्ष मौलाना कदीर उपस्थित राहणार आहेत.
/root/f5-tts-marathi/datasets/syspin_marathi_female/extracted/IISc_SYSPIN_Data/IISc_SYSPINProject_Marathi_Female_Spk001_HC/wav/IISc_SYSPINProject_mr_f_BOOK_02863.wav|इंग्लंडने एका शतकात एवढा साम्राज्यविस्तार केला की त्यांच्या साम्राज्यावरील सूर्य मावळत नव्हता असे म्हटले जाऊ लागले.
/root/f5-tts-marathi/datasets/syspin_marathi_female/extracted/IISc_SYSPIN_Data/IISc_SYSPINProject_Marathi_Female_Spk001_HC/wav/IISc_SYSPINProject_mr_f_HEAL_00189.wav|मानवी मेंदू नॉलेज गोळा करण्यासाठी डेटा आणि इन्फर्मेशन या दोन्ही गोष्टी वापरतो
/root/f5-tts-marathi/datasets/syspin_marathi_female/extracted/IISc_SYSPIN_Data/IISc_SYSPINProject_Marathi_Female_Spk001_HC/wav/IISc_SYSPINProject_mr_f_BOOK_02127.wav|ज्या प्रदेशात पाऊस ठरावीक काळात पडतो त्या ठिकाणी वृक्षांची घनता कमी होत जाते.
/root/f5-tts-marathi/datasets/syspin_marathi_female/extracted/IISc_SYSPIN_Data/IISc_SYSPINProject_Marathi_Female_Spk001_HC/wav/IISc_SYSPINProject_mr_f_GENE_01893.wav|याच्या काही ठळक मर्यादा आहेत, जिथे इंटरनेट आणि विजेची अखंड सोय आहे त्या ठिकाणच्या रहिवाशांनी नेट बेंकिंग करायला हरकत नाही.
/root/f5-tts-marathi/datasets/syspin_marathi_female/extracted/IISc_SYSPIN_Data/IISc_SYSPINProject_Marathi_Female_Spk001_HC/wav/IISc_SYSPINProject_mr_f_HEAL_01468.wav|त्याला रक्ताची गरज असते, पण कैलासचे रक्त जुळत नाही म्हणून अमर रक्त देतो आणि बॉबी वाचतो
/root/f5-tts-marathi/datasets/syspin_marathi_female/extracted/IISc_SYSPIN_Data/IISc_SYSPINProject_Marathi_Female_Spk001_HC/wav/IISc_SYSPINProject_mr_f_AGRI_03951.wav|पाने एकाआड एक, भाल्यासारखी, साधी, साधारण दातेरी किनारीची व दोन्ही बाजूंस केसाळ असतात.
/root/f5-tts-marathi/datasets/syspin_marathi_female/extracted/IISc_SYSPIN_Data/IISc_SYSPINProject_Marathi_Female_Spk001_HC/wav/IISc_SYSPINProject_mr_f_BOOK_02655.wav|त्यानेजागतिक आण्विक नि:शस्त्रीकरणाला पाठिंबा देणेसुरू ठेवलेआहे. परंतुस्वसंरक्षणाच्या दृष्टीनेआण्विक शस्त्रास्त्र सिध्दता करून त्याला क्षमता विकसित करायची आहे.
/root/f5-tts-marathi/datasets/syspin_marathi_female/extracted/IISc_SYSPIN_Data/IISc_SYSPINProject_Marathi_Female_Spk001_HC/wav/IISc_SYSPINProject_mr_f_EDUC_02189.wav|ट्युनिशियाचे अध्यक्ष बेजी केड इसेबसी यांच्या सुरक्षा रक्षकांना घेऊन जाणाऱ्या बसमध्ये स्फोट झाल्याची घटना मंगळवारी रात्री घडली.
/root/f5-tts-marathi/datasets/syspin_marathi_female/extracted/IISc_SYSPIN_Data/IISc_SYSPINProject_Marathi_Female_Spk001_HC/wav/IISc_SYSPINProject_mr_f_AGRI_02439.wav|पाण्याची बचत, मिळणारे अधिक उत्पन्न आणि तण कमी करण्यासाठी शेतीमध्ये पिकांच्या सभोवताली घालण्यात येणारे प्लास्टिकचे आच्छादन अशा पध्दतीतून शेती लाभदायक ठरत आहे.
/root/f5-tts-marathi/datasets/syspin_marathi_female/extracted/IISc_SYSPIN_Data/IISc_SYSPINProject_Marathi_Female_Spk001_HC/wav/IISc_SYSPINProject_mr_f_HEAL_00883.wav|मस्तकात वेदना होत असल्यास शेवग्याचा डिंक दुधात वाटावा आणि त्याचा लेप मस्तकावर लावावा
/root/f5-tts-marathi/datasets/syspin_marathi_female/extracted/IISc_SYSPIN_Data/IISc_SYSPINProject_Marathi_Female_Spk001_HC/wav/IISc_SYSPINProject_mr_f_FINA_01777.wav|गरिबांसाठी किमान उत्पन्न देण्याची कांग्रेसची हम्मि. व गरिबांचं किमान उत्पन्न 72बहात्तर हजार करण्याचे आश्वासन दिले आहे.
/root/f5-tts-marathi/datasets/syspin_marathi_female/extracted/IISc_SYSPIN_Data/IISc_SYSPINProject_Marathi_Female_Spk001_HC/wav/IISc_SYSPINProject_mr_f_HEAL_02070.wav|जेवल्यावर तुम्ही ताणून देणार असाल तर, तुमचा स्थूलपणा, मधुमेह व रात्रीचा निद्रानाश ब्रह्मदेव सुद्धा बरे करू शकणार नाही
/root/f5-tts-marathi/datasets/syspin_marathi_female/extracted/IISc_SYSPIN_Data/IISc_SYSPINProject_Marathi_Female_Spk001_HC/wav/IISc_SYSPINProject_mr_f_BOOK_00362.wav|महाराष्ट्रामध्ये तयार केल्या जाणाऱ्या गणेशमूर्ती, गौरींचे मुखवटे, बैलपोळ्यासाठी केले जाणारे मातीचे बैल, पूर्वजांच्या स्मरणासाठी केलेले लाकडी मुखवट्याचे खांब, वीरगळ, आदिवासी घरांमधील साठवणीच्या मातीच्या कोठ्या, इत्यादी गोष्टी या शिल्पकलेच्या लोकपरंपरेची साक्ष देतात.
/root/f5-tts-marathi/datasets/syspin_marathi_female/extracted/IISc_SYSPIN_Data/IISc_SYSPINProject_Marathi_Female_Spk001_HC/wav/IISc_SYSPINProject_mr_f_AGRI_00457.wav|जेव्हा आपण इतर देशांमधून आयात केलेली फळे विकत घेतो, तेव्हा त्या प्रत्येक फळावर स्टीकर लावलेला असतो.
/root/f5-tts-marathi/datasets/syspin_marathi_female/extracted/IISc_SYSPIN_Data/IISc_SYSPINProject_Marathi_Female_Spk001_HC/wav/IISc_SYSPINProject_mr_f_WEAT_03035.wav|त्यानंतर पाटील यांच्या कुटुंबियांना वाढीव रक्कम व्याजासह देणार असल्याचं आश्वासन, ऊर्जामंत्री चंद्रशेखर बावनकुळे यांनी दिलंय.
/root/f5-tts-marathi/datasets/syspin_marathi_female/extracted/IISc_SYSPIN_Data/IISc_SYSPINProject_Marathi_Female_Spk001_HC/wav/IISc_SYSPINProject_mr_f_BOOK_00131.wav|अशीच प्रवृत्ती राजस्थानचा इतिहास लिहिताना कर्नल टॉडसारख्या अधिकाऱ्याच्या लेखनात आढळते.
/root/f5-tts-marathi/datasets/syspin_marathi_female/extracted/IISc_SYSPIN_Data/IISc_SYSPINProject_Marathi_Female_Spk001_HC/wav/IISc_SYSPINProject_mr_f_GENE_02751.wav|आंध्र प्रदेशातील श्रीहरिकोटा याठिकाणी असलेल्या सतीश धवन अवकाश तळावरून हा उपग्रह अवकाशात झेपावला.
/root/f5-tts-marathi/datasets/syspin_marathi_female/extracted/IISc_SYSPIN_Data/IISc_SYSPINProject_Marathi_Female_Spk001_HC/wav/IISc_SYSPINProject_mr_f_BOOK_05514.wav|धातूंना हवेमध्येतापविले असता हवेतील ओक्सिजनशी ते संयोग पावतात व धातूंच्या ओक्साइडची निर्मिती होते.
/root/f5-tts-marathi/datasets/syspin_marathi_female/extracted/IISc_SYSPIN_Data/IISc_SYSPINProject_Marathi_Female_Spk001_HC/wav/IISc_SYSPINProject_mr_f_WEAT_02492.wav|असे सांगून जमदग्नी ऋषींनी दृढ आसन घालून, प्राणअपान आवरून क्रोधाचे दहन करायचे कार्य आरंभ केले.
/root/f5-tts-marathi/datasets/syspin_marathi_female/extracted/IISc_SYSPIN_Data/IISc_SYSPINProject_Marathi_Female_Spk001_HC/wav/IISc_SYSPINProject_mr_f_EDUC_03280.wav|सुरेख कारंजा, मस्जीद आणि अयासोफिया या दोन्ही इमारतींना केलेले सुरेख लायटिंग यामुळे सुलतान अहमत चौकाचा तो परिसर उजळून निघाला होता.
/root/f5-tts-marathi/datasets/syspin_marathi_female/extracted/IISc_SYSPIN_Data/IISc_SYSPINProject_Marathi_Female_Spk001_HC/wav/IISc_SYSPINProject_mr_f_EDUC_00473.wav|विद्यार्थ्यांच्या आयुष्यात दहावी आणि बारावीच्या बोर्डाच्या परीक्षा या त्यांच्या करियरला टर्निंग पॉइंट ठरणाऱ्या असतात.
/root/f5-tts-marathi/datasets/syspin_marathi_female/extracted/IISc_SYSPIN_Data/IISc_SYSPINProject_Marathi_Female_Spk001_HC/wav/IISc_SYSPINProject_mr_f_BOOK_01382.wav|पुढे या मूलद्रव्यांचा शोध लागून त्यांना अनुक्रमे स्कंडिअम, गेलिअम, जर्मेनिअम अशी नावे देण्यात आली.
/root/f5-tts-marathi/datasets/syspin_marathi_female/extracted/IISc_SYSPIN_Data/IISc_SYSPINProject_Marathi_Female_Spk001_HC/wav/IISc_SYSPINProject_mr_f_HEAL_03874.wav|या काळात रुग्णाच्या निकट संपर्कात येणाऱ्या जवळजवळ 90नव्वदटक्के असंरक्षित व्यक्तींना कांजिण्या होण्याचा धोका असतो.
/root/f5-tts-marathi/datasets/syspin_marathi_female/extracted/IISc_SYSPIN_Data/IISc_SYSPINProject_Marathi_Female_Spk001_HC/wav/IISc_SYSPINProject_mr_f_HEAL_04113.wav|दमा असणाऱ्यांना सुद्धा सीओपीडी होण्याचा धोका अधिक असतो.
/root/f5-tts-marathi/datasets/syspin_marathi_female/extracted/IISc_SYSPIN_Data/IISc_SYSPINProject_Marathi_Female_Spk001_HC/wav/IISc_SYSPINProject_mr_f_FINA_00862.wav|मेच्युरिटीच्या वेळी पासबुक आणि विड्रॉवल स्लिप सादर केल्यास खातेदाराला व्याजासह जमा रक्कम परत करण्यात येईल.
/root/f5-tts-marathi/datasets/syspin_marathi_female/extracted/IISc_SYSPIN_Data/IISc_SYSPINProject_Marathi_Female_Spk001_HC/wav/IISc_SYSPINProject_mr_f_AGRI_01514.wav|जेथे कमी प्रमाणात सेंद्रिय खते, सेंद्रिय पदार्थ आणि हिरवळीची खते उपलब्ध आहेत, तेथे एकात्मिक खत पुरवठा पद्धतीचा वापर करणे योग्य ठरते.
/root/f5-tts-marathi/datasets/syspin_marathi_female/extracted/IISc_SYSPIN_Data/IISc_SYSPINProject_Marathi_Female_Spk001_HC/wav/IISc_SYSPINProject_mr_f_POLI_00025.wav|ज्योतीनगर व प्राथमिक शाळा हिंडलगा यांची निवड करून मान्यवरांच्या हस्ते स्मृतिचिन्ह, भेटवस्तू व पुष्पगुच्छ देऊन सत्कार करण्यात आला.
/root/f5-tts-marathi/datasets/syspin_marathi_female/extracted/IISc_SYSPIN_Data/IISc_SYSPINProject_Marathi_Female_Spk001_HC/wav/IISc_SYSPINProject_mr_f_WEAT_02260.wav|अनेकांना कोल्ड्रींक आणि जंकफूड शिवाय दिवस चांगला गेला असे वाटत नाही.
/root/f5-tts-marathi/datasets/syspin_marathi_female/extracted/IISc_SYSPIN_Data/IISc_SYSPINProject_Marathi_Female_Spk001_HC/wav/IISc_SYSPINProject_mr_f_WEAT_00717.wav|7सात एप्रिल 2012दोन हजार बाराला मुंबईच्या ओशीवारा परिसरात अरूण टिक्कू या जेष्ठ नागरिकाची निर्घृण हत्या करण्यात आली होती.
/root/f5-tts-marathi/datasets/syspin_marathi_female/extracted/IISc_SYSPIN_Data/IISc_SYSPINProject_Marathi_Female_Spk001_HC/wav/IISc_SYSPINProject_mr_f_WEAT_00499.wav|आतापर्यंत सरकारने अनेकवेळा अण्णांना आश्वासने देऊनही ती पाळण्यात न आल्याने अण्णांना प्रत्येकवेळी उपोषणाचा मार्ग स्वीकारावा लागला होता.
/root/f5-tts-marathi/datasets/syspin_marathi_female/extracted/IISc_SYSPIN_Data/IISc_SYSPINProject_Marathi_Female_Spk001_HC/wav/IISc_SYSPINProject_mr_f_BOOK_03014.wav|त्यामुळे सिक्कीम इंग्रज व्यापाऱ्यांसाठी खुले झाले.
/root/f5-tts-marathi/datasets/syspin_marathi_female/extracted/IISc_SYSPIN_Data/IISc_SYSPINProject_Marathi_Female_Spk001_HC/wav/IISc_SYSPINProject_mr_f_EVAL_00201.wav|स्थलीय वापरासाठी अनेक सामान्य दैनंदिन सेवा जसे की हवामानाचा अंदाज, रिमोट सेन्सिंग इ. अवकाशातील पायाभूत सुविधांवर अवलंबून असतात.
/root/f5-tts-marathi/datasets/syspin_marathi_female/extracted/IISc_SYSPIN_Data/IISc_SYSPINProject_Marathi_Female_Spk001_HC/wav/IISc_SYSPINProject_mr_f_WEAT_00521.wav|लेरी पेज हा बुजरा, अबोल आणि अंतर्मुख होता तर सर्गे ब्रिन हा धाडसी, बोलका आणि बहिर्मुख होता.
/root/f5-tts-marathi/datasets/syspin_marathi_female/extracted/IISc_SYSPIN_Data/IISc_SYSPINProject_Marathi_Female_Spk001_HC/wav/IISc_SYSPINProject_mr_f_WEAT_00330.wav|आर्म्ड फोर्स मेडिकल सर्व्हिसने शॉर्ट सर्व्हिस कमिशन पदांसाठी उमेदवारी अर्ज मागवले आहेत.
/root/f5-tts-marathi/datasets/syspin_marathi_female/extracted/IISc_SYSPIN_Data/IISc_SYSPINProject_Marathi_Female_Spk001_HC/wav/IISc_SYSPINProject_mr_f_OTHE_03418.wav|सुनेत्रा परांजपे, सीमा पुजारे, संगीता कामत तिघी वर्ल्ड कपदेखील खेळल्या आहेत.
/root/f5-tts-marathi/datasets/syspin_marathi_female/extracted/IISc_SYSPIN_Data/IISc_SYSPINProject_Marathi_Female_Spk001_HC/wav/IISc_SYSPINProject_mr_f_BOOK_01282.wav|क्षितिजलंब दिशेत सरळ वर फेकलेल्या दगडाचा वेग एकसमान असेल काय, की तो कालानुसार बदलेल? कशा प्रकारे बदलेल? तो दगड सतत वर का जात नाही? थोड्या उंचीवर जाऊन तो परत खाली का पडतो? त्याची कमाल उंची कशावर अवलंबून असते?
/root/f5-tts-marathi/datasets/syspin_marathi_female/extracted/IISc_SYSPIN_Data/IISc_SYSPINProject_Marathi_Female_Spk001_HC/wav/IISc_SYSPINProject_mr_f_OTHE_00317.wav|अधिक माहिती देताना डॉ म्हैसकर म्हणाले, पिण्याच्या पाण्याचे गावात जाणारे टेंकर आणि टेंकर भरण्यासाठी पाण्याचे स्रोत यांची निश्चिती करा.
/root/f5-tts-marathi/datasets/syspin_marathi_female/extracted/IISc_SYSPIN_Data/IISc_SYSPINProject_Marathi_Female_Spk001_HC/wav/IISc_SYSPINProject_mr_f_BOOK_05606.wav|ढवळणीमुळे तेल, पाणी व हवेचे बुडबुडे यांचा मिळून फेस तयार होतो.
/root/f5-tts-marathi/datasets/syspin_marathi_female/extracted/IISc_SYSPIN_Data/IISc_SYSPINProject_Marathi_Female_Spk001_HC/wav/IISc_SYSPINProject_mr_f_EDUC_03052.wav|चिश्ती येथील दरगाह नजीकच शेख कुटुंबीयांचे जुने निवासस्थान होते व घरानजीकच एक वारुळ होते.
/root/f5-tts-marathi/datasets/syspin_marathi_female/extracted/IISc_SYSPIN_Data/IISc_SYSPINProject_Marathi_Female_Spk001_HC/wav/IISc_SYSPINProject_mr_f_EDUC_01960.wav|क्रॉसिंगसाठी थांबलेल्या झेलम एक्सप्रेस रेल्वेवर दगडफेक करत, खिडकीतून हात घालून चोरट्यांनी महिलांचे दागिने, मोबाईल घड्याळ लांबविण्याचा प्रकार घडला.
/root/f5-tts-marathi/datasets/syspin_marathi_female/extracted/IISc_SYSPIN_Data/IISc_SYSPINProject_Marathi_Female_Spk001_HC/wav/IISc_SYSPINProject_mr_f_POLI_01609.wav|थेट नेहरु गांधी घराण्याशी नाव जोडले गेल्यामुळे त्याकाळी योगाला अचानक झळाळी मिळाली.
/root/f5-tts-marathi/datasets/syspin_marathi_female/extracted/IISc_SYSPIN_Data/IISc_SYSPINProject_Marathi_Female_Spk001_HC/wav/IISc_SYSPINProject_mr_f_OTHE_03523.wav|मिनाकारी वर्क, पटोला, एम्ब्रॉयडरी वर्क, ब्रोकेट, पैठणी, नारायण पेठ, पुलकारी वर्क असलेले हे दुपट्टे अगदी त्यांच्या नावाप्रमाणे डीझायनर आहेत
/root/f5-tts-marathi/datasets/syspin_marathi_female/extracted/IISc_SYSPIN_Data/IISc_SYSPINProject_Marathi_Female_Spk001_HC/wav/IISc_SYSPINProject_mr_f_EDUC_00493.wav|या क्लबचे सभासद होऊन, त्यांनी स्क्वेाश खेळाचे प्रशिक्षण घेऊन उत्तुंग भरारी घेण्यास सुरुवात केली.
/root/f5-tts-marathi/datasets/syspin_marathi_female/extracted/IISc_SYSPIN_Data/IISc_SYSPINProject_Marathi_Female_Spk001_HC/wav/IISc_SYSPINProject_mr_f_OTHE_02950.wav|तीस अंशापुढे अगदी डोक्यावर हात नेण्याच्या कामी खांद्याची गोलाई ज्या डौलदार स्नायूमुळे दिसते, ते डेल्टाेइड स्नायूच असतात
/root/f5-tts-marathi/datasets/syspin_marathi_female/extracted/IISc_SYSPIN_Data/IISc_SYSPINProject_Marathi_Female_Spk001_HC/wav/IISc_SYSPINProject_mr_f_BOOK_04916.wav|गंजण्यासाठी पाणी व हवा या दोन्हींची आवश्यकता असते. क्षारांच्या सानिध्यात गंजण्याची क्रिया जलद होते.
/root/f5-tts-marathi/datasets/syspin_marathi_female/extracted/IISc_SYSPIN_Data/IISc_SYSPINProject_Marathi_Female_Spk001_HC/wav/IISc_SYSPINProject_mr_f_POLI_00193.wav|एकंदरीत स्क्रू ड्रायव्हरचं कार्य हे पूर्णपणे स्क्रूवरच अवलंबून असल्याने स्क्रू ड्रायव्हरचा इतिहास स्क्रूच्या इतिहासाशी निगडीत आहे.
/root/f5-tts-marathi/datasets/syspin_marathi_female/extracted/IISc_SYSPIN_Data/IISc_SYSPINProject_Marathi_Female_Spk001_HC/wav/IISc_SYSPINProject_mr_f_WEAT_03489.wav|आपत्ती व्यवस्थापन कक्षाला अत्यावश्यक असणाऱ्या बोट व लाईफ जेकेटची उपलब्धता न्यू गुजरी मित्र मंडळातर्फे करण्यात येणार आहे.
/root/f5-tts-marathi/datasets/syspin_marathi_female/extracted/IISc_SYSPIN_Data/IISc_SYSPINProject_Marathi_Female_Spk001_HC/wav/IISc_SYSPINProject_mr_f_OTHE_04000.wav|हेरॉईन,कोकीन, अफू अशा अनेक अंमली पदार्थांची तस्करी गेल्या काही वर्षांपासून बेळगावात सुरू आहे
/root/f5-tts-marathi/datasets/syspin_marathi_female/extracted/IISc_SYSPIN_Data/IISc_SYSPINProject_Marathi_Female_Spk001_HC/wav/IISc_SYSPINProject_mr_f_EDUC_03017.wav|दरम्यान अनेक शेतकऱ्यांनी मोसंबी पिक् विम्याची मंजुरी याविषयी टाटा एआयजी इन्शुरेन्स कंपनीकडे चौकशी केली. मात्र कोणतीही माहिती शेतकऱ्यांना मिळाली नाही.
/root/f5-tts-marathi/datasets/syspin_marathi_female/extracted/IISc_SYSPIN_Data/IISc_SYSPINProject_Marathi_Female_Spk001_HC/wav/IISc_SYSPINProject_mr_f_AGRI_04223.wav|एकात्मिक खत व्यवस्थापनास पेरू चांगला प्रतिसाद देतो. पीकवाढीची अवस्था, माती परीक्षण यांनुसार लागणारी प्राथमिक, दुय्यम व सूक्ष्म अन्नद्रव्ये पिकांस द्यावीत.
/root/f5-tts-marathi/datasets/syspin_marathi_female/extracted/IISc_SYSPIN_Data/IISc_SYSPINProject_Marathi_Female_Spk001_HC/wav/IISc_SYSPINProject_mr_f_HEAL_01799.wav|पार्वतीने केवळ चेष्टा म्हणून शंकरांच्या मागून येऊन आपल्या दोन्ही हातांनी शंकरांचे दोन्ही डोळे झाकले
/root/f5-tts-marathi/datasets/syspin_marathi_female/extracted/IISc_SYSPIN_Data/IISc_SYSPINProject_Marathi_Female_Spk001_HC/wav/IISc_SYSPINProject_mr_f_HEAL_04371.wav|कर्करोगाच्या स्वरूपानुसार तसेच शस्त्रक्रियेच्या व प्रारण चिकित्सेच्या आधी किंवा नंतर आवश्यकतेनुसार रुग्णास रासायनिक चिकित्सा दिली जाते.
/root/f5-tts-marathi/datasets/syspin_marathi_female/extracted/IISc_SYSPIN_Data/IISc_SYSPINProject_Marathi_Female_Spk001_HC/wav/IISc_SYSPINProject_mr_f_POLI_01887.wav|बोरिवलीत शिवसेना आमदार प्रकाश सुर्वेंनी आयोजित केलेल्या दहीहंडीला गोविंदा पथकांनी थर रचून सलामी दिली.
/root/f5-tts-marathi/datasets/syspin_marathi_female/extracted/IISc_SYSPIN_Data/IISc_SYSPINProject_Marathi_Female_Spk001_HC/wav/IISc_SYSPINProject_mr_f_BOOK_00904.wav|त्यांच्यावर दृक्-श्राव्य प्रसारमाध्यमांतून कार्यक्रम तयार होऊ लागले.
/root/f5-tts-marathi/datasets/syspin_marathi_female/extracted/IISc_SYSPIN_Data/IISc_SYSPINProject_Marathi_Female_Spk001_HC/wav/IISc_SYSPINProject_mr_f_AGRI_04038.wav|महाराष्ट्रात सध्या फुले भगवा सुपर ही जात लागवडीत आहे. सदर वाण गर्द केशरी रंगाचे आहे. फळांची साल जाड व चकचकीत असून दाणे मऊ आहेत.
/root/f5-tts-marathi/datasets/syspin_marathi_female/extracted/IISc_SYSPIN_Data/IISc_SYSPINProject_Marathi_Female_Spk001_HC/wav/IISc_SYSPINProject_mr_f_OTHE_00754.wav|पोलिसांचा गणवेश हाफ पेंटवरून फुल पेंट करण्याच्या निर्णयात भाई वैद्य यांचा पुढाकार होता.
/root/f5-tts-marathi/datasets/syspin_marathi_female/extracted/IISc_SYSPIN_Data/IISc_SYSPINProject_Marathi_Female_Spk001_HC/wav/IISc_SYSPINProject_mr_f_AGRI_01330.wav|त्यात पाणी घालून उकळी आल्यावर लिंबाचा रस किंवा कैरीचा गर किंवा आमसूल घालावे.
/root/f5-tts-marathi/datasets/syspin_marathi_female/extracted/IISc_SYSPIN_Data/IISc_SYSPINProject_Marathi_Female_Spk001_HC/wav/IISc_SYSPINProject_mr_f_WEAT_00565.wav|आता तब्येतीकडे लक्ष देत 'हिमालयाची सावली'चे कमीत कमी 100शंभर प्रयोग करण्याचा शरद पोंक्षेंचा निर्धार आहे.
/root/f5-tts-marathi/datasets/syspin_marathi_female/extracted/IISc_SYSPIN_Data/IISc_SYSPINProject_Marathi_Female_Spk001_HC/wav/IISc_SYSPINProject_mr_f_OTHE_00438.wav|गप्पूने पप्पूची माफी मागितली आणि म्हणाला, गप्पू मी जास्त महत्त्वाकांक्षी झालो.
/root/f5-tts-marathi/datasets/syspin_marathi_female/extracted/IISc_SYSPIN_Data/IISc_SYSPINProject_Marathi_Female_Spk001_HC/wav/IISc_SYSPINProject_mr_f_POLI_00720.wav|ही जागा भारताच्या उत्तर पूर्वी राज्य असलेल्या आसामच्या जतिंगा गावात आहे.
/root/f5-tts-marathi/datasets/syspin_marathi_female/extracted/IISc_SYSPIN_Data/IISc_SYSPINProject_Marathi_Female_Spk001_HC/wav/IISc_SYSPINProject_mr_f_WEAT_00574.wav|मुंबई मिररमध्ये प्रसिद्ध झालेल्या वृत्तानुसार सर्व फ्रेन्चायझींनी, त्यांच्या खेळाडूंनी हंगाम सुरू होण्यापूर्वी असा कोणताही सामना न खेळावा अशी इच्छा आहे.
/root/f5-tts-marathi/datasets/syspin_marathi_female/extracted/IISc_SYSPIN_Data/IISc_SYSPINProject_Marathi_Female_Spk001_HC/wav/IISc_SYSPINProject_mr_f_BOOK_04736.wav|यौवनावस्थेपासून रजोनिवृत्तीपर्यंत दरमहा एक अंडपेशी अंडाशयातून बाहेर पडते.
/root/f5-tts-marathi/datasets/syspin_marathi_female/extracted/IISc_SYSPIN_Data/IISc_SYSPINProject_Marathi_Female_Spk001_HC/wav/IISc_SYSPINProject_mr_f_FINA_03103.wav|संपूर्ण शुल्क भरलेल्या मराठा समाजातील आठ लाखांच्या आतील वार्षिक उत्पन्न असलेल्या विद्यार्थ्यांचे निम्मे शुल्क परत करण्याची कार्यवाही करण्याचे निर्देश चंद्रकांत पाटील यांनी दिले आहेत.
/root/f5-tts-marathi/datasets/syspin_marathi_female/extracted/IISc_SYSPIN_Data/IISc_SYSPINProject_Marathi_Female_Spk001_HC/wav/IISc_SYSPINProject_mr_f_BOOK_04501.wav|पर्यटकांशी कसे वागावे, त्यांना कोणत्या प्रकारची मदत करावी, या संदर्भातील वागण्या-बोलण्याचे शिष्टाचार यांचे पद्धतशीर शिक्षण देणाऱ्या संस्था सुरू करण्यात आल्या आहेत.
/root/f5-tts-marathi/datasets/syspin_marathi_female/extracted/IISc_SYSPIN_Data/IISc_SYSPINProject_Marathi_Female_Spk001_HC/wav/IISc_SYSPINProject_mr_f_OTHE_01690.wav|त्यांच्यासह हृषिकेश जोशी, अमोल पराशर, सिया पाटील आदींच्या भूमिका आहेत.
/root/f5-tts-marathi/datasets/syspin_marathi_female/extracted/IISc_SYSPIN_Data/IISc_SYSPINProject_Marathi_Female_Spk001_HC/wav/IISc_SYSPINProject_mr_f_BOOK_01712.wav|त्यांतील घटकपक्ष शोधा व त्यांची नावे लिहा.
/root/f5-tts-marathi/datasets/syspin_marathi_female/extracted/IISc_SYSPIN_Data/IISc_SYSPINProject_Marathi_Female_Spk001_HC/wav/IISc_SYSPINProject_mr_f_FINA_03132.wav|पुणे विभागात देखील केशलेसला प्रोत्साहन देण्यासाठी ठिकठिकाणी डेबिट व क्रेडिट कार्ड स्वीकारणारी पीओएस मशिन बसविण्यात आली.
/root/f5-tts-marathi/datasets/syspin_marathi_female/extracted/IISc_SYSPIN_Data/IISc_SYSPINProject_Marathi_Female_Spk001_HC/wav/IISc_SYSPINProject_mr_f_BOOK_04442.wav|प्राथमिक शाळेत विद्यार्थ्यांची शंभर टक्के पटनोंदणी, उपस्थिती, विद्यार्थी गळती रोखणे, इत्यादी उद्दिष्टांच यात समावेश होता.
/root/f5-tts-marathi/datasets/syspin_marathi_female/extracted/IISc_SYSPIN_Data/IISc_SYSPINProject_Marathi_Female_Spk001_HC/wav/IISc_SYSPINProject_mr_f_OTHE_03937.wav|भारतीय संघाचा मधल्या फळीतील फलंदाज मनीष पांडेनं मागील आठवड्यात प्रेयसी अश्रिता शेट्टी हिच्यीशी विवाह केला
/root/f5-tts-marathi/datasets/syspin_marathi_female/extracted/IISc_SYSPIN_Data/IISc_SYSPINProject_Marathi_Female_Spk001_HC/wav/IISc_SYSPINProject_mr_f_OTHE_02058.wav|पुणे शहरात हॉटेल्स, खाऊगल्ल्या, कचरापेट्या, मार्केट परिसरात मोठ्या प्रमाणात भटकी कुत्री आढळतात.
/root/f5-tts-marathi/datasets/syspin_marathi_female/extracted/IISc_SYSPIN_Data/IISc_SYSPINProject_Marathi_Female_Spk001_HC/wav/IISc_SYSPINProject_mr_f_FINA_01766.wav|राज्यातील नागरी सहकारी बंकांना अनुत्पादक कर्जामधील प्रभावी वसुलीसाठी एक रकमी कर्ज परतफेड योजना राबविण्यास यापूर्वीही सरकारने वेळोवेळी मंजुरी दिलेली आहे.
/root/f5-tts-marathi/datasets/syspin_marathi_female/extracted/IISc_SYSPIN_Data/IISc_SYSPINProject_Marathi_Female_Spk001_HC/wav/IISc_SYSPINProject_mr_f_HEAL_04202.wav|सन 2018दोन हजार अठरा मधील जागतिक प्रवास संघटनेच्या अहवालानुसार, आंतरराष्ट्रीय प्रवाशांचे प्रमाण 6सहाटक्के वाढून 1,407चौदाशे सात दशलक्ष झाले आहे.
/root/f5-tts-marathi/datasets/syspin_marathi_female/extracted/IISc_SYSPIN_Data/IISc_SYSPINProject_Marathi_Female_Spk001_HC/wav/IISc_SYSPINProject_mr_f_BOOK_01478.wav|त्यानुसार आपल्या देशात लोकांना थेट प्रतिनिधित्व देणाऱ्या संसद, राज्य विधानसभा आणि स्थानिक शासनसंस्था आहेत.
/root/f5-tts-marathi/datasets/syspin_marathi_female/extracted/IISc_SYSPIN_Data/IISc_SYSPINProject_Marathi_Female_Spk001_HC/wav/IISc_SYSPINProject_mr_f_AGRI_02415.wav|सहसा पाणी वापरून भजांचे पीठ करतात पण पुष्कळ ठिकाणी दूध किंवा बियर वापरूनही हे पीठ तयार केले जाते.
/root/f5-tts-marathi/datasets/syspin_marathi_female/extracted/IISc_SYSPIN_Data/IISc_SYSPINProject_Marathi_Female_Spk001_HC/wav/IISc_SYSPINProject_mr_f_WEAT_01748.wav|अंबानी परिवाराने या सोहळ्याचे आयोजन स्वित्झर्लंड येथील मोरित्ज येथे केले आहे.
/root/f5-tts-marathi/datasets/syspin_marathi_female/extracted/IISc_SYSPIN_Data/IISc_SYSPINProject_Marathi_Female_Spk001_HC/wav/IISc_SYSPINProject_mr_f_AGRI_01813.wav|गाठीगाठींचे खोड व गुलाबी रंगाची फुले हे या झाडाचे वैशिष्टय आहे
/root/f5-tts-marathi/datasets/syspin_marathi_female/extracted/IISc_SYSPIN_Data/IISc_SYSPINProject_Marathi_Female_Spk001_HC/wav/IISc_SYSPINProject_mr_f_HEAL_01046.wav|विक्री बिले व औषधे खरेदी रेकॉर्ड न ठेवणे, डॉक्टरांच्या चिठ्ठीशिवाय औषधे देणे, दुकानात नोंदणीकृत फार्मासिस्ट नसणे आदी कारणे तपासणीत आढळली
/root/f5-tts-marathi/datasets/syspin_marathi_female/extracted/IISc_SYSPIN_Data/IISc_SYSPINProject_Marathi_Female_Spk001_HC/wav/IISc_SYSPINProject_mr_f_HEAL_04285.wav|18अठरा जुलै 1921एकोणीशे एकवीस रोजी चेरिट हॉस्पिटल, पेरिस येथे क्षयरोगाने दगावलेल्या मातेच्या बाळाला बेंजामिन हेले यांनी सर्वप्रथम ही लस मुखावाटे पाजली.
/root/f5-tts-marathi/datasets/syspin_marathi_female/extracted/IISc_SYSPIN_Data/IISc_SYSPINProject_Marathi_Female_Spk001_HC/wav/IISc_SYSPINProject_mr_f_GENE_00237.wav|गेम ओफ थ्रोन्सचं कथानक म्हणजे एखाद्या प्रचंड मोठं पात्र असलेल्या नदीचा प्रवास मानला, तर यात अनेक प्रवाह, उपप्रवाह, अंतर्प्रवाह, डोह, उपडोह आढळतात.
/root/f5-tts-marathi/datasets/syspin_marathi_female/extracted/IISc_SYSPIN_Data/IISc_SYSPINProject_Marathi_Female_Spk001_HC/wav/IISc_SYSPINProject_mr_f_FINA_03031.wav|दोन हजार सतरा पेक्षा दोन हजार अठरा मध्ये युनायटेड किंग्डमचा अर्थव्यवस्था वाढीचा वेग शून्य पॉइंट पंचाहत्तर टक्के अधिक होता तर फ्रान्सची अर्थव्यवस्था याच काळात चार पॉइंट पंच्याऐंशी टक्के अधिक वाढली.
/root/f5-tts-marathi/datasets/syspin_marathi_female/extracted/IISc_SYSPIN_Data/IISc_SYSPINProject_Marathi_Female_Spk001_HC/wav/IISc_SYSPINProject_mr_f_POLI_02342.wav|फ्रान्सची माजी महिला टेनिसपटू अमेली मॉरेस्मो आता आपल्या देशाचा पुरुष टेनिसपटू लुकास पौलीला टेनिसचे मार्गदर्शन करणार आहे
/root/f5-tts-marathi/datasets/syspin_marathi_female/extracted/IISc_SYSPIN_Data/IISc_SYSPINProject_Marathi_Female_Spk001_HC/wav/IISc_SYSPINProject_mr_f_OTHE_03723.wav|आता व्हाट्सअपचा नियमित वापर करणारे युजर्स या माध्यमातून पैशांची देवाण घेवाण पण करू शकणार आहेत
/root/f5-tts-marathi/datasets/syspin_marathi_female/extracted/IISc_SYSPIN_Data/IISc_SYSPINProject_Marathi_Female_Spk001_HC/wav/IISc_SYSPINProject_mr_f_GENE_00343.wav|हे गीत देव नेगी आणि गोल्डी यांनी गायले असून तनिश्क बागची यांनी संगीत दिले आहे.
/root/f5-tts-marathi/datasets/syspin_marathi_female/extracted/IISc_SYSPIN_Data/IISc_SYSPINProject_Marathi_Female_Spk001_HC/wav/IISc_SYSPINProject_mr_f_FINA_03175.wav|फळपीक विमा योजना हंगाम कालावधीशी निगडीत करण्यासाठी शासनाला प्रस्ताव पाठविण्याच्या सूचना जिल्हा अधीक्षक कृषी अधिकारी साबळे यांना केल्या आहेत.
/root/f5-tts-marathi/datasets/syspin_marathi_female/extracted/IISc_SYSPIN_Data/IISc_SYSPINProject_Marathi_Female_Spk001_HC/wav/IISc_SYSPINProject_mr_f_EVAL_00165.wav|आज सकाळी रस्त्यावर खूप रहदारी होती का?
/root/f5-tts-marathi/datasets/syspin_marathi_female/extracted/IISc_SYSPIN_Data/IISc_SYSPINProject_Marathi_Female_Spk001_HC/wav/IISc_SYSPINProject_mr_f_BOOK_02166.wav|वाघ आणि सिंह हे दोन्ही प्राणी असणारा भारत हा जगातील एकमेव देश आहे.
/root/f5-tts-marathi/datasets/syspin_marathi_female/extracted/IISc_SYSPIN_Data/IISc_SYSPINProject_Marathi_Female_Spk001_HC/wav/IISc_SYSPINProject_mr_f_EDUC_02282.wav|मूल्यबैठक नसलेले विज्ञान विध्वंसाच्या दिशेने जाऊ शकते तर तर्कसंगत नसलेली श्रद्धा अंधश्रद्धेला जाऊन भिडू शकते.
/root/f5-tts-marathi/datasets/syspin_marathi_female/extracted/IISc_SYSPIN_Data/IISc_SYSPINProject_Marathi_Female_Spk001_HC/wav/IISc_SYSPINProject_mr_f_HEAL_02291.wav|अशा कोणत्याही गोष्टीवर विश्वास न ठेवता आपल्या मेडिकल कन्सल्टंट किंवा डॉक्टर यांचा सल्ला घ्यावा
/root/f5-tts-marathi/datasets/syspin_marathi_female/extracted/IISc_SYSPIN_Data/IISc_SYSPINProject_Marathi_Female_Spk001_HC/wav/IISc_SYSPINProject_mr_f_POLI_00888.wav|त्याचे लोकार्पण मुख्यमंत्री देवेंद्र फडणवीस यांच्या हस्ते षण्मुखानंद सभागृहात रविवारी झाले.
/root/f5-tts-marathi/datasets/syspin_marathi_female/extracted/IISc_SYSPIN_Data/IISc_SYSPINProject_Marathi_Female_Spk001_HC/wav/IISc_SYSPINProject_mr_f_BOOK_01300.wav|याचे उत्तर 'नाही' असे आहे.
/root/f5-tts-marathi/datasets/syspin_marathi_female/extracted/IISc_SYSPIN_Data/IISc_SYSPINProject_Marathi_Female_Spk001_HC/wav/IISc_SYSPINProject_mr_f_OTHE_01073.wav|या अपघातात एसटी बसचा कंडक्टर जखमी झाला असून 3तीन प्रवासी किरकोळ जखमी झाले आहेत.
/root/f5-tts-marathi/datasets/syspin_marathi_female/extracted/IISc_SYSPIN_Data/IISc_SYSPINProject_Marathi_Female_Spk001_HC/wav/IISc_SYSPINProject_mr_f_WEAT_04025.wav|उमेदवारी अर्ज छाननीत संजय वाघचौरे यांनी मला 'राष्ट्रवादी'चा अधिकृत एबी फॉर्म मिळाला म्हणत गोर्डेंच्या उमेदवारी अर्जावर आक्षेप घेतला होता.
/root/f5-tts-marathi/datasets/syspin_marathi_female/extracted/IISc_SYSPIN_Data/IISc_SYSPINProject_Marathi_Female_Spk001_HC/wav/IISc_SYSPINProject_mr_f_BOOK_02910.wav|तेथे त्यांना सोन्याचे साठे सापडले.अमेरिकेच्या भूमीवर ऊस आणि तंबाखू पिकवण्यासाठी स्पेनिश लोकांनी आफ्रिकेतून गुलाम आणले.
/root/f5-tts-marathi/datasets/syspin_marathi_female/extracted/IISc_SYSPIN_Data/IISc_SYSPINProject_Marathi_Female_Spk001_HC/wav/IISc_SYSPINProject_mr_f_OTHE_01571.wav|जर या फ्ल्युइडची पातळी खाली गेली तर त्यामुळे ब्रेक यंत्रणा निकामी होऊ शकते.
/root/f5-tts-marathi/datasets/syspin_marathi_female/extracted/IISc_SYSPIN_Data/IISc_SYSPINProject_Marathi_Female_Spk001_HC/wav/IISc_SYSPINProject_mr_f_OTHE_00364.wav|उपान्त्य फेरीतही त्याने आपल्या प्रतिस्पर्ध्याचा एकतर्फी पराभव करत अंतिम फेरी गाठून भारताचे पदक निश्चित केले.
/root/f5-tts-marathi/datasets/syspin_marathi_female/extracted/IISc_SYSPIN_Data/IISc_SYSPINProject_Marathi_Female_Spk001_HC/wav/IISc_SYSPINProject_mr_f_GENE_02040.wav|या प्रक्रियेतून त्यांनी पुनर्प्रक्रिया करता येण्यासारखे प्लास्टिक, धातू, कागद, कपडे असे घटक वेगळे केले.
/root/f5-tts-marathi/datasets/syspin_marathi_female/extracted/IISc_SYSPIN_Data/IISc_SYSPINProject_Marathi_Female_Spk001_HC/wav/IISc_SYSPINProject_mr_f_BOOK_03683.wav|देशभर संपांचे सत्र सुरू झाले.
/root/f5-tts-marathi/datasets/syspin_marathi_female/extracted/IISc_SYSPIN_Data/IISc_SYSPINProject_Marathi_Female_Spk001_HC/wav/IISc_SYSPINProject_mr_f_HEAL_02824.wav|बायपास किंवा अंजिओप्लास्टी यांसारख्या शस्त्रक्रिया करताना छातीचे हाड कापावे लागते
/root/f5-tts-marathi/datasets/syspin_marathi_female/extracted/IISc_SYSPIN_Data/IISc_SYSPINProject_Marathi_Female_Spk001_HC/wav/IISc_SYSPINProject_mr_f_HEAL_00280.wav|व्हिस्की आपल्या शरीरात ताजा आणि ओक्सीजन युक्त रक्त प्रवाह वाढविण्यास मदत करते
/root/f5-tts-marathi/datasets/syspin_marathi_female/extracted/IISc_SYSPIN_Data/IISc_SYSPINProject_Marathi_Female_Spk001_HC/wav/IISc_SYSPINProject_mr_f_WEAT_01582.wav|युनिटी कन्सल्टंट यांचेकडून दोनदा विस्तृत प्रकल्प अहवाल तयार करण्यात आला होता.
/root/f5-tts-marathi/datasets/syspin_marathi_female/extracted/IISc_SYSPIN_Data/IISc_SYSPINProject_Marathi_Female_Spk001_HC/wav/IISc_SYSPINProject_mr_f_HEAL_03638.wav|बर्याच वेळा स्क्रीनिंगमुळे जो रोग भविष्यात कधीही वाढणार नसतो असा रोग देखील शोधला जाऊन त्याचा उपचार देखील केला जावू शकतो
/root/f5-tts-marathi/datasets/syspin_marathi_female/extracted/IISc_SYSPIN_Data/IISc_SYSPINProject_Marathi_Female_Spk001_HC/wav/IISc_SYSPINProject_mr_f_BOOK_04145.wav|त्यांना एकमेकांच्या प्रश्नांची सखोल जाणीव नव्हती. त्यामुळे लष्करीदृष्ट्या या कराराची कुवत मर्यादित होती. सीएटो या संघटनेचे मुख्यालय थायलंडमध्ये होते.
/root/f5-tts-marathi/datasets/syspin_marathi_female/extracted/IISc_SYSPIN_Data/IISc_SYSPINProject_Marathi_Female_Spk001_HC/wav/IISc_SYSPINProject_mr_f_GENE_03052.wav|तत्पूर्वी पी व्ही सिंधूची शुक्रवारी जागतिक बेडमिंटन अजिंक्यपद स्पर्धेत पदकांची हेटट्रीक करण्याची संधी हुकली.
/root/f5-tts-marathi/datasets/syspin_marathi_female/extracted/IISc_SYSPIN_Data/IISc_SYSPINProject_Marathi_Female_Spk001_HC/wav/IISc_SYSPINProject_mr_f_BOOK_00104.wav|त्याच्या बरोबरीने त्याने प्रवास केलेल्या प्रदेशांची आणि शहरांची वर्णने, तेथील स्थानिक अर्थव्यवस्था आणि रीतीरिवाज, वनस्पतीसृष्टी यांची बारकाईने केलेली निरीक्षणे यांचाही समावेश आहे.
/root/f5-tts-marathi/datasets/syspin_marathi_female/extracted/IISc_SYSPIN_Data/IISc_SYSPINProject_Marathi_Female_Spk001_HC/wav/IISc_SYSPINProject_mr_f_AGRI_01876.wav|या प्रकल्पामुळे शेती सिंचनासह पिण्याच्या पाण्याचा प्रश्न सुटला असून या प्रकल्पाच्या देखभाल दुरूस्तीकडे मात्र सिंचन विभागाचे दुर्लक्ष होत आहे.
/root/f5-tts-marathi/datasets/syspin_marathi_female/extracted/IISc_SYSPIN_Data/IISc_SYSPINProject_Marathi_Female_Spk001_HC/wav/IISc_SYSPINProject_mr_f_BOOK_01125.wav|कोशामुळे वाचकांपर्यंत ज्ञान पोचवले जाते, त्याची जिज्ञासा पूर्ण करण्याचा प्रयत्न केला जातो.
/root/f5-tts-marathi/datasets/syspin_marathi_female/extracted/IISc_SYSPIN_Data/IISc_SYSPINProject_Marathi_Female_Spk001_HC/wav/IISc_SYSPINProject_mr_f_WEAT_01856.wav|दुसरीकडे म्यानमारच्या सू क्यी यांनी देशातील व्यापक धार्मिक दुफळीचं वर्णन करताना या विषयावर आत्मचिंतन करण्याकडे अधिक लक्ष दिलं.
/root/f5-tts-marathi/datasets/syspin_marathi_female/extracted/IISc_SYSPIN_Data/IISc_SYSPINProject_Marathi_Female_Spk001_HC/wav/IISc_SYSPINProject_mr_f_BOOK_03827.wav|तेव्हा रशिया सर्बियाच्या मदतीला धावून गेला.
/root/f5-tts-marathi/datasets/syspin_marathi_female/extracted/IISc_SYSPIN_Data/IISc_SYSPINProject_Marathi_Female_Spk001_HC/wav/IISc_SYSPINProject_mr_f_FINA_01881.wav|तुम्ही जो टेक्सचा मुद्दा मांडलात तो बर्याच गोष्टींना गैरलागू आहे जसे की शेअर्स आणि फंडमधील गुंतवणूक.
/root/f5-tts-marathi/datasets/syspin_marathi_female/extracted/IISc_SYSPIN_Data/IISc_SYSPINProject_Marathi_Female_Spk001_HC/wav/IISc_SYSPINProject_mr_f_FINA_02784.wav|रिझर्व्ह बंकेकडून मिळालेल्या या निधीमुळं सरकारच्या विविध योजनांसाठी देण्यात येणारं अनुदान सुरळीत होण्याचा मार्ग मोकळा झाल्याचं बोललं जातंय.
/root/f5-tts-marathi/datasets/syspin_marathi_female/extracted/IISc_SYSPIN_Data/IISc_SYSPINProject_Marathi_Female_Spk001_HC/wav/IISc_SYSPINProject_mr_f_WEAT_01825.wav|या पीडित परिवाराचे अधिवक्ता तबस्सुम युसुफ यांनी सर्वोच्च न्यायालयात याविषयी दाद मागणार असल्याचे सांगितले.
/root/f5-tts-marathi/datasets/syspin_marathi_female/extracted/IISc_SYSPIN_Data/IISc_SYSPINProject_Marathi_Female_Spk001_HC/wav/IISc_SYSPINProject_mr_f_OTHE_00904.wav|माझा विश्वास आहे, कितीही पाषाणहृदयी असला तरी नक्की त्याचं मन विरघळून जाईल.
/root/f5-tts-marathi/datasets/syspin_marathi_female/extracted/IISc_SYSPIN_Data/IISc_SYSPINProject_Marathi_Female_Spk001_HC/wav/IISc_SYSPINProject_mr_f_OTHE_00633.wav|देशातील आघाडीची स्टेशनरी उत्पादक कोकुयो केम्लीनने लहानग्यांना खास दिवाळी गिफ्ट म्हणून केम्लीन कलर वर्ल्ड गिफ्ट सेट आणला आहे.
/root/f5-tts-marathi/datasets/syspin_marathi_female/extracted/IISc_SYSPIN_Data/IISc_SYSPINProject_Marathi_Female_Spk001_HC/wav/IISc_SYSPINProject_mr_f_BOOK_04156.wav|पुढे इराण आणि पाकिस्तान या करारातून बाहेर पडले आणि सेंटो करार विसर्जित करण्यात आला.
/root/f5-tts-marathi/datasets/syspin_marathi_female/extracted/IISc_SYSPIN_Data/IISc_SYSPINProject_Marathi_Female_Spk001_HC/wav/IISc_SYSPINProject_mr_f_AGRI_01454.wav|याच प्रमाणे मातीच्या तव्यावर बनलेली पोळी व माठातलं पाणी फक्त स्वादिष्टच नसतं तर ते जन्मभर तुम्हाला निरोगी बनवतं.
/root/f5-tts-marathi/datasets/syspin_marathi_female/extracted/IISc_SYSPIN_Data/IISc_SYSPINProject_Marathi_Female_Spk001_HC/wav/IISc_SYSPINProject_mr_f_POLI_01731.wav|मायकेल विट्झेल यांच्या मते ऋग्वेदाचे सातवे मंडल म्हणजे निखळ इतिहास आहे.
/root/f5-tts-marathi/datasets/syspin_marathi_female/extracted/IISc_SYSPIN_Data/IISc_SYSPINProject_Marathi_Female_Spk001_HC/wav/IISc_SYSPINProject_mr_f_BOOK_00894.wav|'माझा प्रवास' हे त्यांच्या प्रवासवर्णनाच्या पुस्तकाचे नाव आहे.
/root/f5-tts-marathi/datasets/syspin_marathi_female/extracted/IISc_SYSPIN_Data/IISc_SYSPINProject_Marathi_Female_Spk001_HC/wav/IISc_SYSPINProject_mr_f_BOOK_04828.wav|रासायनिक अभिक्रिया दर्शविण्यासाठी रासायनिक समीकरण लिहितात.
/root/f5-tts-marathi/datasets/syspin_marathi_female/extracted/IISc_SYSPIN_Data/IISc_SYSPINProject_Marathi_Female_Spk001_HC/wav/IISc_SYSPINProject_mr_f_GENE_01030.wav|सय्यद मुश्ताक अली क्रिकेट स्पर्धेत मंगळवारी येथे खेळविण्यात आलेल्या सामन्यात राजस्थान संघाकडून खेळताना वेगवान गोलंदाज दीपक चहरने हेटट्रिक नोंदविली.
/root/f5-tts-marathi/datasets/syspin_marathi_female/extracted/IISc_SYSPIN_Data/IISc_SYSPINProject_Marathi_Female_Spk001_HC/wav/IISc_SYSPINProject_mr_f_POLI_01982.wav|यासाठी पुणे, रतलाम, आग्रा, नवी दिल्ली, पानीपत, अंबाला, जालंदर, पठाणकोट, जम्मूतावी आणि उधमपूर या केंद्रांना जोडणारी थेट रेल्वेसेवा आवश्यक आहे.
/root/f5-tts-marathi/datasets/syspin_marathi_female/extracted/IISc_SYSPIN_Data/IISc_SYSPINProject_Marathi_Female_Spk001_HC/wav/IISc_SYSPINProject_mr_f_BOOK_01559.wav|भारतातील लोकशाहीच्या संदर्भात संविधान व त्यावर आधारित शासनाने केलेली वाटचाल याचा आपण इथे आढावा घेतला.
/root/f5-tts-marathi/datasets/syspin_marathi_female/extracted/IISc_SYSPIN_Data/IISc_SYSPINProject_Marathi_Female_Spk001_HC/wav/IISc_SYSPINProject_mr_f_EDUC_02409.wav|बजाज, नोमुरा आदी संस्थांकडून अर्थसहाय्य घेऊन ग्रामीण भागातील, आदिवासी भागातील वंचितांसाठी चाललेले हे सेवाकार्य म्हणजे एक प्रकारे पुण्य कर्मच म्हणायचे.
/root/f5-tts-marathi/datasets/syspin_marathi_female/extracted/IISc_SYSPIN_Data/IISc_SYSPINProject_Marathi_Female_Spk001_HC/wav/IISc_SYSPINProject_mr_f_FINA_01412.wav|त्यानंतरही ज्यांच्याकडे जुन्या नोटा शिल्लक आहेत, त्यांना रिझर्व्ह बंकेत योग्य आणि समर्पक कारण देऊन जुन्या नोटा जमा करण्याची मुभा आहे.
/root/f5-tts-marathi/datasets/syspin_marathi_female/extracted/IISc_SYSPIN_Data/IISc_SYSPINProject_Marathi_Female_Spk001_HC/wav/IISc_SYSPINProject_mr_f_BOOK_02539.wav|पूरस्थिती जास्त काळ राहिली तर साथीच्या रोगांचा प्रादुर्भाव वाढतो.
/root/f5-tts-marathi/datasets/syspin_marathi_female/extracted/IISc_SYSPIN_Data/IISc_SYSPINProject_Marathi_Female_Spk001_HC/wav/IISc_SYSPINProject_mr_f_FINA_01389.wav|या निर्णयामुळं सरकारला चालू आर्थिक वर्षाच्या राहिलेल्या तीन महिन्यांत अतिरिक्त महसूल मिळेल.
/root/f5-tts-marathi/datasets/syspin_marathi_female/extracted/IISc_SYSPIN_Data/IISc_SYSPINProject_Marathi_Female_Spk001_HC/wav/IISc_SYSPINProject_mr_f_BOOK_04634.wav|तो गोलाकार होतो आणि पेशीपटलाभोवती कठीण, संरक्षक कवच तयार करतो.
/root/f5-tts-marathi/datasets/syspin_marathi_female/extracted/IISc_SYSPIN_Data/IISc_SYSPINProject_Marathi_Female_Spk001_HC/wav/IISc_SYSPINProject_mr_f_FINA_01277.wav|जर आर्थिक वर्षाच्या अखेरीस पोस्ट ओफिस बचत खात्यात झीरो बेलन्स असेल तर ते खाते आपोआप बंद होईल.
/root/f5-tts-marathi/datasets/syspin_marathi_female/extracted/IISc_SYSPIN_Data/IISc_SYSPINProject_Marathi_Female_Spk001_HC/wav/IISc_SYSPINProject_mr_f_GENE_01207.wav|दोन लांडगे सूर्य आणि चंद्राचा पाठलाग करतात, चंद्राला पकडले तर चंद्रग्रहण आणि सूर्याला पकडले तर सूर्यग्रहण होते असे मानले जाते.
/root/f5-tts-marathi/datasets/syspin_marathi_female/extracted/IISc_SYSPIN_Data/IISc_SYSPINProject_Marathi_Female_Spk001_HC/wav/IISc_SYSPINProject_mr_f_AGRI_01268.wav|संतुलित आहाराचे सेवन करा आणि भरपूर पाणी प्या, जेणेकरून शरीरातील पाण्याची पातळी योग्य राखता येईल असाही सल्ला डॉक्टर्स देत असतात.
/root/f5-tts-marathi/datasets/syspin_marathi_female/extracted/IISc_SYSPIN_Data/IISc_SYSPINProject_Marathi_Female_Spk001_HC/wav/IISc_SYSPINProject_mr_f_BOOK_04022.wav|त्यानंतर 1935एकोणीशे पस्तीस च्या कायद्यानुसार म्यानमार (ब्रह्मदेश) भारतापासून वेगळा करण्यात आला.
/root/f5-tts-marathi/datasets/syspin_marathi_female/extracted/IISc_SYSPIN_Data/IISc_SYSPINProject_Marathi_Female_Spk001_HC/wav/IISc_SYSPINProject_mr_f_FINA_02741.wav|1991एकोणीसशे एक्याण्णवमध्ये पी. व्ही. नरसिंह राव यांनी निर्माण झालेल्या आर्थिक टंचाईचा यशस्वीपणे सामना केला आणि अर्थव्यवस्था अधिक बळकट करण्यासाठी नव्या सुधारणा केल्या.
/root/f5-tts-marathi/datasets/syspin_marathi_female/extracted/IISc_SYSPIN_Data/IISc_SYSPINProject_Marathi_Female_Spk001_HC/wav/IISc_SYSPINProject_mr_f_OTHE_01718.wav|फेडरल रिझर्वचे चेअरमन बेन बर्नान्की यांनी या विषयावर अनेक वर्षांपुर्वी एक निबंधांचा संग्रह संपादित केला होता.
/root/f5-tts-marathi/datasets/syspin_marathi_female/extracted/IISc_SYSPIN_Data/IISc_SYSPINProject_Marathi_Female_Spk001_HC/wav/IISc_SYSPINProject_mr_f_BOOK_05879.wav|तुमच्या वयाच्या सर्वच मुला-मुलींना घरोघरी असाच सल्ला का बरंदेतात? तंत्रज्ञानाच्या युगात आपली जीवनशैली काहीशी बदलली आहे.
/root/f5-tts-marathi/datasets/syspin_marathi_female/extracted/IISc_SYSPIN_Data/IISc_SYSPINProject_Marathi_Female_Spk001_HC/wav/IISc_SYSPINProject_mr_f_BOOK_04784.wav|अशी जुळी अपत्ये जनुकीय दृष्ट्या तंतोतंत सारखीच असतात.
/root/f5-tts-marathi/datasets/syspin_marathi_female/extracted/IISc_SYSPIN_Data/IISc_SYSPINProject_Marathi_Female_Spk001_HC/wav/IISc_SYSPINProject_mr_f_AGRI_01436.wav|ठिबक प्रणालीमध्ये विद्राव्य स्वरूपात स्फुरद वितरित केल्यास फॉस्फेट क्षाराचे थर साचून ठिबक प्रणालीची कार्यक्षमता कमी होते.
/root/f5-tts-marathi/datasets/syspin_marathi_female/extracted/IISc_SYSPIN_Data/IISc_SYSPINProject_Marathi_Female_Spk001_HC/wav/IISc_SYSPINProject_mr_f_BOOK_02120.wav|ब्राझीलमधील पर्जन्यमान, वनस्पती, प्राण्यांचे प्रकार हे भूरचनेच्या छेदरेषेवर दाखवले आहेत.
/root/f5-tts-marathi/datasets/syspin_marathi_female/extracted/IISc_SYSPIN_Data/IISc_SYSPINProject_Marathi_Female_Spk001_HC/wav/IISc_SYSPINProject_mr_f_BOOK_04391.wav|प्रदूषणाच्या अनेक कारणांपैकी एक कारण म्हणजे वाहनांची वाढती संख्या, वाहनांच्या देखभालीकडे दुर्लक्ष अशा कारणांमुळे आणि वाहनांच्या धुरातून हवेत मिसळणारे घातक वायू आणि काजळीचे कण हे दिल्लीच्या प्रदूषणाला प्रामुख्याने कारणीभूत आहेत असे सिद्ध झाले आहे.
/root/f5-tts-marathi/datasets/syspin_marathi_female/extracted/IISc_SYSPIN_Data/IISc_SYSPINProject_Marathi_Female_Spk001_HC/wav/IISc_SYSPINProject_mr_f_HEAL_00860.wav|केफीनच्या गोळ्या नि निकोटीन पेचेस् बद्दल बाबा त्यांना सांगत असताना, थरथर कापत, हाताच्या मुठी घट्ट वळून तिथे उभी राहिल्याचं मला आठवतं
/root/f5-tts-marathi/datasets/syspin_marathi_female/extracted/IISc_SYSPIN_Data/IISc_SYSPINProject_Marathi_Female_Spk001_HC/wav/IISc_SYSPINProject_mr_f_HEAL_01818.wav|त्यावेळी तीव्र कुपोषित सेम व मध्यम कुपोषित मेम अशी वर्गवारी करून त्यांच्यावर त्या संगोपन केंद्रात उपचार व पौष्टिक आहार दिला जात होता.
/root/f5-tts-marathi/datasets/syspin_marathi_female/extracted/IISc_SYSPIN_Data/IISc_SYSPINProject_Marathi_Female_Spk001_HC/wav/IISc_SYSPINProject_mr_f_EDUC_02141.wav|यात परवाना नसणे, परमीट नसणे, फ्रंट शिट, जादा प्रवाशी बसविणे या प्रकारचा समावेश आहे.
/root/f5-tts-marathi/datasets/syspin_marathi_female/extracted/IISc_SYSPIN_Data/IISc_SYSPINProject_Marathi_Female_Spk001_HC/wav/IISc_SYSPINProject_mr_f_BOOK_04464.wav|क्रिकेटचे आयपीएल सामने, एकदिवसीय विश्वकरंडक सामने,ट्वेंटी-ट्वेंटी विश्वचषक सामने, प्रो कबड्डी लिग या सारख्या खेळांना जगभरचे प्रेक्षक लाभले आहेत.
/root/f5-tts-marathi/datasets/syspin_marathi_female/extracted/IISc_SYSPIN_Data/IISc_SYSPINProject_Marathi_Female_Spk001_HC/wav/IISc_SYSPINProject_mr_f_EDUC_02815.wav|ज्यामध्ये ते छत्रपती शिवाजी महाराज यांच्या पुतळ्याला पुष्पांजली अर्पण करत असल्याचं दिसतं आहे.
/root/f5-tts-marathi/datasets/syspin_marathi_female/extracted/IISc_SYSPIN_Data/IISc_SYSPINProject_Marathi_Female_Spk001_HC/wav/IISc_SYSPINProject_mr_f_AGRI_02426.wav|जगातला सर्वात महत्त्वाचा, मात्र कायम दुर्लक्षित राहिलेला विषय म्हणजे जमीन, पर्यायाने माती!
/root/f5-tts-marathi/datasets/syspin_marathi_female/extracted/IISc_SYSPIN_Data/IISc_SYSPINProject_Marathi_Female_Spk001_HC/wav/IISc_SYSPINProject_mr_f_AGRI_01719.wav|पिकांना खत व फवारणीची गरज असतांना फवारणी, निंदणी, कोळपणी अशी सर्वच कामे रखडली असल्याने मजुरांचे भाव वाढले आहेत
/root/f5-tts-marathi/datasets/syspin_marathi_female/extracted/IISc_SYSPIN_Data/IISc_SYSPINProject_Marathi_Female_Spk001_HC/wav/IISc_SYSPINProject_mr_f_BOOK_05200.wav|पर्यावरण संवर्धनामध्ये लोकांचा मोठ्या प्रमाणावर सहभाग आवश्यक आहे.
/root/f5-tts-marathi/datasets/syspin_marathi_female/extracted/IISc_SYSPIN_Data/IISc_SYSPINProject_Marathi_Female_Spk001_HC/wav/IISc_SYSPINProject_mr_f_WEAT_04378.wav|प्रेम करा पण जोडीदार मात्र निर्व्यसनी निवडा हा संदेश लिहिलेले रंगीबेरंगी मुखवटे परिधान करून शेकडो तरुणी रस्त्यावर उतरल्या होत्या.
/root/f5-tts-marathi/datasets/syspin_marathi_female/extracted/IISc_SYSPIN_Data/IISc_SYSPINProject_Marathi_Female_Spk001_HC/wav/IISc_SYSPINProject_mr_f_BOOK_04238.wav|दुसऱ्या महायुद्धापूर्वी ब्रिटिश साम्राज्यांतर्गत देशांतील हौशी खेळाडूंचे 'ब्रिटिश एंपायर गेम्स' हे ओलिंपिकच्या धर्तीवर सामने व्हायचे.
/root/f5-tts-marathi/datasets/syspin_marathi_female/extracted/IISc_SYSPIN_Data/IISc_SYSPINProject_Marathi_Female_Spk001_HC/wav/IISc_SYSPINProject_mr_f_OTHE_04045.wav|पण तेव्हा कलाकारही तितकेच प्रतिभावान होते आणि टुरटूरच्या लेखकाशी पुरुषोत्तम बेर्डेंशी त्याची बऱ्याच वर्षांची सलगी आणि कलात्मक संबंध होते
/root/f5-tts-marathi/datasets/syspin_marathi_female/extracted/IISc_SYSPIN_Data/IISc_SYSPINProject_Marathi_Female_Spk001_HC/wav/IISc_SYSPINProject_mr_f_FINA_03431.wav|डीपी वर्ल्ड ही जगातील आघाडीची कंपनी राष्ट्रीय गुंतवणूक आणि पायाभूत सुविधा निधीमध्ये भागिदार असलेली कंपनी आहे.
/root/f5-tts-marathi/datasets/syspin_marathi_female/extracted/IISc_SYSPIN_Data/IISc_SYSPINProject_Marathi_Female_Spk001_HC/wav/IISc_SYSPINProject_mr_f_EDUC_01849.wav|शिवाय, यातील प्रत्येक पात्र मग ते अगदी लहान असो की मोठं, ते चांगल्या प्रकारे एस्टेब्लिश आणि एक्स्प्लोर झालेले आहेत.
/root/f5-tts-marathi/datasets/syspin_marathi_female/extracted/IISc_SYSPIN_Data/IISc_SYSPINProject_Marathi_Female_Spk001_HC/wav/IISc_SYSPINProject_mr_f_AGRI_00264.wav|सेंद्रिय खते टाकून नैसर्गिक शेती केल्यास हा देश खऱ्या अर्थाने सुजलाम् सुफलाम् होईल.
/root/f5-tts-marathi/datasets/syspin_marathi_female/extracted/IISc_SYSPIN_Data/IISc_SYSPINProject_Marathi_Female_Spk001_HC/wav/IISc_SYSPINProject_mr_f_OTHE_00241.wav|कौंटुबिक कलहातून घरातील सदस्य नैराश्येच्या चक्रव्यूहात अडकत असेल तर घरातील इतर सदस्यांनी आपल्या सदस्याकडे कानाडोळा करू नये.
/root/f5-tts-marathi/datasets/syspin_marathi_female/extracted/IISc_SYSPIN_Data/IISc_SYSPINProject_Marathi_Female_Spk001_HC/wav/IISc_SYSPINProject_mr_f_FINA_03581.wav|बर्याच वेळा बंक अथवा अग्रगण्य संस्था दोन पेन कार्ड असणाऱ्या लोकांना ब्लेकलिस्टेड करतात आणि आयकर खात्याला त्याची माहिती देतात
/root/f5-tts-marathi/datasets/syspin_marathi_female/extracted/IISc_SYSPIN_Data/IISc_SYSPINProject_Marathi_Female_Spk001_HC/wav/IISc_SYSPINProject_mr_f_GENE_03521.wav|त्यातच मैदानी खेळ कमी झाल्यामुळे आणि संगणक आयुष्याला व्यापत असल्यामुळे चष्मे लागत आहेत.
/root/f5-tts-marathi/datasets/syspin_marathi_female/extracted/IISc_SYSPIN_Data/IISc_SYSPINProject_Marathi_Female_Spk001_HC/wav/IISc_SYSPINProject_mr_f_HEAL_04475.wav|काही वेळा शस्त्रक्रियेतील त्रुटींमुळे नलिका नीट बंद होत नाहीत.
/root/f5-tts-marathi/datasets/syspin_marathi_female/extracted/IISc_SYSPIN_Data/IISc_SYSPINProject_Marathi_Female_Spk001_HC/wav/IISc_SYSPINProject_mr_f_FINA_01796.wav|तो कर भरताना आधी भरलेला कर, जो त्याने रॉ मटेरीअल वर भरला आहे तो वजा करुन भरेल.
/root/f5-tts-marathi/datasets/syspin_marathi_female/extracted/IISc_SYSPIN_Data/IISc_SYSPINProject_Marathi_Female_Spk001_HC/wav/IISc_SYSPINProject_mr_f_BOOK_04008.wav|कॉफी, चहा, रबर आणि नारळ यांच्या उत्पादन व विक्रीत ब्रिटिशांनी व्यापारी वर्चस्व मिळवले.
/root/f5-tts-marathi/datasets/syspin_marathi_female/extracted/IISc_SYSPIN_Data/IISc_SYSPINProject_Marathi_Female_Spk001_HC/wav/IISc_SYSPINProject_mr_f_FINA_02964.wav|खात्याचे अधिकारी अल्पसंतुष्ट बनले असून त्यांनी अधिकाधिक लोकांना कर भरणा करण्यास उद्युक्त करण्याची गरज असल्याचे दास यांनी सांगितले.
/root/f5-tts-marathi/datasets/syspin_marathi_female/extracted/IISc_SYSPIN_Data/IISc_SYSPINProject_Marathi_Female_Spk001_HC/wav/IISc_SYSPINProject_mr_f_BOOK_01087.wav|वाचकांना आवश्यकतेनुसार हवे तेव्हा नेमके ग्रंथ उपलब्ध करून देणे, या गोष्टीला ग्रंथालय व्यवस्थापनात अत्यंत महत्त्व आहे.
/root/f5-tts-marathi/datasets/syspin_marathi_female/extracted/IISc_SYSPIN_Data/IISc_SYSPINProject_Marathi_Female_Spk001_HC/wav/IISc_SYSPINProject_mr_f_WEAT_01340.wav|शासकीय पातळीवर मत्स्यबीज सोडण्याचे प्रमाण अत्यंत कमी आहे, याच कारणातून उजनीत मासे मिळणे अवघड झाले आहे.
/root/f5-tts-marathi/datasets/syspin_marathi_female/extracted/IISc_SYSPIN_Data/IISc_SYSPINProject_Marathi_Female_Spk001_HC/wav/IISc_SYSPINProject_mr_f_BOOK_01780.wav|पंजाब, तमिळनाडू, जम्मू आणि काश्मीर येथिल प्रादेशिक पक्षांची उदाहरणे या संदर्भात देता येतील.
/root/f5-tts-marathi/datasets/syspin_marathi_female/extracted/IISc_SYSPIN_Data/IISc_SYSPINProject_Marathi_Female_Spk001_HC/wav/IISc_SYSPINProject_mr_f_HEAL_04228.wav|प्रत्येक वेळी प्रवास करताना मूलभूत वैद्यकीय साहित्य घेऊन जावे.
/root/f5-tts-marathi/datasets/syspin_marathi_female/extracted/IISc_SYSPIN_Data/IISc_SYSPINProject_Marathi_Female_Spk001_HC/wav/IISc_SYSPINProject_mr_f_BOOK_05436.wav|मानवी डोळ्यावर अत्यंत पातळ पारदर्शक पटल असते. त्याला पारपटल म्हणतात .
/root/f5-tts-marathi/datasets/syspin_marathi_female/extracted/IISc_SYSPIN_Data/IISc_SYSPINProject_Marathi_Female_Spk001_HC/wav/IISc_SYSPINProject_mr_f_BOOK_03708.wav|"गांधीजी म्हणाले,"" हे आंदोलन केवळ राष्ट्रीय सभेचे नसून सर्व भारतीयांचे आहे ""."
/root/f5-tts-marathi/datasets/syspin_marathi_female/extracted/IISc_SYSPIN_Data/IISc_SYSPINProject_Marathi_Female_Spk001_HC/wav/IISc_SYSPINProject_mr_f_GENE_01465.wav|क्रोएशियाच्या राष्ट्राध्यक्ष कोलिंदा ग्रेबर कित्रोविक या तर इकॉनॉमी क्लासने विमानाचा प्रवास करून आल्या व ड्रेसिंग रूममध्ये जाऊन आपल्या प्रत्येक खेळाडूची गळाभेट घेऊन त्यांना प्रोत्साहित केले.
/root/f5-tts-marathi/datasets/syspin_marathi_female/extracted/IISc_SYSPIN_Data/IISc_SYSPINProject_Marathi_Female_Spk001_HC/wav/IISc_SYSPINProject_mr_f_AGRI_01878.wav|या अनुदानात खड्डे खोदणे, रोप खरेदी, खते व मजूरी दिली जाते. हेक्टरी दीड ते दोन लाखापर्यंत शेतकर्यांना अर्थ सहाय्य होते.
/root/f5-tts-marathi/datasets/syspin_marathi_female/extracted/IISc_SYSPIN_Data/IISc_SYSPINProject_Marathi_Female_Spk001_HC/wav/IISc_SYSPINProject_mr_f_GENE_00277.wav|जगातले पहिले इलेक्ट्रीक व्हर्टीकल टेक ओफ व लंडींग विमान तयार झाले असून बाजारात ते 2018दोन हजार अठरा साली विक्रीसाठी येईल असे समजते.
/root/f5-tts-marathi/datasets/syspin_marathi_female/extracted/IISc_SYSPIN_Data/IISc_SYSPINProject_Marathi_Female_Spk001_HC/wav/IISc_SYSPINProject_mr_f_BOOK_04169.wav|लष्करी गट आणि परदेशांचे लष्करी तळ या विरुद्ध जागतिक लोकमत तयार करण्याचे आवाहन या परिषदेत करण्यात आले.
/root/f5-tts-marathi/datasets/syspin_marathi_female/extracted/IISc_SYSPIN_Data/IISc_SYSPINProject_Marathi_Female_Spk001_HC/wav/IISc_SYSPINProject_mr_f_BOOK_00090.wav|इसवी सनाच्या सातव्या शतकात बाणभट्ट या कवीने लिहिलेले 'हर्षचरित' हे संस्कृत काव्य ऐतिहासिक चरित्र ग्रंथाच्या स्वरूपाचे आहे.
/root/f5-tts-marathi/datasets/syspin_marathi_female/extracted/IISc_SYSPIN_Data/IISc_SYSPINProject_Marathi_Female_Spk001_HC/wav/IISc_SYSPINProject_mr_f_GENE_01910.wav|त्यामुळे दक्षिण भारतातील भव्य कुस्ती मैदानाचा बहुमान येळ्ळूर कुस्ती मैदानाला लाभला आहे.
/root/f5-tts-marathi/datasets/syspin_marathi_female/extracted/IISc_SYSPIN_Data/IISc_SYSPINProject_Marathi_Female_Spk001_HC/wav/IISc_SYSPINProject_mr_f_FINA_02811.wav|सरकारने एक ओक्टोबर 2001दोन हजार एक पासून जिल्हानिहाय बंका विभाजित केल्यानंतर त्यांना सर्व प्रकारचे कर्ज शेतकर्यांना देण्याबाबत धोरण निश्चित केले.
/root/f5-tts-marathi/datasets/syspin_marathi_female/extracted/IISc_SYSPIN_Data/IISc_SYSPINProject_Marathi_Female_Spk001_HC/wav/IISc_SYSPINProject_mr_f_BOOK_05833.wav|बोंड अळीने कापसाची पाने खाल्ली तर हे विष तिच्या शरीरातील अन्ननलिका उद्ध्वस्त करून टाकते व त्यामुळे अळी मरते.
/root/f5-tts-marathi/datasets/syspin_marathi_female/extracted/IISc_SYSPIN_Data/IISc_SYSPINProject_Marathi_Female_Spk001_HC/wav/IISc_SYSPINProject_mr_f_AGRI_03899.wav|यांचे वेल सर्वसाधारणपणे सारखेच असून त्यांची लागवड मर्यादित प्रमाणातच केली जाते.
/root/f5-tts-marathi/datasets/syspin_marathi_female/extracted/IISc_SYSPIN_Data/IISc_SYSPINProject_Marathi_Female_Spk001_HC/wav/IISc_SYSPINProject_mr_f_HEAL_02705.wav|इंजेक्शन द्यायच्या जागी जर काही इन्फेक्शन असेल तर इंजेक्शन घेणे टाळावे
/root/f5-tts-marathi/datasets/syspin_marathi_female/extracted/IISc_SYSPIN_Data/IISc_SYSPINProject_Marathi_Female_Spk001_HC/wav/IISc_SYSPINProject_mr_f_WEAT_03865.wav|आता ऋषी कपूरचा जमाना संपत आलेला, पण एकटीच्या कर्तृत्वावर श्रीदेवीने बॉक्स ओफिसवर चांदनी हिट करून दाखवला, हे विसरता येणार नाही.
/root/f5-tts-marathi/datasets/syspin_marathi_female/extracted/IISc_SYSPIN_Data/IISc_SYSPINProject_Marathi_Female_Spk001_HC/wav/IISc_SYSPINProject_mr_f_BOOK_05002.wav|कुंतलातील विद्युतधारेमध्ये बदल केल्यास कुंडलात विद्युतधारा निर्माण होते किंवा कुंडलाकडे कुंतल सरकविले तरीही कुंडलात विद्युतधारा निर्माण होते.
/root/f5-tts-marathi/datasets/syspin_marathi_female/extracted/IISc_SYSPIN_Data/IISc_SYSPINProject_Marathi_Female_Spk001_HC/wav/IISc_SYSPINProject_mr_f_OTHE_03111.wav|या हफ्तेखोर प्रवृत्तीला आळा बसला तरच खाकीचा दरारा वाढेल आणि पोलिसांवर हात उगारण्याची हिंमत गुन्हेगार करणार नाहीत
/root/f5-tts-marathi/datasets/syspin_marathi_female/extracted/IISc_SYSPIN_Data/IISc_SYSPINProject_Marathi_Female_Spk001_HC/wav/IISc_SYSPINProject_mr_f_GENE_02815.wav|या विषयी अधिक माहिती देताना सोमण म्हणाले की, हा उल्का वर्षाव पृथ्वी टेंपल टटल या धूमकेतूच्या मार्गातून जात असल्यामुळे होतो.
/root/f5-tts-marathi/datasets/syspin_marathi_female/extracted/IISc_SYSPIN_Data/IISc_SYSPINProject_Marathi_Female_Spk001_HC/wav/IISc_SYSPINProject_mr_f_BOOK_01679.wav|सार्वजनिक प्रश्नांबाबत पक्षांची एक विशिष्ट भूमिका असते.
/root/f5-tts-marathi/datasets/syspin_marathi_female/extracted/IISc_SYSPIN_Data/IISc_SYSPINProject_Marathi_Female_Spk001_HC/wav/IISc_SYSPINProject_mr_f_POLI_00814.wav|आम्हाला जशी खेळपट्टी हवी होती, तशी खेळपट्टी मिळाली नाही, असं वक्तव्य कोलकात्याचे टीमचे मुख्य कार्यकारी अधिकारी वैंकी मैसूर यांनी केलं आहे.
/root/f5-tts-marathi/datasets/syspin_marathi_female/extracted/IISc_SYSPIN_Data/IISc_SYSPINProject_Marathi_Female_Spk001_HC/wav/IISc_SYSPINProject_mr_f_BOOK_01134.wav|हे करत असताना वाचकाची सोय आणि माहिती शोधण्याची सोय या गोष्टी लक्षात घ्याव्या लागतात.
/root/f5-tts-marathi/datasets/syspin_marathi_female/extracted/IISc_SYSPIN_Data/IISc_SYSPINProject_Marathi_Female_Spk001_HC/wav/IISc_SYSPINProject_mr_f_BOOK_01788.wav|तसेच राष्ट्रीय राजकारणातही त्यांचा प्रभाव वाढला असून आघाडीचे शासन हा त्याचा एक परिणाम आहे.
/root/f5-tts-marathi/datasets/syspin_marathi_female/extracted/IISc_SYSPIN_Data/IISc_SYSPINProject_Marathi_Female_Spk001_HC/wav/IISc_SYSPINProject_mr_f_HEAL_03843.wav|सामान्य व्यक्तीला जर फ्ल्यू झाला असेल, थंडी वाजत असेल तर त्याला खोकला होतो आणि त्याचा प्रादुर्भाव होतो.
/root/f5-tts-marathi/datasets/syspin_marathi_female/extracted/IISc_SYSPIN_Data/IISc_SYSPINProject_Marathi_Female_Spk001_HC/wav/IISc_SYSPINProject_mr_f_FINA_01405.wav|कारण एप्रिल व मे महिन्यात पालिकेतर्फे अडव्हान्स स्वरूपात कर भरण्यासाठी विशेष सवलत देण्यात येते.
/root/f5-tts-marathi/datasets/syspin_marathi_female/extracted/IISc_SYSPIN_Data/IISc_SYSPINProject_Marathi_Female_Spk001_HC/wav/IISc_SYSPINProject_mr_f_HEAL_02635.wav|शक्यतो फेमिली डॉक्टरच रुग्णावर उपचार करीत असत व आवश्यकता वाटल्यास तज्ज्ञ डॉक्टर किंवा रुग्णालयात पाठविले जायचे.
/root/f5-tts-marathi/datasets/syspin_marathi_female/extracted/IISc_SYSPIN_Data/IISc_SYSPINProject_Marathi_Female_Spk001_HC/wav/IISc_SYSPINProject_mr_f_BOOK_04776.wav|अशा दाम्पत्यांबाबतीत अपत्यप्राप्तीसाठी वीर्यपेढी ही एक नवीन संकल्पना पुढेआली आहे. रक्तपेढीसारखीच ही संकल्पना आहे.
/root/f5-tts-marathi/datasets/syspin_marathi_female/extracted/IISc_SYSPIN_Data/IISc_SYSPINProject_Marathi_Female_Spk001_HC/wav/IISc_SYSPINProject_mr_f_WEAT_03314.wav|पिझ्झा, बर्गर, कोल्ड्रिंक्स, नुडल्स, बिस्कीट, केक, जाम, जेली, बर्फाचा गोळा, चॉकलेट्स अशा पदार्थांच्या विक्रीवर बंदी असणार आहे.
/root/f5-tts-marathi/datasets/syspin_marathi_female/extracted/IISc_SYSPIN_Data/IISc_SYSPINProject_Marathi_Female_Spk001_HC/wav/IISc_SYSPINProject_mr_f_GENE_01182.wav|तसे तर आपल्याला एक्स्ट्रा मेरिटल अफेयर्स असलेले कथानक बऱ्याच चित्रपट व मालिकेत पाहायला मिळते.
/root/f5-tts-marathi/datasets/syspin_marathi_female/extracted/IISc_SYSPIN_Data/IISc_SYSPINProject_Marathi_Female_Spk001_HC/wav/IISc_SYSPINProject_mr_f_EDUC_02601.wav|झाशीची राणी लक्ष्मीबाईच्या जीवनावर आधारित मनिकर्णिका या चित्रपटाच्या सेटवर एक स्टंट सीन शूट करत असताना अभिनेत्री कंगना रणौतला अपघात झाला आहे.
/root/f5-tts-marathi/datasets/syspin_marathi_female/extracted/IISc_SYSPIN_Data/IISc_SYSPINProject_Marathi_Female_Spk001_HC/wav/IISc_SYSPINProject_mr_f_POLI_02598.wav|त्यानंतर लातूर जिल्ह्यातील उदगीरचे भाजपचे विद्यमान आमदार सुधीर भालेराव यांच्या समर्थकांनी पाटील यांच्या घराबाहेर गर्दी केली.
/root/f5-tts-marathi/datasets/syspin_marathi_female/extracted/IISc_SYSPIN_Data/IISc_SYSPINProject_Marathi_Female_Spk001_HC/wav/IISc_SYSPINProject_mr_f_BOOK_03320.wav|उंदेरी, आपटे, नागोठणे आणि जंजिरा परिसरात मराठ्यांनी सिद्दीला जेरीस आणले.
/root/f5-tts-marathi/datasets/syspin_marathi_female/extracted/IISc_SYSPIN_Data/IISc_SYSPINProject_Marathi_Female_Spk001_HC/wav/IISc_SYSPINProject_mr_f_POLI_00988.wav|पदोन्नतीस पात्र असतांनाही कर्मचाऱ्यांची पदोन्नती नाकारणारा जलसंपदा विभाग अन्य जिल्यांच तुलनेत मागे पडला आहे.
/root/f5-tts-marathi/datasets/syspin_marathi_female/extracted/IISc_SYSPIN_Data/IISc_SYSPINProject_Marathi_Female_Spk001_HC/wav/IISc_SYSPINProject_mr_f_BOOK_04087.wav|दुसरे महायुद्ध संपल्यानंतर युरोपची विभागणी राजकीय, आर्थिक, लष्करी या मुद्द्यांच्या आधारे झाली.
/root/f5-tts-marathi/datasets/syspin_marathi_female/extracted/IISc_SYSPIN_Data/IISc_SYSPINProject_Marathi_Female_Spk001_HC/wav/IISc_SYSPINProject_mr_f_HEAL_00325.wav|डॉक्टर गरीब रुग्णांना वाचता न येऊ शकणाऱ्या अक्षरात औषधांची चिठ्ठी लिहितात.
/root/f5-tts-marathi/datasets/syspin_marathi_female/extracted/IISc_SYSPIN_Data/IISc_SYSPINProject_Marathi_Female_Spk001_HC/wav/IISc_SYSPINProject_mr_f_OTHE_02103.wav|आलम आरा चित्रपटात झुबेदाने साकारलेली राजकन्या जिप्सींच्या तांड्यात लहानाची मोठी होते.
/root/f5-tts-marathi/datasets/syspin_marathi_female/extracted/IISc_SYSPIN_Data/IISc_SYSPINProject_Marathi_Female_Spk001_HC/wav/IISc_SYSPINProject_mr_f_HEAL_04090.wav|जागतिक आकडेवारीनुसार हृदयविकार हे मृत्यूचे प्रमुख कारण आहे.
/root/f5-tts-marathi/datasets/syspin_marathi_female/extracted/IISc_SYSPIN_Data/IISc_SYSPINProject_Marathi_Female_Spk001_HC/wav/IISc_SYSPINProject_mr_f_POLI_03200.wav|बलदेव कुमार खैबर पख्तून ख्वा प्रांतातील बारिकोट आरक्षित जागेचे आमदार होते.
/root/f5-tts-marathi/datasets/syspin_marathi_female/extracted/IISc_SYSPIN_Data/IISc_SYSPINProject_Marathi_Female_Spk001_HC/wav/IISc_SYSPINProject_mr_f_OTHE_03202.wav|बोथमने ड्राईव्ह,कट, पुल, हूकचा मनसोक्तं वापर करत लिली, आल्डरमन, लॉसन आणि रे ब्राईट यांची धुलाई करण्यास सुरुवात केली
/root/f5-tts-marathi/datasets/syspin_marathi_female/extracted/IISc_SYSPIN_Data/IISc_SYSPINProject_Marathi_Female_Spk001_HC/wav/IISc_SYSPINProject_mr_f_GENE_00631.wav|भारताशी तुलना करता भारत म्हणजे जन्नत आणि पाकिस्तान म्हणजे जहन्नुम, भारत म्हणजे नंदनवन आणि पाकिस्तान म्हणजे कबरीस्तान असे काही आहे का?
/root/f5-tts-marathi/datasets/syspin_marathi_female/extracted/IISc_SYSPIN_Data/IISc_SYSPINProject_Marathi_Female_Spk001_HC/wav/IISc_SYSPINProject_mr_f_BOOK_03367.wav|1829अठराशे एकोणतीस मध्ये गव्हर्नर जनरल लॉर्ड विल्यम बेंटिंक याने सती प्रथा नष्ट केली.
/root/f5-tts-marathi/datasets/syspin_marathi_female/extracted/IISc_SYSPIN_Data/IISc_SYSPINProject_Marathi_Female_Spk001_HC/wav/IISc_SYSPINProject_mr_f_GENE_02954.wav|त्यांच्या निधनाने ऊर्जेचा हा स्त्रोत, खळखळत वाहणारा झरा थांबला असला तरी त्यांच्या सतारीचे अजरामर स्वर रसिकांना कायम ती ऊर्जा व चैतन्य देत राहतील.
/root/f5-tts-marathi/datasets/syspin_marathi_female/extracted/IISc_SYSPIN_Data/IISc_SYSPINProject_Marathi_Female_Spk001_HC/wav/IISc_SYSPINProject_mr_f_POLI_00933.wav|दिल्लीच्या प्रभारी मुख्य सचिव पदी आसामच्या असलेल्या शकुंतला गेम्लिन यांची नायब राज्यपाल नजिब जंग यांनी नियुक्ती केली होती.
/root/f5-tts-marathi/datasets/syspin_marathi_female/extracted/IISc_SYSPIN_Data/IISc_SYSPINProject_Marathi_Female_Spk001_HC/wav/IISc_SYSPINProject_mr_f_AGRI_00627.wav|दौंडच्या या परिसरात पाण्याची स्थिती चांगली असल्यामुळे ज्वारीसह गहू, हरभरा ही पिकेदेखील हिरवीगार व जोमदार आहेत.
/root/f5-tts-marathi/datasets/syspin_marathi_female/extracted/IISc_SYSPIN_Data/IISc_SYSPINProject_Marathi_Female_Spk001_HC/wav/IISc_SYSPINProject_mr_f_EDUC_01750.wav|गोलंदाजीत शेल्डॉन कॉट्रेल, ओशाने थॉमस व जेसन होल्डर यांच्यावर त्यांची मदार आहे.
/root/f5-tts-marathi/datasets/syspin_marathi_female/extracted/IISc_SYSPIN_Data/IISc_SYSPINProject_Marathi_Female_Spk001_HC/wav/IISc_SYSPINProject_mr_f_OTHE_02425.wav|त्यांच्या रूमच्या खिडक्यांची तावदाने उघडी असल्याचे दिसून आल्याचे थायलंडचे पोलिस लेफ्टनंट सोमयॉट यांनी सांगितले.
/root/f5-tts-marathi/datasets/syspin_marathi_female/extracted/IISc_SYSPIN_Data/IISc_SYSPINProject_Marathi_Female_Spk001_HC/wav/IISc_SYSPINProject_mr_f_HEAL_04380.wav|शस्त्रक्रियेने कर्करोगाची गाठ काढून टाकल्यावर जर कर्करोगाच्या काही पेशी शरीरात राहिल्या असल्याचे तज्ञांना वाटले, तर रसायनोपचार करून उरलेल्या सर्व कर्करोग पेशी मारल्या जातात.
/root/f5-tts-marathi/datasets/syspin_marathi_female/extracted/IISc_SYSPIN_Data/IISc_SYSPINProject_Marathi_Female_Spk001_HC/wav/IISc_SYSPINProject_mr_f_GENE_01008.wav|कितीही कॉपी करून किंवा जुळवून आवाज काढला तरी लता मंगेशकर यांच्या आवाजाची बरोबरी आणि त्यांचं संगीत क्षेत्रातील योगदान कोणीच विसरू शकत नाहीत.
/root/f5-tts-marathi/datasets/syspin_marathi_female/extracted/IISc_SYSPIN_Data/IISc_SYSPINProject_Marathi_Female_Spk001_HC/wav/IISc_SYSPINProject_mr_f_WEAT_03854.wav|मात्र घरच्यांच्या विरोधामुळे त्यांचे प्रेम पुढे फुलू नाही शकले आणि म्हणून शालिनीने ते ब्रेकअप पत्र थत्तेंसाठी लिहिले होते.
/root/f5-tts-marathi/datasets/syspin_marathi_female/extracted/IISc_SYSPIN_Data/IISc_SYSPINProject_Marathi_Female_Spk001_HC/wav/IISc_SYSPINProject_mr_f_GENE_00693.wav|स्वतंत्र संगीतकार म्हणून त्यांनी पूर्बोरंग या बंगाली तर आनंदमठ या हिंदी चित्रपटाला संगीत दिले.
/root/f5-tts-marathi/datasets/syspin_marathi_female/extracted/IISc_SYSPIN_Data/IISc_SYSPINProject_Marathi_Female_Spk001_HC/wav/IISc_SYSPINProject_mr_f_WEAT_02239.wav|नवाब मलिक यांनीही राज ठाकरे यांच्या स्टेट स्पांसर्ड मर्डरच्या आरोपाला उत्तर दिलं आहे.
/root/f5-tts-marathi/datasets/syspin_marathi_female/extracted/IISc_SYSPIN_Data/IISc_SYSPINProject_Marathi_Female_Spk001_HC/wav/IISc_SYSPINProject_mr_f_BOOK_00473.wav|पुढील पाठात आपण प्रसारमाध्यमे आणि इतिहास यांबाबत माहिती घेणार आहोत.
/root/f5-tts-marathi/datasets/syspin_marathi_female/extracted/IISc_SYSPIN_Data/IISc_SYSPINProject_Marathi_Female_Spk001_HC/wav/IISc_SYSPINProject_mr_f_EDUC_01548.wav|काही बायका खुर्च्यांवर बसून शर्टांवर नाहीतर जीन्सवर बारीक भरतकाम करत होत्या.
/root/f5-tts-marathi/datasets/syspin_marathi_female/extracted/IISc_SYSPIN_Data/IISc_SYSPINProject_Marathi_Female_Spk001_HC/wav/IISc_SYSPINProject_mr_f_GENE_01513.wav|जॉर्ज बुश यांनी सुरू केलेला संवाद डेमोक्रेटिक पक्षाचे ओबामा पुढे नेतात, अमेरिकन राजकीय व्यवस्थेतील परराष्ट्रीय धोरणातील दोन्ही पक्षांतील असलेली ही सहमती भारताला महत्त्वाची आहे.
/root/f5-tts-marathi/datasets/syspin_marathi_female/extracted/IISc_SYSPIN_Data/IISc_SYSPINProject_Marathi_Female_Spk001_HC/wav/IISc_SYSPINProject_mr_f_FINA_03022.wav|इस्लामिक बंकेचे वैशिष्ट्य म्हणजे ही बंक व्याज न घेण्याच्या सिद्धांतावर चालते.
/root/f5-tts-marathi/datasets/syspin_marathi_female/extracted/IISc_SYSPIN_Data/IISc_SYSPINProject_Marathi_Female_Spk001_HC/wav/IISc_SYSPINProject_mr_f_HEAL_04335.wav|तंतुमय अन्नपदार्थ विशेषत: पालेभाज्या, गाजर, मुळा, बीट, फळे यांचा समावेश मुबलक प्रमाणात आहारात असावा.
/root/f5-tts-marathi/datasets/syspin_marathi_female/extracted/IISc_SYSPIN_Data/IISc_SYSPINProject_Marathi_Female_Spk001_HC/wav/IISc_SYSPINProject_mr_f_AGRI_02941.wav|तालुक्याच्या मध्य पश्चिम व मध्य पूर्व अशा एकूण चाळीस गावांतील शेती सिंचनाखाली आणण्यासाठी सीनामाढा उपसा सिंचन योजना अस्तित्वात आली.
/root/f5-tts-marathi/datasets/syspin_marathi_female/extracted/IISc_SYSPIN_Data/IISc_SYSPINProject_Marathi_Female_Spk001_HC/wav/IISc_SYSPINProject_mr_f_BOOK_05896.wav|तात्पुरती नशा देणारे काही वनस्पतीजन्य अमली पदार्थ व काही रसायने मानवी चेतासंस्था, स्नायूसंस्था, हृदय यांच्यावर दुष्परिणाम करून त्यांची कायमस्वरूपी हानी करतात.
/root/f5-tts-marathi/datasets/syspin_marathi_female/extracted/IISc_SYSPIN_Data/IISc_SYSPINProject_Marathi_Female_Spk001_HC/wav/IISc_SYSPINProject_mr_f_WEAT_01028.wav|नावामधील दुरस्तीसाठी कार्यालयांमध्ये नागरिकांना नाहक त्रास सहन करावा लागत असून आर्थिक भुर्दंडदेखील सोसावा लागत आहे.
/root/f5-tts-marathi/datasets/syspin_marathi_female/extracted/IISc_SYSPIN_Data/IISc_SYSPINProject_Marathi_Female_Spk001_HC/wav/IISc_SYSPINProject_mr_f_EDUC_01361.wav|रोहितवर माझी एक्स्ट्रा जबाबदारी पडू नये ह्याची काळजी घेत खाली उतरणे एवढाच काय तो माझा रोल होता.
/root/f5-tts-marathi/datasets/syspin_marathi_female/extracted/IISc_SYSPIN_Data/IISc_SYSPINProject_Marathi_Female_Spk001_HC/wav/IISc_SYSPINProject_mr_f_BOOK_03824.wav|ओस्ट्रियन राजपुत्र आर्च ड्यूक फ्रान्सिस फर्डिनांड आणि त्याची पत्नी यांचा सर्बियात एका सर्बियन माथेफिरूने खून केला.
/root/f5-tts-marathi/datasets/syspin_marathi_female/extracted/IISc_SYSPIN_Data/IISc_SYSPINProject_Marathi_Female_Spk001_HC/wav/IISc_SYSPINProject_mr_f_AGRI_00517.wav|नारळ पाण्यातून आपल्याला पोटेशिअम आणि आवश्यक जीवनसत्त्वं मिळतात त्यामुळे ते घेणंही उत्तम!
/root/f5-tts-marathi/datasets/syspin_marathi_female/extracted/IISc_SYSPIN_Data/IISc_SYSPINProject_Marathi_Female_Spk001_HC/wav/IISc_SYSPINProject_mr_f_BOOK_03112.wav|इंग्लंडच्या एलिझाबेथ राणीने कंपनीला पूर्वेकडील देशांशी व्यापार करण्याचा परवाना दिला.
/root/f5-tts-marathi/datasets/syspin_marathi_female/extracted/IISc_SYSPIN_Data/IISc_SYSPINProject_Marathi_Female_Spk001_HC/wav/IISc_SYSPINProject_mr_f_OTHE_02165.wav|मसाला घेऊन परतत असताना नराधमांनी तिच्यावर अत्याचार करुन, निर्घृण हत्या केली.
/root/f5-tts-marathi/datasets/syspin_marathi_female/extracted/IISc_SYSPIN_Data/IISc_SYSPINProject_Marathi_Female_Spk001_HC/wav/IISc_SYSPINProject_mr_f_EDUC_01009.wav|त्यानंतर आईवडील त्याला विविध अवयव दाखवून विशिष्ट शब्दोच्चारण करत, त्याला ज्ञान देण्याचा किंवा शिकवण्याचा प्रयत्न करतात.
/root/f5-tts-marathi/datasets/syspin_marathi_female/extracted/IISc_SYSPIN_Data/IISc_SYSPINProject_Marathi_Female_Spk001_HC/wav/IISc_SYSPINProject_mr_f_WEAT_00535.wav|अजित पवार यांच्या डोळ्यात आलेले अश्रू पाहून मला मगरीचे अश्रू आठवले, असं म्हणतानाच त्यांच्यावर ही परिस्थिती त्यांच्या कर्मानेच आल्याचे उध्दव ठाकरे म्हणाले.
